0,-1,11,0,0
0,-1,11,0,0
0,-1,11,0,0
0,-1,11,0,0
0,-1,11,0,0
0,-1,11,0,0
0,-1,11,0,0
0,-1,12,0,0
0,-1,11,0,0
0,-1,11,0,0
0,-1,11,0,0
0,-1,11,0,0
0,-1,0,0,0
0,-1,11,0,0
0,-1,12,0,0
0,-1,12,0,0
0,-1,12,0,0
0,-1,12,0,0
0,-1,12,0,0
0,-1,12,0,0
0,-1,11,0,0
0,-1,0,0,0
0,-1,13,0,0
0,-1,13,0,0
0,-1,15,0,0
0,-1,16,0,4
0,-1,17,0,4
0,-1,17,0,4
0,-1,22,0,6
0,-1,19,0,6
0,-1,0,0,6
0,-1,18,0,6
0,-1,9,0,6
0,-1,9,0,6
0,-1,32,0,6
0,-1,32,0,6
0,-1,33,0,21
0,-1,34,0,21
0,-1,34,0,21
0,-1,30,0,12
0,-1,30,0,12
0,-1,6,23,12
0,-1,6,23,12
0,-1,31,45,8
0,-1,32,95,8
0,-1,1,95,8
0,-1,33,73,8
0,-1,33,55,8
0,-1,32,38,7
0,-1,33,30,7
0,-1,3,30,7
0,-1,32,13,7
0,-1,32,13,7
0,-1,32,13,7
0,-1,31,0,7
0,-1,3,0,7
0,-1,3,0,7
0,-1,33,0,8
0,-1,32,0,8
0,-1,0,0,8
0,-1,34,0,6
0,-1,35,0,6
0,-1,35,0,6
0,-1,40,0,3
0,-1,41,0,3
0,-1,0,0,3
0,-1,0,0,3
0,-1,37,0,3
0,-1,37,0,3
0,-1,36,0,3
0,-1,37,0,3
0,-1,37,0,3
0,-1,36,0,2
0,-1,38,0,2
0,-1,7,0,2
0,-1,36,0,3
0,-1,36,0,3
0,-1,36,0,3
0,-1,33,0,9
0,-1,32,0,9
0,-1,0,0,9
0,-1,35,0,12
0,-1,34,0,12
0,-1,34,0,12
0,-1,39,0,9
0,-1,38,0,9
0,-1,38,0,9
0,-1,36,0,6
0,-1,35,0,6
0,-1,0,0,6
0,-1,32,0,5
0,-1,33,0,5
0,-1,33,0,5
0,-1,30,0,7
0,-1,32,0,7
0,-1,32,0,7
0,-1,32,0,6
0,-1,30,0,6
0,-1,0,0,6
0,-1,35,0,4
0,-1,34,0,4
0,-1,34,0,4
0,-1,38,0,2
0,-1,35,0,3
0,-1,35,0,3
1,1.0,35,0,3
0,-1,36,0,3
0,-1,0,0,3
0,-1,37,0,6
0,-1,37,0,6
0,-1,8,0,6
0,-1,8,0,6
0,-1,36,0,12
0,-1,39,0,12
0,-1,39,0,12
0,-1,42,0,23
0,-1,52,0,23
0,-1,81,0,114
0,-1,112,0,144
0,-1,135,0,144
0,-1,4,0,144
0,-1,4,0,144
0,-1,170,0,144
0,-1,10,0,144
0,-1,10,0,144
0,-1,174,3,144
0,-1,2,0,144
0,-1,2,0,144
0,-1,91,0,165
0,-1,84,0,165
0,-1,3,0,165
0,-1,3,0,165
0,-1,61,0,71
0,-1,61,0,71
0,-1,0,0,71
0,-1,58,0,50
0,-1,57,0,50
0,-1,57,0,50
0,-1,57,0,50
0,-1,48,0,50
0,-1,48,0,50
0,-1,61,0,21
0,-1,58,0,21
0,-1,0,0,21
0,-1,56,0,21
0,-1,1,0,21
0,-1,1,0,21
0,-1,47,0,8
0,-1,41,0,8
0,-1,41,0,8
0,-1,38,0,7
0,-1,39,0,7
0,-1,39,0,7
0,-1,0,0,7
0,-1,39,0,7
0,-1,1,0,7
0,-1,40,0,6
0,-1,38,0,6
0,-1,38,0,6
0,-1,35,0,5
0,-1,38,0,5
0,-1,38,0,5
0,-1,37,0,8
0,-1,40,0,8
0,-1,8,0,8
0,-1,40,0,4
0,-1,37,0,3
0,-1,36,0,3
0,-1,36,0,3
0,-1,36,0,4
0,-1,32,0,3
0,-1,32,0,3
0,-1,0,0,3
0,-1,39,0,4
0,-1,39,0,4
0,-1,42,0,5
0,-1,44,0,4
1,1.0,44,0,4
0,-1,44,0,4
0,-1,40,0,5
0,-1,38,0,5
0,-1,38,0,5
0,-1,51,0,52
0,-1,78,0,52
0,-1,7,0,52
0,-1,7,0,52
0,-1,149,0,52
0,-1,78,0,52
0,-1,78,0,52
0,-1,186,0,229
0,-1,185,0,229
0,-1,185,0,229
0,-1,127,0,229
0,-1,10,0,229
0,-1,10,0,229
0,-1,74,0,49
0,-1,66,0,49
0,-1,66,0,49
0,-1,62,0,30
0,-1,68,0,30
0,-1,0,0,30
0,-1,56,0,21
0,-1,54,0,21
0,-1,0,0,21
0,-1,49,0,12
0,-1,47,0,12
0,-1,47,0,12
0,-1,40,0,10
0,-1,37,0,10
0,-1,37,0,10
0,-1,43,0,11
0,-1,40,0,11
0,-1,8,0,11
0,-1,35,0,7
0,-1,36,0,7
0,-1,36,0,7
0,-1,36,0,6
0,-1,38,0,6
0,-1,0,0,6
0,-1,38,0,6
0,-1,7,0,6
0,-1,7,0,6
0,-1,38,0,6
0,-1,38,0,6
0,-1,38,0,6
0,-1,41,0,6
0,-1,41,0,6
0,-1,40,0,7
0,-1,41,0,7
0,-1,9,0,7
0,-1,36,0,5
0,-1,37,0,5
0,-1,37,0,5
0,-1,33,0,3
0,-1,34,0,3
0,-1,0,0,3
0,-1,34,0,5
0,-1,32,0,5
0,-1,2,0,5
0,-1,2,0,5
1,1.0,33,0,4
0,-1,33,0,4
0,-1,33,0,4
0,-1,34,0,2
0,-1,34,0,2
0,-1,0,0,2
0,-1,91,0,67
0,-1,105,0,67
0,-1,28,0,67
0,-1,28,0,67
0,-1,184,8,244
0,-1,185,10,244
0,-1,185,10,244
0,-1,196,9,244
0,-1,6,8,244
0,-1,6,8,244
0,-1,107,0,113
0,-1,95,0,113
0,-1,74,0,60
0,-1,70,0,60
0,-1,70,0,60
0,-1,58,0,27
0,-1,60,0,27
0,-1,6,0,27
0,-1,6,0,27
0,-1,58,0,15
0,-1,52,0,15
0,-1,52,0,15
0,-1,49,0,9
0,-1,47,0,9
0,-1,0,8,9
0,-1,44,0,9
0,-1,48,0,9
0,-1,9,0,9
0,-1,45,0,6
0,-1,43,0,6
0,-1,45,0,6
0,-1,42,0,5
0,-1,43,0,5
0,-1,43,0,5
0,-1,41,0,6
0,-1,43,0,6
0,-1,5,0,6
0,-1,48,0,4
0,-1,42,0,4
0,-1,42,0,4
0,-1,42,0,4
0,-1,41,0,3
0,-1,42,0,3
0,-1,0,0,3
0,-1,41,0,3
0,-1,42,0,3
0,-1,42,0,3
0,-1,41,0,2
0,-1,41,0,2
0,-1,41,0,2
0,-1,42,0,1
1,1.0,44,0,1
0,-1,0,0,1
0,-1,46,0,4
0,-1,51,0,4
0,-1,51,0,4
0,-1,51,0,4
0,-1,116,0,4
0,-1,0,0,4
0,-1,148,0,242
0,-1,198,1,242
0,-1,7,0,242
0,-1,7,0,242
0,-1,198,2,242
0,-1,65,2,242
0,-1,65,2,242
0,-1,103,0,242
0,-1,0,0,242
0,-1,65,0,76
0,-1,63,0,76
0,-1,8,0,76
0,-1,8,0,76
0,-1,73,0,31
0,-1,67,0,31
0,-1,67,0,31
0,-1,79,0,31
0,-1,79,0,31
0,-1,69,0,13
0,-1,63,0,13
0,-1,6,0,13
0,-1,6,0,13
0,-1,58,0,13
0,-1,58,0,13
0,-1,60,0,7
0,-1,64,0,7
0,-1,64,0,7
0,-1,65,0,6
0,-1,64,0,6
0,-1,4,0,6
0,-1,64,0,5
0,-1,68,0,5
0,-1,68,0,5
0,-1,49,0,6
0,-1,50,0,6
0,-1,0,0,6
0,-1,50,0,5
0,-1,50,0,5
0,-1,50,0,5
0,-1,50,0,4
0,-1,48,0,4
0,-1,48,0,4
0,-1,47,0,5
0,-1,46,0,5
0,-1,0,0,5
0,-1,47,0,6
0,-1,45,0,6
0,-1,45,0,6
0,-1,45,0,6
0,-1,45,0,6
1,1.0,45,0,6
0,-1,48,0,8
0,-1,55,0,8
0,-1,0,0,8
0,-1,91,0,74
0,-1,112,0,74
0,-1,8,0,74
0,-1,8,0,74
0,-1,159,0,209
0,-1,168,0,209
0,-1,6,0,209
0,-1,6,0,209
0,-1,148,3,209
0,-1,9,1,209
0,-1,9,1,209
0,-1,83,0,209
0,-1,0,0,209
0,-1,0,0,209
0,-1,65,0,41
0,-1,58,0,41
0,-1,58,0,41
0,-1,49,0,41
0,-1,49,0,41
0,-1,49,0,41
0,-1,50,0,14
0,-1,47,0,14
0,-1,47,0,14
0,-1,49,0,8
0,-1,49,0,8
0,-1,49,0,8
0,-1,54,0,5
0,-1,54,0,5
0,-1,54,0,5
0,-1,51,0,4
0,-1,48,0,4
0,-1,48,0,4
0,-1,50,0,6
0,-1,47,0,6
0,-1,47,0,6
0,-1,42,0,6
0,-1,42,0,6
0,-1,0,0,6
0,-1,36,0,6
0,-1,7,0,6
0,-1,7,0,6
0,-1,41,0,3
0,-1,43,0,3
0,-1,0,0,3
0,-1,39,0,4
0,-1,41,0,4
0,-1,41,0,4
0,-1,44,0,3
0,-1,44,0,3
0,-1,6,0,3
0,-1,42,0,4
0,-1,42,0,4
1,1.0,42,0,4
0,-1,50,0,22
0,-1,58,0,22
0,-1,58,0,22
0,-1,90,0,86
0,-1,116,0,86
0,-1,49,0,86
0,-1,49,0,86
0,-1,196,1,346
0,-1,202,10,346
0,-1,202,10,346
0,-1,209,10,346
0,-1,83,10,346
0,-1,83,10,346
0,-1,115,1,195
0,-1,100,1,195
0,-1,100,1,195
0,-1,74,0,84
0,-1,68,0,84
0,-1,68,0,84
0,-1,56,0,54
0,-1,66,0,54
0,-1,66,0,54
0,-1,55,0,30
0,-1,54,0,30
0,-1,0,0,30
0,-1,48,0,20
0,-1,47,0,20
0,-1,47,0,20
0,-1,47,0,14
0,-1,43,0,14
0,-1,4,0,14
0,-1,46,0,8
0,-1,43,0,8
0,-1,0,0,8
0,-1,46,0,6
0,-1,45,0,6
0,-1,45,0,6
0,-1,40,0,5
0,-1,44,0,5
0,-1,5,0,5
0,-1,46,0,5
0,-1,43,0,5
0,-1,43,0,5
0,-1,40,0,4
0,-1,38,0,4
0,-1,38,0,4
0,-1,37,0,3
0,-1,39,0,3
0,-1,39,0,3
0,-1,47,0,3
0,-1,44,0,3
0,-1,44,0,3
0,-1,42,0,2
0,-1,41,0,2
0,-1,0,0,2
1,1.0,40,0,2
0,-1,1,0,2
0,-1,1,0,2
0,-1,39,0,13
0,-1,50,0,13
0,-1,59,0,13
0,-1,88,0,65
0,-1,114,0,65
0,-1,114,0,65
0,-1,114,0,65
0,-1,206,1,65
0,-1,9,5,65
0,-1,9,5,65
0,-1,210,11,65
0,-1,210,11,65
0,-1,210,11,65
0,-1,144,6,65
0,-1,20,3,65
0,-1,20,3,65
0,-1,82,0,61
0,-1,76,0,61
0,-1,76,0,61
0,-1,68,0,61
0,-1,68,0,61
0,-1,58,0,18
0,-1,56,0,18
0,-1,0,0,18
0,-1,0,0,18
0,-1,55,0,13
0,-1,54,0,13
0,-1,54,0,13
0,-1,51,0,9
0,-1,49,0,9
0,-1,49,0,9
0,-1,49,0,9
0,-1,48,0,9
0,-1,7,0,9
0,-1,7,0,9
0,-1,44,0,9
0,-1,0,0,9
0,-1,47,0,7
0,-1,51,0,7
0,-1,51,0,7
0,-1,46,0,3
0,-1,44,0,3
0,-1,44,0,3
0,-1,40,0,2
0,-1,41,0,2
0,-1,41,0,2
0,-1,43,0,3
0,-1,40,0,3
0,-1,43,0,3
0,-1,42,0,4
0,-1,40,0,4
0,-1,40,0,4
0,-1,44,0,4
1,1.0,43,0,4
0,-1,43,0,4
0,-1,80,0,40
0,-1,95,0,40
0,-1,9,0,40
0,-1,9,0,40
0,-1,151,0,40
0,-1,57,0,40
0,-1,57,0,40
0,-1,161,0,40
0,-1,161,0,40
0,-1,161,0,40
0,-1,131,0,40
0,-1,13,0,40
0,-1,13,0,40
0,-1,73,0,67
0,-1,67,0,67
0,-1,67,0,67
0,-1,51,0,67
0,-1,51,0,67
0,-1,57,0,24
0,-1,56,0,24
0,-1,2,0,24
0,-1,2,0,24
0,-1,73,0,24
0,-1,0,0,24
0,-1,62,0,9
0,-1,56,0,9
0,-1,56,0,9
0,-1,56,0,9
0,-1,55,0,15
0,-1,53,0,15
0,-1,53,0,15
0,-1,46,0,10
0,-1,50,0,10
0,-1,46,0,7
0,-1,40,0,7
0,-1,40,0,7
0,-1,40,0,7
0,-1,41,0,7
0,-1,41,0,7
0,-1,41,0,7
0,-1,35,0,7
0,-1,0,0,7
0,-1,42,0,5
0,-1,42,0,5
0,-1,45,0,4
0,-1,41,0,4
0,-1,43,0,4
0,-1,43,0,4
0,-1,41,0,2
0,-1,41,0,2
1,1.0,39,0,3
0,-1,38,0,3
0,-1,38,0,3
0,-1,45,0,4
0,-1,46,0,13
0,-1,80,0,13
0,-1,80,0,13
0,-1,158,0,75
0,-1,175,0,75
0,-1,175,0,75
0,-1,189,6,246
0,-1,171,5,246
0,-1,171,5,246
0,-1,131,3,162
0,-1,112,2,162
0,-1,112,2,162
0,-1,75,0,70
0,-1,69,0,70
0,-1,69,0,70
0,-1,52,0,33
0,-1,47,0,33
0,-1,7,0,33
0,-1,46,0,22
0,-1,45,0,22
0,-1,0,0,22
0,-1,50,0,12
0,-1,48,0,12
0,-1,48,0,12
0,-1,48,0,9
0,-1,47,0,9
0,-1,47,0,9
0,-1,44,0,7
0,-1,43,0,7
0,-1,0,5,7
0,-1,47,0,4
0,-1,48,0,4
0,-1,48,0,4
0,-1,46,0,5
0,-1,47,0,5
0,-1,47,0,5
0,-1,49,0,3
0,-1,48,0,3
0,-1,0,0,3
0,-1,45,0,3
0,-1,42,0,3
0,-1,44,0,3
0,-1,39,0,5
0,-1,40,0,5
0,-1,40,0,5
0,-1,41,0,2
0,-1,42,0,2
0,-1,44,0,2
1,1.0,43,0,2
0,-1,1,0,2
0,-1,40,0,2
0,-1,48,0,7
0,-1,85,0,7
0,-1,85,0,7
0,-1,97,0,105
0,-1,125,0,105
0,-1,125,0,105
0,-1,125,0,105
0,-1,30,0,105
0,-1,33,0,105
0,-1,140,0,187
0,-1,126,0,187
0,-1,0,0,187
0,-1,90,0,121
0,-1,80,0,121
0,-1,80,0,121
0,-1,63,0,54
0,-1,65,0,54
0,-1,2,0,54
0,-1,2,0,54
0,-1,58,0,54
0,-1,0,0,54
0,-1,50,0,14
0,-1,52,0,14
0,-1,52,0,14
0,-1,52,0,14
0,-1,50,0,9
0,-1,49,0,9
0,-1,47,0,7
0,-1,50,0,7
0,-1,0,0,7
0,-1,52,0,6
0,-1,53,0,6
0,-1,53,0,6
0,-1,51,0,4
0,-1,51,0,4
0,-1,51,0,4
0,-1,45,0,3
0,-1,43,0,3
0,-1,0,0,3
0,-1,40,0,3
0,-1,40,0,3
0,-1,41,0,4
0,-1,44,0,4
0,-1,47,0,4
0,-1,47,0,4
0,-1,40,0,4
0,-1,0,0,4
0,-1,50,0,4
1,1.0,46,0,4
0,-1,46,0,4
0,-1,55,0,23
0,-1,88,0,23
0,-1,7,0,23
0,-1,142,0,176
0,-1,167,0,176
0,-1,167,0,176
0,-1,167,0,176
0,-1,181,0,176
0,-1,70,0,176
0,-1,70,0,176
0,-1,124,0,229
0,-1,108,0,229
0,-1,83,0,130
0,-1,74,0,130
0,-1,0,0,130
0,-1,0,0,130
0,-1,51,0,46
0,-1,51,0,46
0,-1,51,0,46
0,-1,46,0,37
0,-1,43,0,37
0,-1,0,0,37
0,-1,40,0,20
0,-1,45,0,20
0,-1,45,0,20
0,-1,51,0,14
0,-1,50,0,14
0,-1,50,0,14
0,-1,45,0,13
0,-1,46,0,13
0,-1,0,0,13
0,-1,47,0,13
0,-1,7,0,13
0,-1,7,0,13
0,-1,47,0,7
0,-1,47,0,7
0,-1,47,0,7
0,-1,42,0,7
0,-1,42,0,7
0,-1,43,0,4
0,-1,41,0,4
0,-1,9,0,4
0,-1,45,0,4
0,-1,43,0,4
0,-1,43,0,4
0,-1,47,0,5
0,-1,44,0,5
0,-1,0,0,5
0,-1,43,0,5
1,1.0,44,0,5
0,-1,1,0,5
0,-1,1,0,5
0,-1,65,0,83
0,-1,78,0,83
0,-1,126,0,83
0,-1,102,0,154
0,-1,122,0,154
0,-1,9,0,154
0,-1,9,0,154
0,-1,141,0,154
0,-1,35,0,154
0,-1,35,0,154
0,-1,144,1,292
0,-1,127,0,292
0,-1,127,0,292
0,-1,127,0,292
0,-1,80,0,292
0,-1,4,0,292
0,-1,73,0,60
0,-1,77,0,60
0,-1,77,0,60
0,-1,62,0,31
0,-1,62,0,31
0,-1,62,0,31
0,-1,77,0,20
0,-1,75,0,20
0,-1,75,0,20
0,-1,66,0,10
0,-1,63,0,10
0,-1,0,0,10
0,-1,56,0,10
0,-1,7,0,10
0,-1,58,0,4
0,-1,57,0,7
0,-1,56,0,7
0,-1,56,0,7
0,-1,55,0,10
0,-1,74,0,10
0,-1,74,0,10
0,-1,62,0,10
0,-1,62,0,10
0,-1,60,0,5
0,-1,55,0,5
0,-1,51,0,5
0,-1,51,0,5
0,-1,48,0,5
0,-1,0,0,5
0,-1,45,0,10
0,-1,50,0,10
0,-1,50,0,10
0,-1,48,0,6
0,-1,46,0,6
0,-1,46,0,6
1,1.0,48,0,9
0,-1,48,0,9
0,-1,0,0,9
0,-1,57,0,11
0,-1,68,0,11
0,-1,68,0,11
0,-1,68,0,11
0,-1,160,0,130
0,-1,161,0,130
0,-1,161,0,130
0,-1,194,0,217
0,-1,208,0,217
0,-1,208,0,217
0,-1,175,0,217
0,-1,47,0,217
0,-1,47,0,217
0,-1,96,0,98
0,-1,81,0,98
0,-1,67,0,52
0,-1,61,0,52
0,-1,61,0,52
0,-1,61,0,52
0,-1,57,0,23
0,-1,57,0,23
0,-1,57,0,23
0,-1,59,0,23
0,-1,0,0,23
0,-1,52,0,8
0,-1,54,0,8
0,-1,2,0,8
0,-1,2,0,8
0,-1,55,0,8
0,-1,55,0,8
0,-1,50,0,6
0,-1,56,0,6
0,-1,0,0,6
0,-1,51,0,5
0,-1,50,0,5
0,-1,50,0,5
0,-1,51,0,3
0,-1,51,0,3
0,-1,51,0,3
0,-1,52,0,3
0,-1,51,0,3
0,-1,0,0,3
0,-1,48,0,3
0,-1,48,0,3
0,-1,46,0,3
0,-1,47,0,2
0,-1,52,0,2
0,-1,52,0,2
0,-1,42,0,2
0,-1,45,0,2
0,-1,49,0,3
0,-1,47,0,3
0,-1,3,0,3
0,-1,44,0,1
1,1.0,46,0,2
0,-1,44,0,2
0,-1,44,0,2
0,-1,62,0,15
0,-1,73,0,15
0,-1,73,0,15
0,-1,122,0,102
0,-1,117,0,102
0,-1,7,0,102
0,-1,7,0,102
0,-1,212,0,273
0,-1,220,0,273
0,-1,221,0,288
0,-1,236,0,288
0,-1,4,0,288
0,-1,4,0,288
0,-1,143,0,288
0,-1,22,0,288
0,-1,22,0,288
0,-1,80,0,288
0,-1,0,0,288
0,-1,0,0,288
0,-1,59,0,288
0,-1,1,0,288
0,-1,1,0,288
0,-1,53,0,25
0,-1,53,0,25
0,-1,53,0,25
0,-1,57,0,23
0,-1,56,0,23
0,-1,0,0,23
0,-1,56,0,14
0,-1,54,0,14
0,-1,54,0,14
0,-1,47,0,7
0,-1,49,0,7
0,-1,49,0,7
0,-1,47,0,8
0,-1,54,0,8
0,-1,54,0,5
0,-1,55,0,5
0,-1,3,0,5
0,-1,48,0,4
0,-1,53,0,6
0,-1,46,0,6
0,-1,46,0,6
0,-1,47,0,6
0,-1,0,0,6
0,-1,45,0,2
0,-1,43,0,2
0,-1,43,0,2
0,-1,46,0,2
0,-1,50,0,2
1,1.0,50,0,2
0,-1,41,0,2
0,-1,44,0,2
0,-1,0,0,2
0,-1,61,0,28
0,-1,70,0,28
0,-1,70,0,28
0,-1,70,0,28
0,-1,118,0,28
0,-1,0,0,28
0,-1,149,0,223
0,-1,166,0,223
0,-1,6,0,223
0,-1,6,0,223
0,-1,117,0,176
0,-1,101,0,176
0,-1,78,0,93
0,-1,71,0,93
0,-1,0,0,93
0,-1,59,0,41
0,-1,63,0,41
0,-1,63,0,41
0,-1,63,0,41
0,-1,54,0,18
0,-1,53,0,18
0,-1,53,0,18
0,-1,59,0,18
0,-1,0,0,18
0,-1,58,0,14
0,-1,61,0,14
0,-1,4,0,14
0,-1,4,0,14
0,-1,61,0,14
0,-1,61,0,14
0,-1,63,0,7
0,-1,58,0,7
0,-1,0,0,7
0,-1,55,0,7
0,-1,4,0,7
0,-1,4,0,7
0,-1,49,0,5
0,-1,53,0,5
0,-1,53,0,5
0,-1,52,0,3
0,-1,51,0,3
0,-1,51,0,3
0,-1,45,0,3
0,-1,47,0,3
0,-1,3,0,3
0,-1,49,0,2
0,-1,50,0,2
0,-1,50,0,2
0,-1,49,0,6
0,-1,51,0,6
0,-1,0,0,6
1,1.0,62,0,34
0,-1,74,0,34
0,-1,1,0,34
0,-1,1,0,34
0,-1,131,0,126
0,-1,131,0,126
0,-1,0,0,126
0,-1,0,0,126
0,-1,127,0,126
0,-1,6,0,126
0,-1,6,0,126
0,-1,130,0,242
0,-1,115,0,242
0,-1,0,0,242
0,-1,81,0,118
0,-1,77,0,118
0,-1,0,0,118
0,-1,75,0,52
0,-1,79,0,52
0,-1,9,0,52
0,-1,9,0,52
0,-1,62,0,52
0,-1,62,0,52
0,-1,62,0,52
0,-1,54,0,15
0,-1,62,0,15
0,-1,63,0,15
0,-1,64,0,15
0,-1,5,0,15
0,-1,5,0,15
0,-1,53,0,10
0,-1,58,0,10
0,-1,58,0,10
0,-1,58,0,10
0,-1,58,0,10
0,-1,58,0,10
0,-1,58,0,7
0,-1,53,0,7
0,-1,53,0,7
0,-1,53,0,4
0,-1,53,0,4
0,-1,53,0,4
0,-1,49,0,4
0,-1,49,0,4
0,-1,41,0,3
0,-1,43,0,3
0,-1,5,0,3
0,-1,5,0,3
0,-1,46,0,3
0,-1,50,0,3
0,-1,49,0,3
1,1.0,48,0,3
0,-1,48,0,3
0,-1,51,0,36
0,-1,53,0,36
0,-1,2,0,36
0,-1,2,0,36
0,-1,126,0,144
0,-1,140,0,144
0,-1,140,0,144
0,-1,0,0,144
0,-1,0,0,144
0,-1,204,0,144
0,-1,93,0,144
0,-1,93,0,144
0,-1,170,0,207
0,-1,142,0,207
0,-1,0,0,207
0,-1,0,0,207
0,-1,86,0,207
0,-1,86,0,207
0,-1,65,0,47
0,-1,58,0,39
0,-1,54,0,39
0,-1,54,0,39
0,-1,58,0,23
0,-1,60,0,23
0,-1,60,0,23
0,-1,55,0,14
0,-1,46,0,14
0,-1,46,0,14
0,-1,44,0,13
0,-1,47,0,13
0,-1,47,0,13
0,-1,46,0,8
0,-1,44,0,8
0,-1,0,0,8
0,-1,52,0,6
0,-1,58,0,6
0,-1,58,0,6
0,-1,52,0,6
0,-1,58,0,6
0,-1,9,0,6
0,-1,53,0,5
0,-1,55,0,5
0,-1,56,0,5
0,-1,48,0,3
0,-1,50,0,3
0,-1,0,0,3
0,-1,46,0,6
0,-1,43,0,6
0,-1,4,0,6
0,-1,46,0,5
0,-1,47,0,5
0,-1,48,0,5
1,1.0,48,0,5
0,-1,49,0,5
0,-1,0,0,5
0,-1,45,0,9
0,-1,54,0,9
0,-1,54,0,9
0,-1,54,0,9
0,-1,110,0,84
0,-1,145,0,84
0,-1,145,0,84
0,-1,194,0,190
0,-1,182,0,190
0,-1,182,0,190
0,-1,182,0,190
0,-1,135,0,190
0,-1,25,0,190
0,-1,25,0,190
0,-1,100,0,61
0,-1,96,0,61
0,-1,96,0,61
0,-1,70,0,61
0,-1,70,0,61
0,-1,70,0,61
0,-1,63,0,18
0,-1,61,0,18
0,-1,61,0,18
0,-1,59,0,10
0,-1,62,0,10
0,-1,57,0,10
0,-1,65,0,10
0,-1,65,0,10
0,-1,59,0,5
0,-1,57,0,5
0,-1,5,0,5
0,-1,5,0,5
0,-1,58,0,5
0,-1,0,0,5
0,-1,53,0,3
0,-1,53,0,3
0,-1,53,0,3
0,-1,52,0,3
0,-1,49,0,3
0,-1,6,0,3
0,-1,6,0,3
0,-1,42,0,3
0,-1,42,0,3
0,-1,39,0,2
0,-1,41,0,2
0,-1,41,0,2
0,-1,42,0,6
1,1.0,39,0,6
0,-1,9,0,6
0,-1,9,0,6
0,-1,64,0,81
0,-1,118,0,81
0,-1,0,0,81
0,-1,140,0,179
0,-1,154,0,179
0,-1,3,0,179
0,-1,3,0,179
0,-1,180,0,179
0,-1,0,0,179
0,-1,120,0,132
0,-1,105,0,132
0,-1,0,0,132
0,-1,71,0,132
0,-1,9,0,132
0,-1,6,0,132
0,-1,60,0,30
0,-1,58,0,30
0,-1,58,0,30
0,-1,55,0,19
0,-1,53,0,19
0,-1,53,0,19
0,-1,51,0,11
0,-1,49,0,11
0,-1,7,0,11
0,-1,7,0,11
0,-1,45,0,11
0,-1,45,0,11
0,-1,44,0,7
0,-1,45,0,7
0,-1,45,0,7
0,-1,44,0,5
0,-1,45,0,5
0,-1,5,0,5
0,-1,44,0,3
0,-1,47,0,3
0,-1,47,0,3
0,-1,45,0,5
0,-1,45,0,5
0,-1,0,0,5
0,-1,45,0,5
0,-1,4,0,5
0,-1,4,0,5
0,-1,45,0,4
0,-1,44,0,4
0,-1,44,0,4
1,1.0,48,0,11
0,-1,57,0,11
0,-1,0,0,11
0,-1,82,0,70
0,-1,114,0,70
0,-1,114,0,70
0,-1,171,0,196
0,-1,165,0,235
0,-1,193,0,235
0,-1,1,0,235
0,-1,1,0,235
0,-1,208,0,235
0,-1,2,0,235
0,-1,2,0,235
0,-1,123,0,187
0,-1,109,0,187
0,-1,109,0,187
0,-1,74,0,83
0,-1,65,0,83
0,-1,62,0,47
0,-1,65,0,47
0,-1,0,0,47
0,-1,0,0,47
0,-1,56,0,23
0,-1,57,0,23
0,-1,58,0,16
0,-1,61,0,16
0,-1,61,0,16
0,-1,63,0,13
0,-1,62,0,13
0,-1,8,0,13
0,-1,8,0,13
0,-1,54,0,13
0,-1,0,0,13
0,-1,53,0,5
0,-1,57,0,5
0,-1,57,0,5
0,-1,66,0,2
0,-1,62,0,2
0,-1,62,0,2
0,-1,53,0,2
0,-1,55,0,2
0,-1,55,0,2
0,-1,47,0,3
0,-1,45,0,3
0,-1,49,0,2
0,-1,49,0,2
0,-1,4,0,2
0,-1,4,0,2
0,-1,55,0,4
0,-1,51,0,4
1,1.0,51,0,4
0,-1,58,0,4
0,-1,57,0,4
0,-1,0,0,4
0,-1,50,0,2
0,-1,46,0,2
0,-1,47,0,5
0,-1,65,0,17
0,-1,103,0,17
0,-1,0,0,17
0,-1,172,0,123
0,-1,178,0,123
0,-1,178,0,123
0,-1,178,0,123
0,-1,149,0,123
0,-1,32,0,123
0,-1,119,0,125
0,-1,107,0,125
0,-1,0,0,125
0,-1,71,0,57
0,-1,64,0,57
0,-1,5,0,57
0,-1,5,0,57
0,-1,54,0,57
0,-1,54,0,57
0,-1,55,0,16
0,-1,53,0,16
0,-1,0,0,16
0,-1,60,0,16
0,-1,5,0,16
0,-1,5,0,16
0,-1,55,0,6
0,-1,56,0,6
0,-1,56,0,6
0,-1,53,0,6
0,-1,53,0,6
0,-1,53,0,4
0,-1,52,0,4
0,-1,0,0,4
0,-1,3,0,4
0,-1,53,0,4
0,-1,56,0,4
0,-1,56,0,4
0,-1,58,0,4
0,-1,53,0,4
0,-1,53,0,4
0,-1,46,0,4
0,-1,7,0,4
1,1.0,7,0,4
0,-1,44,0,3
0,-1,43,0,3
0,-1,43,0,3
0,-1,43,0,15
0,-1,52,0,15
0,-1,70,0,51
0,-1,96,0,51
0,-1,37,0,51
0,-1,37,0,51
0,-1,190,0,190
0,-1,201,0,190
0,-1,201,0,190
0,-1,201,0,190
0,-1,81,0,190
0,-1,81,0,190
0,-1,143,0,157
0,-1,123,0,157
0,-1,0,0,157
0,-1,82,0,67
0,-1,73,0,67
0,-1,73,0,67
0,-1,64,0,30
0,-1,61,0,30
0,-1,61,0,30
0,-1,60,0,15
0,-1,63,0,15
0,-1,0,0,15
0,-1,62,0,15
0,-1,5,0,15
0,-1,56,0,6
0,-1,53,0,6
0,-1,50,0,6
0,-1,50,0,6
0,-1,52,0,6
0,-1,0,0,6
0,-1,48,0,4
0,-1,51,0,4
0,-1,51,0,4
0,-1,54,0,6
0,-1,51,0,6
0,-1,51,0,6
0,-1,46,0,3
0,-1,46,0,3
0,-1,0,0,3
0,-1,48,0,3
0,-1,1,0,3
0,-1,65,0,2
0,-1,62,0,2
0,-1,62,0,2
1,1.0,62,0,2
0,-1,82,0,18
0,-1,108,0,18
0,-1,108,0,18
0,-1,138,0,98
0,-1,163,0,98
0,-1,5,0,98
0,-1,5,0,98
0,-1,191,0,98
0,-1,0,0,98
0,-1,0,0,98
0,-1,156,0,98
0,-1,3,0,98
0,-1,3,0,98
0,-1,85,0,98
0,-1,85,0,98
0,-1,63,0,34
0,-1,63,0,34
0,-1,0,0,34
0,-1,63,0,20
0,-1,58,0,20
0,-1,9,0,20
0,-1,9,0,20
0,-1,59,0,11
0,-1,53,0,11
0,-1,59,0,9
0,-1,55,0,9
0,-1,0,0,9
0,-1,54,0,6
0,-1,51,0,6
0,-1,51,0,6
0,-1,56,0,4
0,-1,57,0,4
0,-1,57,0,4
0,-1,46,0,2
0,-1,48,0,2
0,-1,0,0,2
0,-1,45,0,2
0,-1,46,0,2
0,-1,44,0,2
0,-1,51,0,2
0,-1,49,0,2
0,-1,49,0,2
0,-1,48,0,4
0,-1,47,0,4
0,-1,46,0,2
0,-1,45,0,2
0,-1,3,0,2
0,-1,40,0,2
0,-1,48,0,3
0,-1,46,0,3
0,-1,45,0,10
1,1.0,57,0,10
0,-1,0,0,10
0,-1,130,0,95
0,-1,152,0,95
0,-1,45,0,95
0,-1,45,0,95
0,-1,172,0,95
0,-1,172,0,95
0,-1,172,0,95
0,-1,166,0,95
0,-1,3,0,95
0,-1,3,0,95
0,-1,99,0,95
0,-1,99,0,95
0,-1,99,0,95
0,-1,68,0,95
0,-1,68,0,95
0,-1,59,0,26
0,-1,61,0,26
0,-1,61,0,26
0,-1,50,0,16
0,-1,55,0,16
0,-1,55,0,16
0,-1,60,0,16
0,-1,60,0,16
0,-1,60,0,16
0,-1,52,0,8
0,-1,51,0,8
0,-1,51,0,8
0,-1,42,0,8
0,-1,0,0,8
0,-1,41,0,6
0,-1,43,0,6
0,-1,43,0,6
0,-1,45,0,8
0,-1,48,0,8
0,-1,48,0,8
0,-1,43,0,4
0,-1,47,0,4
0,-1,0,0,4
0,-1,49,0,4
0,-1,1,0,4
0,-1,50,0,2
0,-1,49,0,2
0,-1,49,0,2
0,-1,49,0,2
0,-1,54,0,1
0,-1,50,0,1
0,-1,49,0,0
0,-1,49,0,0
1,1.0,49,0,0
0,-1,55,0,20
0,-1,75,0,55
0,-1,112,0,55
0,-1,112,0,55
0,-1,167,0,151
0,-1,184,0,151
0,-1,184,0,151
0,-1,175,0,196
0,-1,169,0,196
0,-1,169,0,196
0,-1,135,0,161
0,-1,113,0,161
0,-1,113,0,161
0,-1,83,0,72
0,-1,72,0,72
0,-1,72,0,72
0,-1,68,0,31
0,-1,74,0,31
0,-1,5,0,31
0,-1,5,0,31
0,-1,64,0,31
0,-1,0,0,31
0,-1,66,0,12
0,-1,71,0,12
0,-1,71,0,12
0,-1,71,0,12
0,-1,67,0,10
0,-1,69,0,10
0,-1,62,0,6
0,-1,59,0,6
0,-1,0,0,6
0,-1,55,0,3
0,-1,54,0,3
0,-1,56,0,4
0,-1,53,0,3
0,-1,54,0,3
0,-1,54,0,3
0,-1,49,0,2
0,-1,42,0,2
0,-1,41,0,3
0,-1,43,0,3
0,-1,7,0,3
0,-1,43,0,2
1,1.0,41,0,1
0,-1,40,0,1
0,-1,40,0,1
0,-1,44,0,8
0,-1,48,0,8
0,-1,79,0,26
0,-1,120,0,26
0,-1,9,0,26
0,-1,1,0,26
0,-1,234,0,151
0,-1,240,0,151
0,-1,0,0,151
0,-1,221,0,221
0,-1,204,0,221
0,-1,204,0,221
0,-1,144,0,137
0,-1,124,0,137
0,-1,124,0,137
0,-1,91,0,58
0,-1,82,0,58
0,-1,0,0,58
0,-1,67,0,31
0,-1,71,0,31
0,-1,71,0,31
0,-1,60,0,19
0,-1,57,0,19
0,-1,57,0,19
0,-1,54,0,11
0,-1,53,0,11
0,-1,0,0,11
0,-1,0,0,11
0,-1,58,0,11
0,-1,8,0,11
0,-1,50,0,7
0,-1,53,0,10
0,-1,54,0,10
0,-1,57,0,7
0,-1,53,0,7
0,-1,0,0,7
0,-1,47,0,4
0,-1,45,0,4
0,-1,0,0,4
0,-1,49,0,2
0,-1,47,0,2
0,-1,47,0,2
0,-1,52,0,2
0,-1,50,0,2
0,-1,0,0,2
0,-1,45,0,2
0,-1,4,0,2
0,-1,50,0,5
0,-1,52,0,8
1,1.0,52,0,8
0,-1,52,0,8
0,-1,56,0,90
0,-1,72,0,90
0,-1,72,0,90
0,-1,72,0,90
0,-1,113,0,90
0,-1,14,0,90
0,-1,7,0,90
0,-1,7,0,90
0,-1,162,0,338
0,-1,166,0,338
0,-1,166,0,338
0,-1,166,0,338
0,-1,108,0,338
0,-1,6,0,338
0,-1,6,0,338
0,-1,64,0,338
0,-1,64,0,338
0,-1,58,0,55
0,-1,59,0,55
0,-1,59,0,55
0,-1,58,0,33
0,-1,56,0,33
0,-1,4,0,33
0,-1,3,0,33
0,-1,53,0,20
0,-1,60,0,20
0,-1,60,0,20
0,-1,56,0,15
0,-1,52,0,15
0,-1,52,0,15
0,-1,53,0,8
0,-1,54,0,8
0,-1,54,0,8
0,-1,54,0,7
0,-1,53,0,7
0,-1,53,0,7
0,-1,46,0,6
0,-1,47,0,6
0,-1,47,0,6
0,-1,48,0,3
0,-1,50,0,3
0,-1,50,0,3
0,-1,51,0,2
0,-1,48,0,2
0,-1,48,0,2
0,-1,48,0,2
0,-1,48,0,2
0,-1,49,0,2
0,-1,50,0,2
0,-1,7,0,2
1,1.0,7,0,2
0,-1,86,0,20
0,-1,99,0,20
0,-1,0,0,20
0,-1,180,0,158
0,-1,188,1,158
0,-1,188,1,158
0,-1,188,1,158
0,-1,211,2,158
0,-1,0,2,158
0,-1,177,0,215
0,-1,157,0,215
0,-1,157,0,215
0,-1,157,0,215
0,-1,92,0,215
0,-1,92,0,215
0,-1,75,0,44
0,-1,80,0,44
0,-1,80,0,44
0,-1,80,0,44
0,-1,73,0,44
0,-1,0,0,44
0,-1,0,0,44
0,-1,68,0,25
0,-1,65,0,25
0,-1,60,0,18
0,-1,67,0,18
0,-1,0,0,18
0,-1,73,0,10
0,-1,66,0,10
0,-1,4,0,10
0,-1,64,0,22
0,-1,60,0,22
0,-1,60,0,22
0,-1,61,0,17
0,-1,62,0,17
0,-1,62,0,17
0,-1,58,0,15
0,-1,57,0,15
0,-1,57,0,15
0,-1,49,0,9
0,-1,51,0,9
0,-1,51,0,9
0,-1,56,0,4
0,-1,49,0,4
0,-1,0,0,4
0,-1,43,0,4
1,1.0,4,0,4
0,-1,4,0,4
0,-1,52,0,13
0,-1,66,0,13
0,-1,66,0,13
0,-1,170,0,139
0,-1,168,0,139
0,-1,6,0,139
0,-1,6,0,139
0,-1,209,0,139
0,-1,0,0,139
0,-1,172,0,249
0,-1,144,0,249
0,-1,144,0,249
0,-1,144,0,249
0,-1,82,0,249
0,-1,82,0,249
0,-1,67,0,53
0,-1,64,0,53
0,-1,64,0,53
0,-1,59,0,27
0,-1,56,0,27
0,-1,56,0,27
0,-1,56,0,27
0,-1,61,0,15
0,-1,63,0,15
0,-1,63,0,15
0,-1,50,0,15
0,-1,0,0,15
0,-1,54,0,6
0,-1,53,0,6
0,-1,53,0,6
0,-1,48,0,4
0,-1,48,0,4
0,-1,48,0,4
0,-1,45,0,2
0,-1,47,0,2
0,-1,0,0,2
0,-1,45,0,2
0,-1,49,0,2
0,-1,44,0,1
0,-1,46,0,1
0,-1,49,0,1
0,-1,49,0,1
0,-1,48,0,0
0,-1,55,0,0
0,-1,58,0,1
1,1.0,58,0,1
0,-1,0,0,1
0,-1,83,0,6
0,-1,94,0,23
0,-1,114,0,23
0,-1,178,0,90
0,-1,192,0,90
0,-1,1,0,90
0,-1,1,0,90
0,-1,241,0,90
0,-1,23,0,90
0,-1,23,0,90
0,-1,216,1,251
0,-1,193,0,251
0,-1,193,0,251
0,-1,133,0,251
0,-1,17,0,251
0,-1,17,0,251
0,-1,77,0,60
0,-1,70,0,60
0,-1,70,0,60
0,-1,59,0,60
0,-1,59,0,60
0,-1,58,0,17
0,-1,55,0,17
0,-1,6,0,17
0,-1,6,0,17
0,-1,62,0,9
0,-1,61,0,9
0,-1,68,0,8
0,-1,64,0,8
0,-1,64,0,8
0,-1,55,0,5
0,-1,54,0,5
0,-1,9,0,5
0,-1,9,0,5
0,-1,48,0,3
0,-1,46,0,3
0,-1,46,0,3
0,-1,42,0,1
0,-1,43,0,1
0,-1,0,0,1
0,-1,40,0,3
0,-1,42,0,3
0,-1,44,0,2
0,-1,44,0,2
0,-1,45,0,2
0,-1,45,0,2
0,-1,44,0,1
0,-1,46,0,1
0,-1,50,0,0
0,-1,53,0,0
0,-1,1,0,0
0,-1,50,0,0
0,-1,50,0,1
0,-1,49,0,1
0,-1,49,0,1
0,-1,47,0,0
0,-1,48,0,0
0,-1,48,0,0
0,-1,47,0,0
0,-1,48,0,0
0,-1,48,0,0
0,-1,40,0,4
0,-1,42,0,4
0,-1,3,0,4
0,-1,44,0,9
0,-1,41,0,9
0,-1,43,0,9
0,-1,43,0,9
0,-1,45,0,9
0,-1,0,0,9
0,-1,42,0,4
0,-1,43,0,4
0,-1,9,0,4
0,-1,47,0,2
0,-1,45,0,1
0,-1,44,0,1
0,-1,44,0,1
0,-1,44,0,1
0,-1,0,0,1
0,-1,45,0,2
1,2.0,47,0,2
0,-1,47,0,2
0,-1,42,0,2
0,-1,43,0,2
0,-1,4,0,2
0,-1,43,0,4
0,-1,44,0,4
0,-1,0,0,4
0,-1,44,0,3
0,-1,42,0,3
0,-1,42,0,3
0,-1,56,67,12
0,-1,65,82,12
0,-1,9,91,12
0,-1,3,91,12
0,-1,166,138,39
0,-1,181,143,39
0,-1,181,143,39
0,-1,141,128,39
0,-1,33,97,39
0,-1,8,97,39
0,-1,85,54,18
0,-1,74,41,18
0,-1,3,41,18
0,-1,62,20,26
0,-1,66,19,26
0,-1,66,19,26
0,-1,66,19,26
0,-1,50,6,26
0,-1,50,6,26
0,-1,56,0,21
0,-1,53,0,21
0,-1,0,0,21
0,-1,52,0,14
0,-1,452,0,14
0,-1,9,0,14
0,-1,9,0,14
0,-1,42,0,8
0,-1,44,0,8
0,-1,44,0,8
0,-1,44,0,8
0,-1,44,0,8
0,-1,38,0,3
0,-1,40,0,3
0,-1,2,0,3
0,-1,38,0,2
0,-1,40,0,2
0,-1,40,0,2
0,-1,48,0,2
0,-1,44,0,2
0,-1,0,0,2
0,-1,40,0,2
1,2.0,41,0,2
0,-1,41,0,2
0,-1,41,0,1
0,-1,47,0,1
0,-1,47,0,1
0,-1,95,31,8
0,-1,119,56,8
0,-1,119,56,8
0,-1,119,56,8
0,-1,191,186,8
0,-1,84,178,8
0,-1,67,178,8
0,-1,148,116,8
0,-1,148,116,8
0,-1,148,116,8
0,-1,82,60,8
0,-1,5,50,8
0,-1,5,50,8
0,-1,56,17,8
0,-1,12,17,8
0,-1,47,1,32
0,-1,48,0,32
0,-1,48,0,32
0,-1,48,0,32
0,-1,43,0,22
0,-1,39,0,22
0,-1,39,0,22
0,-1,45,0,22
0,-1,0,0,22
0,-1,47,0,12
0,-1,45,0,12
0,-1,45,0,12
0,-1,45,0,12
0,-1,37,0,7
0,-1,37,0,7
0,-1,37,0,7
0,-1,35,0,6
0,-1,36,0,6
0,-1,0,0,6
0,-1,42,0,6
0,-1,6,0,6
0,-1,45,0,2
0,-1,48,0,2
0,-1,44,0,2
0,-1,44,0,2
0,-1,45,0,3
0,-1,51,0,3
0,-1,46,0,4
0,-1,40,0,4
0,-1,40,0,4
0,-1,37,0,4
0,-1,38,0,4
0,-1,44,0,4
0,-1,44,0,4
0,-1,40,0,4
0,-1,0,0,4
1,2.0,39,0,6
0,-1,38,0,6
0,-1,38,0,6
0,-1,41,0,10
0,-1,41,0,10
0,-1,5,0,10
0,-1,5,0,10
0,-1,47,13,7
0,-1,59,30,7
0,-1,0,30,7
0,-1,95,101,15
0,-1,96,122,15
0,-1,7,125,15
0,-1,7,125,15
0,-1,116,106,17
0,-1,103,83,17
0,-1,103,83,17
0,-1,72,46,13
0,-1,65,39,13
0,-1,32,39,13
0,-1,55,20,20
0,-1,52,13,20
0,-1,9,5,20
0,-1,9,5,20
0,-1,48,0,34
0,-1,54,0,34
0,-1,54,0,34
0,-1,46,0,34
0,-1,0,0,34
0,-1,49,0,13
0,-1,47,0,13
0,-1,9,0,13
0,-1,9,0,13
0,-1,48,0,13
0,-1,48,0,13
0,-1,46,0,7
0,-1,44,0,7
0,-1,0,0,7
0,-1,39,0,6
0,-1,37,0,6
0,-1,7,0,6
0,-1,38,0,3
0,-1,36,0,3
0,-1,44,0,3
0,-1,44,0,3
0,-1,38,0,3
0,-1,41,0,3
0,-1,41,0,3
0,-1,49,0,3
0,-1,49,0,3
1,2.0,47,0,7
0,-1,42,0,7
0,-1,3,0,7
0,-1,3,0,7
0,-1,41,0,3
0,-1,39,0,3
0,-1,39,0,3
0,-1,66,9,6
0,-1,73,22,6
0,-1,26,22,6
0,-1,103,43,15
0,-1,113,62,15
0,-1,5,62,15
0,-1,103,45,11
0,-1,104,36,11
0,-1,27,36,11
0,-1,73,20,27
0,-1,66,16,27
0,-1,66,16,27
0,-1,51,1,18
0,-1,51,0,18
0,-1,51,0,18
0,-1,45,0,28
0,-1,43,0,28
0,-1,0,0,28
0,-1,42,0,22
0,-1,38,0,22
0,-1,38,0,22
0,-1,36,0,21
0,-1,37,0,21
0,-1,37,0,21
0,-1,38,0,11
0,-1,39,0,11
0,-1,40,0,8
0,-1,40,0,8
0,-1,0,0,8
0,-1,0,0,8
0,-1,41,0,5
0,-1,40,0,5
0,-1,38,0,5
0,-1,36,0,5
0,-1,36,0,5
0,-1,34,0,5
0,-1,31,0,5
0,-1,6,0,5
0,-1,6,0,5
0,-1,37,0,4
0,-1,40,0,4
0,-1,40,0,4
0,-1,46,0,4
0,-1,46,0,4
0,-1,40,0,3
0,-1,41,0,3
1,2.0,40,0,3
0,-1,40,0,3
0,-1,39,0,5
0,-1,40,0,5
0,-1,40,0,5
0,-1,51,6,7
0,-1,82,20,7
0,-1,33,20,7
0,-1,33,20,7
0,-1,89,39,7
0,-1,14,49,7
0,-1,14,49,7
0,-1,118,46,7
0,-1,118,46,7
0,-1,81,22,15
0,-1,71,20,15
0,-1,71,20,15
0,-1,71,20,15
0,-1,51,3,15
0,-1,51,3,15
0,-1,48,0,30
0,-1,47,0,30
0,-1,0,0,30
0,-1,45,0,22
0,-1,43,0,22
0,-1,3,0,22
0,-1,3,0,22
0,-1,39,0,16
0,-1,40,0,16
0,-1,40,0,16
0,-1,38,0,13
0,-1,39,0,13
0,-1,39,0,13
0,-1,45,0,10
0,-1,43,0,10
0,-1,43,0,10
0,-1,43,0,10
0,-1,0,0,10
0,-1,46,0,4
0,-1,45,0,4
0,-1,45,0,4
0,-1,40,0,5
0,-1,42,0,5
0,-1,42,0,5
0,-1,38,0,3
0,-1,39,0,3
0,-1,0,0,3
0,-1,41,0,4
0,-1,38,0,4
1,2.0,41,0,3
0,-1,40,0,3
0,-1,42,0,3
0,-1,42,0,3
0,-1,49,0,3
0,-1,51,0,3
0,-1,51,0,3
0,-1,80,15,9
0,-1,94,21,9
0,-1,94,21,9
0,-1,97,66,10
0,-1,92,70,10
0,-1,92,70,10
0,-1,90,36,15
0,-1,80,28,15
0,-1,22,28,15
0,-1,59,16,42
0,-1,59,11,42
0,-1,59,11,42
0,-1,59,11,42
0,-1,44,0,47
0,-1,49,0,47
0,-1,55,0,40
0,-1,51,0,40
0,-1,0,0,40
0,-1,61,0,25
0,-1,61,0,25
0,-1,0,0,25
0,-1,0,0,25
0,-1,52,0,25
0,-1,52,0,25
0,-1,49,0,10
0,-1,48,0,10
0,-1,0,0,10
0,-1,46,0,6
0,-1,47,0,6
0,-1,8,0,6
0,-1,44,0,7
0,-1,43,0,7
0,-1,43,0,7
0,-1,40,0,6
0,-1,40,0,6
0,-1,0,0,6
0,-1,39,0,6
0,-1,41,0,6
0,-1,44,0,4
0,-1,44,0,5
0,-1,42,0,5
0,-1,42,0,5
0,-1,42,0,3
0,-1,41,0,3
0,-1,0,0,3
0,-1,43,0,3
1,2.0,6,0,3
0,-1,6,0,3
0,-1,50,0,14
0,-1,53,0,12
0,-1,64,1,12
0,-1,2,1,12
0,-1,2,1,12
0,-1,74,77,12
0,-1,80,77,12
0,-1,80,77,12
0,-1,80,77,12
0,-1,14,118,12
0,-1,0,119,12
0,-1,99,92,15
0,-1,83,73,15
0,-1,6,73,15
0,-1,62,41,26
0,-1,57,31,26
0,-1,57,31,26
0,-1,57,31,26
0,-1,50,16,34
0,-1,45,8,34
0,-1,45,8,34
0,-1,44,0,34
0,-1,0,0,34
0,-1,53,0,32
0,-1,60,0,32
0,-1,60,0,32
0,-1,60,0,32
0,-1,54,0,32
0,-1,54,0,32
0,-1,51,0,19
0,-1,51,0,19
0,-1,0,0,19
0,-1,54,0,12
0,-1,52,0,12
0,-1,52,0,12
0,-1,45,0,8
0,-1,48,0,8
0,-1,48,0,8
0,-1,51,0,7
0,-1,48,0,7
0,-1,0,0,7
0,-1,50,0,7
0,-1,8,0,7
0,-1,8,0,7
0,-1,8,0,7
0,-1,44,0,11
0,-1,45,0,11
1,2.0,45,0,11
0,-1,51,0,6
0,-1,59,0,6
0,-1,2,0,6
0,-1,63,20,7
0,-1,71,23,7
0,-1,71,23,7
0,-1,71,23,7
0,-1,94,41,7
0,-1,63,41,7
0,-1,106,115,14
0,-1,107,107,14
0,-1,107,107,14
0,-1,107,107,14
0,-1,66,51,14
0,-1,3,40,14
0,-1,66,26,22
0,-1,62,20,22
0,-1,19,20,22
0,-1,55,11,28
0,-1,53,11,28
0,-1,0,11,28
0,-1,0,11,28
0,-1,48,0,25
0,-1,47,0,25
0,-1,46,0,22
0,-1,45,0,22
0,-1,0,0,22
0,-1,49,0,19
0,-1,48,0,19
0,-1,48,0,19
0,-1,46,0,12
0,-1,47,0,12
0,-1,47,0,12
0,-1,47,0,10
0,-1,44,0,10
0,-1,44,0,10
0,-1,44,0,6
0,-1,45,0,6
0,-1,45,0,6
0,-1,42,0,7
0,-1,42,0,7
0,-1,42,0,7
0,-1,39,0,7
0,-1,39,0,7
0,-1,43,0,7
1,2.0,43,0,7
0,-1,1,0,7
0,-1,1,0,7
0,-1,40,0,4
0,-1,41,0,4
0,-1,41,0,4
0,-1,89,0,4
0,-1,5,0,4
0,-1,89,18,12
0,-1,89,27,12
0,-1,2,39,12
0,-1,2,39,12
0,-1,97,62,19
0,-1,91,73,19
0,-1,67,73,19
0,-1,72,46,19
0,-1,9,38,19
0,-1,9,38,19
0,-1,54,25,19
0,-1,52,24,19
0,-1,8,24,19
0,-1,48,11,27
0,-1,47,3,27
0,-1,2,3,27
0,-1,43,1,29
0,-1,42,0,29
0,-1,1,0,29
0,-1,54,0,18
0,-1,53,0,18
0,-1,53,0,18
0,-1,53,0,17
0,-1,53,0,17
0,-1,53,0,17
0,-1,51,0,17
0,-1,52,0,17
0,-1,52,0,17
0,-1,47,0,12
0,-1,49,0,12
0,-1,49,0,12
0,-1,46,0,12
0,-1,46,0,12
0,-1,58,0,6
0,-1,53,0,7
0,-1,52,0,7
0,-1,52,0,7
0,-1,52,0,5
0,-1,49,0,5
0,-1,43,0,6
0,-1,48,0,6
0,-1,48,0,6
0,-1,43,0,8
0,-1,44,0,8
0,-1,1,0,8
1,2.0,1,0,8
0,-1,48,0,5
0,-1,58,0,5
0,-1,1,0,5
0,-1,94,71,5
0,-1,9,108,5
0,-1,9,108,5
0,-1,128,127,15
0,-1,134,122,15
0,-1,40,1,122
0,-1,16,1,122
0,-1,117,82,15
0,-1,101,70,15
0,-1,58,70,15
0,-1,58,70,15
0,-1,66,36,15
0,-1,1,25,15
0,-1,1,25,15
0,-1,55,24,29
0,-1,50,18,29
0,-1,50,9,32
0,-1,54,7,32
0,-1,54,7,32
0,-1,48,0,23
0,-1,50,0,23
0,-1,0,0,23
0,-1,50,0,14
0,-1,49,0,14
0,-1,0,0,14
0,-1,48,0,11
0,-1,43,0,11
0,-1,43,0,11
0,-1,43,0,11
0,-1,42,0,11
0,-1,42,0,11
0,-1,42,0,11
0,-1,47,0,11
0,-1,0,0,11
0,-1,54,0,10
0,-1,51,0,10
0,-1,51,0,10
0,-1,50,0,8
0,-1,49,0,8
0,-1,7,0,8
0,-1,7,0,8
0,-1,46,0,8
0,-1,0,0,8
0,-1,47,0,5
0,-1,48,0,5
1,2.0,48,0,5
0,-1,50,0,7
0,-1,49,0,7
0,-1,1,0,7
0,-1,49,0,8
0,-1,49,0,10
0,-1,48,2,10
0,-1,3,2,10
0,-1,71,36,9
0,-1,70,47,9
0,-1,48,47,9
0,-1,48,47,9
0,-1,81,114,9
0,-1,8,114,9
0,-1,77,105,12
0,-1,73,87,12
0,-1,68,87,12
0,-1,63,45,16
0,-1,59,38,16
0,-1,59,38,16
0,-1,59,38,16
0,-1,51,20,16
0,-1,4,20,16
0,-1,4,20,16
0,-1,52,6,27
0,-1,54,5,27
0,-1,3,5,27
0,-1,47,0,23
0,-1,45,0,23
0,-1,8,0,23
0,-1,8,0,23
0,-1,44,0,23
0,-1,44,0,23
0,-1,43,0,10
0,-1,43,0,10
0,-1,43,0,10
0,-1,45,0,11
0,-1,44,0,11
0,-1,44,0,11
0,-1,48,0,10
0,-1,46,0,10
0,-1,46,0,10
0,-1,43,0,7
0,-1,46,0,7
0,-1,46,0,7
0,-1,44,0,7
0,-1,9,0,7
0,-1,9,0,7
0,-1,45,0,8
0,-1,46,0,8
1,2.0,46,0,8
0,-1,44,0,6
0,-1,40,0,6
0,-1,0,0,6
0,-1,55,10,5
0,-1,64,15,5
0,-1,4,13,5
0,-1,4,13,5
0,-1,84,34,13
0,-1,125,41,13
0,-1,125,41,13
0,-1,149,71,13
0,-1,2,66,13
0,-1,2,66,13
0,-1,92,35,13
0,-1,82,32,13
0,-1,82,32,13
0,-1,66,18,19
0,-1,62,18,19
0,-1,13,18,19
0,-1,13,18,19
0,-1,51,6,19
0,-1,0,6,19
0,-1,0,6,19
0,-1,44,0,17
0,-1,43,0,17
0,-1,43,0,17
0,-1,47,0,17
0,-1,43,0,17
0,-1,45,0,13
0,-1,44,0,13
0,-1,3,0,13
0,-1,3,0,13
0,-1,44,0,13
0,-1,42,0,13
0,-1,41,0,9
0,-1,42,0,9
0,-1,42,0,9
0,-1,39,0,7
0,-1,41,0,7
0,-1,2,0,7
0,-1,2,0,7
0,-1,40,0,6
0,-1,38,0,6
0,-1,0,6,6
0,-1,42,0,7
0,-1,42,0,7
0,-1,42,0,7
0,-1,42,0,7
0,-1,43,0,7
0,-1,43,0,7
0,-1,43,0,7
1,2.0,47,0,5
0,-1,46,0,5
0,-1,46,0,5
0,-1,68,0,7
0,-1,79,0,7
0,-1,5,0,7
0,-1,120,15,16
0,-1,140,13,16
0,-1,4,13,16
0,-1,151,22,16
0,-1,142,19,16
0,-1,142,19,16
0,-1,142,19,16
0,-1,88,14,16
0,-1,1,11,16
0,-1,1,11,16
0,-1,61,8,16
0,-1,61,8,16
0,-1,50,3,30
0,-1,50,2,30
0,-1,50,2,30
0,-1,45,0,29
0,-1,45,0,29
0,-1,45,0,29
0,-1,43,0,17
0,-1,43,0,17
0,-1,0,0,17
0,-1,37,0,10
0,-1,40,0,10
0,-1,40,0,10
0,-1,41,0,9
0,-1,42,0,9
0,-1,42,0,9
0,-1,41,0,8
0,-1,39,0,8
0,-1,0,0,8
0,-1,39,0,6
0,-1,40,0,6
0,-1,40,0,6
0,-1,42,0,7
0,-1,42,0,7
0,-1,42,0,7
0,-1,44,0,9
0,-1,44,0,9
0,-1,44,0,9
0,-1,43,0,7
0,-1,45,0,7
1,2.0,0,0,7
0,-1,41,0,5
0,-1,44,0,5
0,-1,7,0,5
0,-1,7,0,5
0,-1,48,0,4
0,-1,72,0,4
0,-1,72,0,4
0,-1,106,43,12
0,-1,113,51,12
0,-1,9,54,12
0,-1,9,54,12
0,-1,139,73,12
0,-1,1,73,12
0,-1,116,54,12
0,-1,101,42,12
0,-1,29,42,12
0,-1,29,42,12
0,-1,66,24,12
0,-1,1,20,12
0,-1,1,20,12
0,-1,53,5,12
0,-1,53,5,12
0,-1,42,0,22
0,-1,43,0,22
0,-1,43,0,22
0,-1,40,0,19
0,-1,41,0,19
0,-1,4,0,19
0,-1,4,0,19
0,-1,38,0,19
0,-1,0,0,19
0,-1,39,0,11
0,-1,40,0,11
0,-1,40,0,11
0,-1,43,0,9
0,-1,41,0,9
0,-1,2,0,9
0,-1,2,0,9
0,-1,41,0,9
0,-1,41,0,9
0,-1,39,0,4
0,-1,40,0,4
0,-1,40,0,4
0,-1,36,0,6
0,-1,38,0,6
0,-1,38,0,6
0,-1,37,0,6
0,-1,38,0,6
0,-1,43,0,5
0,-1,42,0,5
1,2.0,42,0,5
0,-1,44,0,2
0,-1,44,0,2
0,-1,4,0,2
0,-1,4,0,2
0,-1,87,12,7
0,-1,105,37,7
0,-1,50,37,7
0,-1,50,37,7
0,-1,109,86,7
0,-1,109,86,7
0,-1,126,110,14
0,-1,123,111,14
0,-1,91,111,14
0,-1,91,53,14
0,-1,84,42,14
0,-1,35,42,14
0,-1,35,42,14
0,-1,61,13,14
0,-1,61,13,14
0,-1,55,8,30
0,-1,52,3,30
0,-1,0,3,30
0,-1,47,0,26
0,-1,47,0,26
0,-1,47,0,26
0,-1,51,0,17
0,-1,50,0,17
0,-1,0,0,17
0,-1,48,0,14
0,-1,48,0,14
0,-1,0,0,14
0,-1,44,0,10
0,-1,46,0,10
0,-1,46,0,10
0,-1,42,0,13
0,-1,43,0,13
0,-1,43,0,13
0,-1,41,0,10
0,-1,38,0,10
0,-1,0,0,10
0,-1,0,0,10
0,-1,39,0,10
0,-1,9,0,10
0,-1,38,0,11
0,-1,38,0,12
0,-1,38,0,12
0,-1,38,0,12
0,-1,41,0,8
0,-1,39,0,8
0,-1,0,0,8
1,2.0,45,0,8
0,-1,52,0,8
0,-1,52,0,8
0,-1,52,0,8
0,-1,46,0,7
0,-1,48,7,7
0,-1,4,7,7
0,-1,59,33,11
0,-1,68,45,11
0,-1,43,45,11
0,-1,43,45,11
0,-1,88,42,11
0,-1,88,42,11
0,-1,96,54,16
0,-1,85,40,16
0,-1,8,40,16
0,-1,61,16,18
0,-1,59,16,18
0,-1,59,16,18
0,-1,48,0,19
0,-1,46,0,19
0,-1,46,0,19
0,-1,48,0,20
0,-1,45,0,20
0,-1,0,0,20
0,-1,45,0,20
0,-1,6,0,20
0,-1,6,0,20
0,-1,43,0,16
0,-1,47,0,16
0,-1,47,0,16
0,-1,42,0,16
0,-1,42,0,16
0,-1,34,0,8
0,-1,33,0,8
0,-1,2,0,8
0,-1,36,0,5
0,-1,36,0,5
0,-1,35,0,5
0,-1,37,0,4
0,-1,40,0,4
0,-1,0,0,4
0,-1,38,0,4
0,-1,0,0,4
0,-1,0,0,4
0,-1,41,0,4
0,-1,40,0,4
1,2.0,40,0,4
0,-1,42,0,6
0,-1,42,0,6
0,-1,0,0,6
0,-1,44,0,6
0,-1,43,10,6
0,-1,43,10,6
0,-1,43,10,6
0,-1,72,43,6
0,-1,5,43,6
0,-1,94,45,10
0,-1,102,46,10
0,-1,102,46,10
0,-1,102,46,10
0,-1,85,20,10
0,-1,85,20,10
0,-1,63,3,18
0,-1,59,0,18
0,-1,0,0,18
0,-1,50,0,24
0,-1,45,0,24
0,-1,45,0,24
0,-1,42,0,27
0,-1,42,0,27
0,-1,42,0,27
0,-1,47,0,15
0,-1,46,0,15
0,-1,0,0,15
0,-1,43,0,11
0,-1,46,0,11
0,-1,46,0,11
0,-1,46,0,7
0,-1,46,0,7
0,-1,46,0,7
0,-1,43,0,5
0,-1,44,0,5
0,-1,42,0,5
0,-1,40,0,5
0,-1,1,0,5
0,-1,48,0,5
0,-1,46,0,7
0,-1,43,0,7
0,-1,47,0,8
0,-1,45,0,8
0,-1,0,0,8
0,-1,47,0,10
0,-1,45,0,10
1,2.0,43,0,5
0,-1,45,0,6
0,-1,48,0,6
0,-1,48,0,6
0,-1,44,0,6
0,-1,49,0,6
0,-1,9,0,6
0,-1,100,58,12
0,-1,106,60,12
0,-1,1,62,12
0,-1,1,62,12
0,-1,108,107,13
0,-1,105,115,13
0,-1,105,115,13
0,-1,103,82,13
0,-1,103,82,13
0,-1,103,82,13
0,-1,67,33,13
0,-1,61,29,13
0,-1,61,29,13
0,-1,54,13,25
0,-1,51,7,25
0,-1,2,7,25
0,-1,47,0,25
0,-1,9,0,25
0,-1,9,0,25
0,-1,47,0,24
0,-1,43,0,24
0,-1,43,0,24
0,-1,39,0,17
0,-1,42,0,17
0,-1,0,19,17
0,-1,40,0,16
0,-1,39,0,16
0,-1,0,0,16
0,-1,0,0,16
0,-1,41,0,16
0,-1,0,0,16
0,-1,45,0,11
0,-1,42,0,11
0,-1,42,0,11
0,-1,41,0,7
0,-1,42,0,7
0,-1,42,0,7
0,-1,40,0,8
0,-1,41,0,8
0,-1,41,0,8
0,-1,38,0,7
0,-1,41,0,7
0,-1,41,0,7
0,-1,40,0,8
0,-1,41,0,8
0,-1,5,0,8
1,2.0,44,0,6
0,-1,43,0,6
0,-1,43,0,6
0,-1,44,0,5
0,-1,43,0,5
0,-1,0,0,5
0,-1,55,47,10
0,-1,76,83,10
0,-1,0,79,10
0,-1,98,83,15
0,-1,106,97,15
0,-1,112,97,15
0,-1,112,97,15
0,-1,92,115,15
0,-1,92,115,15
0,-1,64,63,10
0,-1,59,58,10
0,-1,7,58,10
0,-1,51,30,18
0,-1,46,19,18
0,-1,46,19,18
0,-1,46,19,18
0,-1,45,4,18
0,-1,45,4,18
0,-1,40,0,13
0,-1,40,0,13
0,-1,0,0,13
0,-1,42,0,16
0,-1,42,0,16
0,-1,42,0,16
0,-1,44,0,12
0,-1,49,0,12
0,-1,49,0,12
0,-1,43,0,8
0,-1,46,0,8
0,-1,42,0,7
0,-1,40,0,7
0,-1,0,0,7
0,-1,47,0,8
0,-1,46,0,9
0,-1,43,0,9
0,-1,43,0,9
0,-1,41,0,9
0,-1,0,0,9
0,-1,47,0,7
0,-1,44,0,7
1,2.0,44,0,7
0,-1,47,0,5
0,-1,49,0,5
0,-1,6,0,5
0,-1,6,0,5
0,-1,57,0,6
0,-1,74,0,6
0,-1,6,0,6
0,-1,125,41,14
0,-1,146,62,14
0,-1,146,62,14
0,-1,176,119,18
0,-1,178,125,18
0,-1,109,125,18
0,-1,149,71,18
0,-1,7,56,18
0,-1,7,56,18
0,-1,86,27,19
0,-1,79,19,19
0,-1,79,19,19
0,-1,61,3,19
0,-1,1,3,19
0,-1,48,0,31
0,-1,49,0,31
0,-1,1,0,31
0,-1,1,0,31
0,-1,49,0,23
0,-1,48,0,23
0,-1,48,0,23
0,-1,44,0,17
0,-1,44,0,17
0,-1,44,0,17
0,-1,41,0,15
0,-1,41,0,15
0,-1,2,0,15
0,-1,2,0,15
0,-1,43,0,15
0,-1,0,0,15
0,-1,41,0,10
0,-1,40,0,10
0,-1,40,0,10
0,-1,40,0,7
0,-1,41,0,7
0,-1,3,0,7
0,-1,3,0,7
0,-1,42,0,7
0,-1,0,0,7
0,-1,39,0,6
0,-1,40,0,6
0,-1,40,0,6
0,-1,41,0,7
1,2.0,38,0,7
0,-1,38,0,7
0,-1,38,0,5
0,-1,35,0,5
0,-1,35,0,5
0,-1,50,15,7
0,-1,70,31,7
0,-1,70,31,7
0,-1,70,31,7
0,-1,78,111,7
0,-1,5,126,7
0,-1,8,126,7
0,-1,116,130,21
0,-1,120,113,21
0,-1,120,113,21
0,-1,84,54,21
0,-1,6,48,21
0,-1,6,48,21
0,-1,55,22,28
0,-1,55,15,28
0,-1,4,15,28
0,-1,51,4,28
0,-1,51,4,28
0,-1,0,4,28
0,-1,0,4,28
0,-1,45,0,28
0,-1,2,0,28
0,-1,2,0,28
0,-1,51,0,28
0,-1,0,0,28
0,-1,40,0,15
0,-1,38,0,15
0,-1,38,0,15
0,-1,38,0,15
0,-1,41,0,13
0,-1,42,0,13
0,-1,42,0,13
0,-1,43,0,13
0,-1,0,0,13
0,-1,41,0,8
0,-1,40,0,8
0,-1,40,0,8
0,-1,42,0,7
0,-1,43,0,7
0,-1,43,0,7
0,-1,46,0,5
0,-1,45,0,5
0,-1,0,0,5
0,-1,46,0,8
1,2.0,44,0,8
0,-1,43,0,8
0,-1,44,0,11
0,-1,46,0,11
0,-1,46,0,11
0,-1,47,15,8
0,-1,49,31,8
0,-1,39,31,8
0,-1,58,66,10
0,-1,82,77,10
0,-1,82,77,10
0,-1,82,77,10
0,-1,114,115,13
0,-1,106,125,13
0,-1,106,125,13
0,-1,83,75,13
0,-1,83,75,13
0,-1,83,75,13
0,-1,62,25,13
0,-1,7,25,13
0,-1,52,6,22
0,-1,49,2,22
0,-1,0,2,22
0,-1,47,0,22
0,-1,48,0,22
0,-1,6,0,22
0,-1,6,0,22
0,-1,46,0,21
0,-1,47,0,21
0,-1,44,0,19
0,-1,45,0,19
0,-1,0,0,19
0,-1,45,0,14
0,-1,43,0,14
0,-1,3,0,14
0,-1,45,0,11
0,-1,46,0,11
0,-1,46,0,11
0,-1,44,0,11
0,-1,43,0,11
0,-1,43,0,11
0,-1,47,0,11
0,-1,46,0,11
0,-1,46,0,11
0,-1,43,0,11
0,-1,43,0,11
0,-1,43,0,11
0,-1,37,0,11
0,-1,37,0,11
0,-1,37,0,11
0,-1,36,0,11
0,-1,35,0,11
1,2.0,35,0,11
0,-1,40,0,8
0,-1,39,0,8
0,-1,0,0,8
0,-1,0,0,8
0,-1,55,0,7
0,-1,58,0,7
0,-1,58,0,7
0,-1,80,2,8
0,-1,109,5,10
0,-1,119,14,10
0,-1,31,27,10
0,-1,135,59,17
0,-1,128,66,18
0,-1,121,79,18
0,-1,121,79,18
0,-1,96,34,12
0,-1,86,34,12
0,-1,6,28,12
0,-1,6,28,12
0,-1,66,10,18
0,-1,63,5,18
0,-1,63,5,18
0,-1,56,0,21
0,-1,52,0,21
0,-1,0,0,21
0,-1,44,0,21
0,-1,48,0,21
0,-1,3,0,21
0,-1,54,0,22
0,-1,55,0,22
0,-1,55,0,22
0,-1,51,0,17
0,-1,49,0,17
0,-1,0,0,17
0,-1,51,0,13
0,-1,51,0,13
0,-1,9,0,13
0,-1,9,0,13
0,-1,47,0,10
0,-1,44,0,10
0,-1,44,0,10
0,-1,43,0,10
0,-1,43,0,10
0,-1,44,0,9
0,-1,42,0,9
0,-1,5,0,9
0,-1,5,0,9
0,-1,42,0,9
0,-1,0,0,9
0,-1,0,0,9
0,-1,44,0,9
0,-1,44,0,9
1,2.0,48,0,9
0,-1,45,0,9
0,-1,6,0,9
0,-1,43,0,6
0,-1,41,0,6
0,-1,49,13,6
0,-1,98,34,12
0,-1,119,66,12
0,-1,5,66,12
0,-1,5,66,12
0,-1,127,100,16
0,-1,134,101,16
0,-1,0,101,16
0,-1,104,55,16
0,-1,104,55,16
0,-1,104,55,16
0,-1,70,24,16
0,-1,3,18,16
0,-1,3,18,16
0,-1,58,5,16
0,-1,0,5,16
0,-1,52,0,24
0,-1,49,0,24
0,-1,49,0,24
0,-1,49,0,24
0,-1,49,0,24
0,-1,49,0,24
0,-1,52,0,14
0,-1,53,0,14
0,-1,0,0,14
0,-1,46,0,12
0,-1,50,0,12
0,-1,50,0,12
0,-1,50,0,12
0,-1,44,0,12
0,-1,44,0,12
0,-1,43,0,9
0,-1,47,0,9
0,-1,50,0,7
0,-1,50,0,7
0,-1,0,0,7
0,-1,47,0,5
0,-1,50,0,6
0,-1,47,0,6
1,2.0,47,0,6
0,-1,45,0,6
0,-1,45,0,6
0,-1,46,0,4
0,-1,42,0,4
0,-1,2,0,4
0,-1,2,0,4
0,-1,56,64,6
0,-1,58,78,6
0,-1,2,78,6
0,-1,126,137,6
0,-1,8,150,6
0,-1,5,150,6
0,-1,113,143,12
0,-1,99,112,12
0,-1,99,112,12
0,-1,74,52,12
0,-1,74,52,12
0,-1,74,52,12
0,-1,57,12,12
0,-1,7,9,12
0,-1,7,9,12
0,-1,46,0,22
0,-1,46,0,22
0,-1,46,0,22
0,-1,44,0,22
0,-1,44,0,22
0,-1,43,0,13
0,-1,42,0,13
0,-1,0,0,13
0,-1,0,0,13
0,-1,40,0,13
0,-1,0,0,13
0,-1,43,0,10
0,-1,43,0,10
0,-1,43,0,10
0,-1,41,0,9
0,-1,41,0,9
0,-1,1,0,9
0,-1,1,0,9
0,-1,44,0,7
0,-1,45,0,7
0,-1,0,0,7
0,-1,42,0,7
0,-1,3,0,7
0,-1,41,0,5
0,-1,46,0,7
0,-1,43,0,7
0,-1,43,0,7
1,2.0,44,0,5
0,-1,42,0,5
0,-1,42,0,5
0,-1,54,27,5
0,-1,54,27,5
0,-1,54,27,5
0,-1,71,76,8
0,-1,77,88,8
0,-1,1,88,8
0,-1,86,124,12
0,-1,88,120,12
0,-1,88,120,12
0,-1,70,78,12
0,-1,7,63,12
0,-1,7,63,12
0,-1,54,28,19
0,-1,54,20,19
0,-1,4,20,19
0,-1,49,3,19
0,-1,49,3,19
0,-1,49,3,19
0,-1,42,0,23
0,-1,53,0,23
0,-1,53,0,23
0,-1,51,0,23
0,-1,0,0,23
0,-1,47,0,15
0,-1,46,0,15
0,-1,46,0,15
0,-1,46,0,15
0,-1,48,0,11
0,-1,49,0,11
0,-1,49,0,11
0,-1,43,0,11
0,-1,0,0,11
0,-1,45,0,14
0,-1,44,0,14
0,-1,1,0,14
0,-1,1,0,14
0,-1,42,0,10
0,-1,40,0,10
0,-1,44,0,9
0,-1,44,0,9
0,-1,0,0,9
0,-1,41,0,7
0,-1,38,0,7
0,-1,8,0,7
0,-1,42,0,6
0,-1,43,0,6
0,-1,43,0,6
0,-1,41,0,5
0,-1,44,0,5
0,-1,0,0,5
0,-1,42,0,7
0,-1,40,0,7
0,-1,40,0,7
0,-1,42,0,7
0,-1,40,0,6
1,2.0,39,0,6
0,-1,39,0,6
0,-1,45,0,6
0,-1,0,0,6
0,-1,37,0,5
0,-1,49,10,5
0,-1,49,10,5
0,-1,49,10,5
0,-1,86,58,5
0,-1,2,68,5
0,-1,2,68,5
0,-1,111,80,5
0,-1,111,80,5
0,-1,111,80,5
0,-1,82,39,5
0,-1,5,35,5
0,-1,5,35,5
0,-1,57,19,20
0,-1,56,15,20
0,-1,2,15,20
0,-1,53,2,23
0,-1,51,4,23
0,-1,2,4,23
0,-1,2,4,23
0,-1,48,0,16
0,-1,45,0,16
0,-1,45,0,16
0,-1,42,0,12
0,-1,40,0,12
0,-1,40,0,12
0,-1,46,0,9
0,-1,45,0,9
0,-1,45,0,9
0,-1,48,0,8
0,-1,48,0,8
0,-1,48,0,8
0,-1,45,0,7
0,-1,46,0,7
0,-1,46,0,7
0,-1,40,0,7
0,-1,40,0,7
0,-1,38,0,7
0,-1,39,0,7
0,-1,8,0,7
0,-1,8,0,7
0,-1,41,0,7
0,-1,0,0,7
0,-1,43,0,5
0,-1,42,0,5
0,-1,42,0,5
0,-1,42,0,6
0,-1,43,0,6
0,-1,2,0,6
1,2.0,41,0,3
0,-1,44,0,3
0,-1,44,0,3
0,-1,39,0,3
0,-1,41,0,3
0,-1,0,0,3
0,-1,58,0,9
0,-1,64,6,9
0,-1,2,35,9
0,-1,2,35,9
0,-1,98,75,16
0,-1,96,79,16
0,-1,99,79,16
0,-1,99,79,16
0,-1,128,98,16
0,-1,2,77,16
0,-1,2,77,16
0,-1,82,35,19
0,-1,75,26,19
0,-1,75,26,19
0,-1,64,9,24
0,-1,69,5,24
0,-1,0,26,24
0,-1,57,0,21
0,-1,54,0,21
0,-1,2,0,21
0,-1,2,0,21
0,-1,53,0,19
0,-1,56,0,19
0,-1,56,0,19
0,-1,47,0,14
0,-1,49,0,14
0,-1,56,0,11
0,-1,55,0,11
0,-1,1,0,11
0,-1,1,0,11
0,-1,46,0,11
0,-1,45,0,11
0,-1,45,0,11
0,-1,47,0,11
0,-1,47,0,11
0,-1,52,0,7
0,-1,55,0,7
0,-1,3,0,7
0,-1,3,0,7
0,-1,50,0,8
0,-1,51,0,8
0,-1,51,0,8
0,-1,46,0,8
0,-1,46,0,8
0,-1,47,0,7
0,-1,49,0,7
1,2.0,9,0,7
0,-1,48,0,6
0,-1,48,0,6
0,-1,48,0,6
0,-1,53,0,5
0,-1,54,0,5
0,-1,0,0,5
0,-1,13,0,5
0,-1,71,42,5
0,-1,3,51,5
0,-1,3,51,5
0,-1,96,114,16
0,-1,103,120,16
0,-1,133,120,16
0,-1,122,104,16
0,-1,2,86,16
0,-1,2,86,16
0,-1,76,43,16
0,-1,71,40,16
0,-1,4,40,16
0,-1,55,23,23
0,-1,54,16,23
0,-1,18,16,23
0,-1,18,16,23
0,-1,9,9,23
0,-1,9,9,23
0,-1,48,0,21
0,-1,46,0,21
0,-1,46,0,21
0,-1,47,0,15
0,-1,44,0,15
0,-1,44,0,15
0,-1,44,0,10
0,-1,43,0,10
0,-1,43,0,10
0,-1,41,0,11
0,-1,44,0,11
0,-1,0,0,11
0,-1,43,0,8
0,-1,43,0,8
0,-1,43,0,8
0,-1,48,0,8
0,-1,47,0,8
0,-1,47,0,8
0,-1,50,0,8
0,-1,51,0,8
0,-1,0,0,8
0,-1,44,0,8
0,-1,3,0,8
1,2.0,3,0,8
0,-1,41,0,7
0,-1,46,0,7
0,-1,46,0,7
0,-1,54,42,7
0,-1,68,67,7
0,-1,78,67,7
0,-1,90,113,13
0,-1,90,113,13
0,-1,108,132,13
0,-1,7,150,13
0,-1,5,150,13
0,-1,115,152,17
0,-1,108,140,17
0,-1,16,140,17
0,-1,74,71,11
0,-1,67,60,11
0,-1,48,60,11
0,-1,57,29,13
0,-1,52,19,13
0,-1,52,19,13
0,-1,49,9,15
0,-1,48,4,15
0,-1,3,4,15
0,-1,47,0,21
0,-1,44,0,21
0,-1,44,0,21
0,-1,44,0,15
0,-1,46,0,15
0,-1,46,0,15
0,-1,43,0,10
0,-1,44,0,10
0,-1,0,0,10
0,-1,39,0,6
0,-1,41,0,6
0,-1,41,0,6
0,-1,39,0,5
0,-1,37,0,5
0,-1,0,0,5
0,-1,0,0,5
0,-1,39,0,5
0,-1,39,0,5
0,-1,39,0,5
0,-1,41,0,3
0,-1,40,0,3
0,-1,40,0,3
0,-1,42,0,6
0,-1,41,0,6
0,-1,1,0,6
0,-1,42,0,4
0,-1,43,0,5
0,-1,43,0,5
0,-1,43,0,5
0,-1,43,0,6
0,-1,42,0,6
0,-1,0,0,6
0,-1,42,0,6
0,-1,43,0,6
0,-1,41,0,6
0,-1,41,0,6
0,-1,43,0,6
0,-1,43,0,6
0,-1,40,0,6
0,-1,42,0,6
0,-1,42,0,6
0,-1,42,0,5
0,-1,41,0,5
0,-1,44,0,4
0,-1,42,0,4
0,-1,0,0,4
0,-1,0,0,4
0,-1,42,0,7
0,-1,42,0,7
0,-1,42,0,7
0,-1,44,0,7
0,-1,44,0,7
0,-1,41,0,5
0,-1,43,0,5
0,-1,5,0,5
0,-1,5,0,5
0,-1,43,0,6
0,-1,44,0,6
0,-1,44,0,6
0,-1,43,0,6
0,-1,43,0,6
0,-1,40,0,12
0,-1,42,0,12
0,-1,1,0,12
0,-1,43,0,11
0,-1,40,0,12
0,-1,38,0,12
0,-1,38,0,12
0,-1,44,0,10
0,-1,45,0,10
0,-1,0,0,10
0,-1,49,0,8
0,-1,47,0,8
0,-1,47,0,8
0,-1,45,0,12
0,-1,44,0,12
0,-1,44,0,12
0,-1,51,0,13
0,-1,50,0,13
0,-1,0,0,13
0,-1,47,0,10
0,-1,50,0,10
0,-1,7,0,10
0,-1,54,0,9
0,-1,53,0,11
0,-1,51,0,11
0,-1,51,0,11
0,-1,55,0,7
0,-1,49,0,7
0,-1,0,0,7
0,-1,47,0,7
0,-1,3,0,7
0,-1,48,0,8
0,-1,50,0,7
0,-1,50,0,7
0,-1,50,0,7
0,-1,44,0,7
0,-1,0,0,7
0,-1,46,0,9
0,-1,44,0,9
0,-1,44,0,9
0,-1,44,0,9
0,-1,45,0,9
0,-1,45,0,9
1,5.0,55,0,8
0,-1,57,0,8
0,-1,57,0,11
0,-1,62,0,11
0,-1,62,0,11
0,-1,84,0,27
0,-1,90,0,27
0,-1,26,0,27
0,-1,26,0,27
0,-1,134,70,27
0,-1,38,75,27
0,-1,9,75,27
0,-1,129,84,59
0,-1,114,88,59
0,-1,77,88,59
0,-1,79,52,59
0,-1,0,41,59
0,-1,0,41,59
0,-1,69,30,22
0,-1,75,18,22
0,-1,2,18,22
0,-1,66,2,31
0,-1,63,0,31
0,-1,0,0,31
0,-1,65,0,19
0,-1,58,0,19
0,-1,58,0,19
0,-1,58,0,19
0,-1,52,0,14
0,-1,49,0,14
0,-1,49,0,14
0,-1,45,0,8
0,-1,49,0,8
0,-1,0,0,8
0,-1,45,0,6
0,-1,47,0,6
0,-1,47,0,6
0,-1,42,0,6
0,-1,39,0,6
0,-1,39,0,6
0,-1,42,0,8
0,-1,41,0,8
0,-1,44,0,11
0,-1,45,0,11
0,-1,6,0,11
0,-1,45,0,8
0,-1,45,0,10
0,-1,42,0,10
0,-1,42,0,10
0,-1,45,0,10
0,-1,45,0,10
0,-1,41,0,10
0,-1,42,0,10
0,-1,2,0,10
0,-1,2,0,10
0,-1,50,0,11
0,-1,50,0,11
0,-1,50,0,11
0,-1,54,0,14
0,-1,54,0,14
1,5.0,0,0,14
0,-1,51,0,14
0,-1,9,0,14
0,-1,9,0,14
0,-1,54,0,19
0,-1,60,0,19
0,-1,60,0,19
0,-1,109,14,18
0,-1,114,93,18
0,-1,8,123,18
0,-1,8,123,18
0,-1,148,132,52
0,-1,157,135,52
0,-1,757,135,52
0,-1,757,135,52
0,-1,757,135,52
0,-1,4,100,52
0,-1,4,100,52
0,-1,84,45,33
0,-1,82,35,33
0,-1,82,35,33
0,-1,82,35,33
0,-1,74,20,33
0,-1,5,20,33
0,-1,62,0,44
0,-1,58,0,44
0,-1,58,0,44
0,-1,57,0,29
0,-1,54,0,29
0,-1,54,0,29
0,-1,49,0,16
0,-1,50,0,16
0,-1,0,0,16
0,-1,48,0,16
0,-1,5,0,16
0,-1,5,0,16
0,-1,44,0,8
0,-1,47,0,8
0,-1,47,0,8
0,-1,43,0,8
0,-1,0,0,8
0,-1,42,0,7
0,-1,41,0,7
0,-1,1,0,7
0,-1,42,0,7
0,-1,43,0,7
0,-1,43,0,7
0,-1,45,0,11
0,-1,45,0,11
0,-1,0,0,11
0,-1,43,0,7
0,-1,42,0,7
0,-1,40,0,7
0,-1,42,0,9
0,-1,42,0,9
0,-1,42,0,9
0,-1,38,0,7
0,-1,44,0,7
0,-1,0,0,7
0,-1,43,0,7
0,-1,4,0,7
0,-1,43,0,5
0,-1,45,0,6
0,-1,44,0,6
0,-1,44,0,6
0,-1,43,0,4
0,-1,42,0,4
0,-1,0,0,4
0,-1,40,0,4
0,-1,40,0,4
0,-1,40,0,4
0,-1,41,0,10
0,-1,35,0,10
1,5.0,35,0,10
0,-1,35,0,10
0,-1,37,0,10
0,-1,37,0,10
0,-1,64,0,34
0,-1,91,15,36
0,-1,10,15,36
0,-1,9,38,36
0,-1,9,38,36
0,-1,9,38,36
0,-1,129,59,36
0,-1,0,59,36
0,-1,7,59,36
0,-1,107,58,36
0,-1,48,58,36
0,-1,48,58,36
0,-1,67,23,36
0,-1,5,19,36
0,-1,5,19,36
0,-1,64,7,40
0,-1,65,3,40
0,-1,65,3,40
0,-1,65,0,40
0,-1,65,0,40
0,-1,57,0,29
0,-1,55,0,29
0,-1,5,0,29
0,-1,5,0,29
0,-1,50,0,16
0,-1,49,0,16
0,-1,48,0,12
0,-1,47,0,12
0,-1,47,0,12
0,-1,39,0,10
0,-1,41,0,10
0,-1,2,0,10
0,-1,8,0,10
0,-1,46,0,9
0,-1,47,0,9
0,-1,0,0,9
0,-1,49,0,8
0,-1,50,0,8
0,-1,50,0,8
0,-1,52,0,7
0,-1,51,0,7
0,-1,51,0,7
0,-1,51,0,8
0,-1,46,0,8
0,-1,46,0,8
0,-1,49,0,6
0,-1,51,0,6
0,-1,45,0,6
0,-1,44,0,7
0,-1,43,0,7
0,-1,8,0,7
0,-1,43,0,7
0,-1,43,0,7
0,-1,43,0,7
0,-1,44,0,7
0,-1,41,0,7
0,-1,0,0,7
0,-1,45,0,6
0,-1,44,0,6
0,-1,44,0,6
0,-1,42,0,8
0,-1,41,0,8
0,-1,41,0,8
0,-1,45,0,7
0,-1,40,0,7
0,-1,0,0,7
0,-1,41,0,6
0,-1,42,0,6
0,-1,42,0,6
0,-1,38,0,7
0,-1,37,0,7
0,-1,37,0,7
0,-1,37,0,6
0,-1,45,0,6
0,-1,0,0,6
1,5.0,47,0,6
0,-1,6,0,6
0,-1,6,0,6
0,-1,52,0,15
0,-1,59,0,15
0,-1,59,0,15
0,-1,112,47,34
0,-1,110,49,34
0,-1,110,49,34
0,-1,119,78,52
0,-1,110,83,52
0,-1,12,91,52
0,-1,12,91,52
0,-1,100,65,34
0,-1,88,53,34
0,-1,72,38,32
0,-1,68,29,32
0,-1,68,29,32
0,-1,68,29,32
0,-1,61,5,37
0,-1,61,0,37
0,-1,61,0,37
0,-1,62,0,36
0,-1,62,0,36
0,-1,0,0,36
0,-1,49,0,20
0,-1,48,0,20
0,-1,48,0,20
0,-1,44,0,14
0,-1,45,0,12
0,-1,47,0,12
0,-1,47,0,12
0,-1,42,0,9
0,-1,43,0,9
0,-1,0,0,9
0,-1,42,0,9
0,-1,0,0,9
0,-1,40,0,7
0,-1,40,0,7
0,-1,45,0,7
0,-1,45,0,7
0,-1,43,0,7
0,-1,41,0,7
0,-1,41,0,7
0,-1,39,0,7
0,-1,39,0,7
0,-1,44,0,8
0,-1,42,0,10
0,-1,40,0,10
0,-1,40,0,10
0,-1,43,0,10
0,-1,0,0,10
0,-1,50,0,8
0,-1,48,0,8
0,-1,48,0,8
0,-1,51,0,7
0,-1,48,0,7
0,-1,8,0,7
0,-1,8,0,7
0,-1,48,0,7
0,-1,0,0,7
0,-1,41,0,9
0,-1,45,0,9
0,-1,45,0,9
0,-1,41,0,7
0,-1,39,0,7
0,-1,0,0,7
0,-1,44,0,6
0,-1,41,0,6
0,-1,40,0,6
0,-1,40,0,6
0,-1,40,0,10
0,-1,40,0,10
0,-1,43,0,10
1,5.0,38,0,10
0,-1,1,0,10
0,-1,1,0,10
0,-1,55,0,16
0,-1,64,0,16
0,-1,9,0,16
0,-1,94,109,16
0,-1,0,108,16
0,-1,0,108,16
0,-1,129,88,43
0,-1,126,82,43
0,-1,7,82,43
0,-1,100,74,38
0,-1,93,58,38
0,-1,45,58,38
0,-1,45,58,38
0,-1,60,30,38
0,-1,60,30,38
0,-1,71,11,53
0,-1,70,4,53
0,-1,70,4,53
0,-1,62,0,32
0,-1,63,0,32
0,-1,63,0,32
0,-1,59,0,17
0,-1,54,0,17
0,-1,54,0,17
0,-1,54,0,17
0,-1,47,0,12
0,-1,46,0,12
0,-1,0,0,12
0,-1,49,0,7
0,-1,49,0,7
0,-1,51,0,7
0,-1,46,0,6
0,-1,46,0,6
0,-1,46,0,6
0,-1,49,0,10
0,-1,48,0,10
0,-1,48,0,10
0,-1,48,0,8
0,-1,51,0,8
0,-1,52,0,8
0,-1,48,0,8
0,-1,7,0,8
0,-1,7,0,8
0,-1,43,0,8
0,-1,0,0,8
0,-1,44,0,5
0,-1,44,0,5
0,-1,44,0,5
0,-1,43,0,8
0,-1,45,0,8
0,-1,45,0,8
0,-1,46,0,8
0,-1,43,0,8
0,-1,43,0,8
0,-1,44,0,8
0,-1,44,0,8
0,-1,44,0,8
0,-1,46,0,11
0,-1,47,0,11
0,-1,47,0,11
1,5.0,46,0,13
0,-1,43,0,13
0,-1,43,0,13
0,-1,36,0,10
0,-1,37,0,10
0,-1,37,0,10
0,-1,62,32,23
0,-1,76,100,23
0,-1,76,100,23
0,-1,10,100,23
0,-1,10,100,23
0,-1,116,118,52
0,-1,108,115,52
0,-1,108,115,52
0,-1,77,64,52
0,-1,1,49,52
0,-1,1,49,52
0,-1,57,20,34
0,-1,63,14,34
0,-1,0,14,34
0,-1,68,4,32
0,-1,64,0,32
0,-1,64,0,32
0,-1,55,0,30
0,-1,55,0,30
0,-1,0,0,30
0,-1,0,0,30
0,-1,56,0,18
0,-1,56,0,18
0,-1,56,0,18
0,-1,51,0,13
0,-1,48,0,13
0,-1,48,0,13
0,-1,49,0,8
0,-1,47,0,8
0,-1,4,0,8
0,-1,4,0,8
0,-1,47,0,8
0,-1,0,0,8
0,-1,50,0,9
0,-1,47,0,9
0,-1,47,0,9
0,-1,48,0,7
0,-1,46,0,7
0,-1,7,0,7
0,-1,51,0,8
0,-1,57,0,8
0,-1,57,0,8
0,-1,50,0,7
0,-1,48,0,7
0,-1,0,0,7
0,-1,48,0,8
0,-1,52,0,8
0,-1,8,0,8
0,-1,47,0,7
0,-1,47,0,7
0,-1,47,0,7
0,-1,41,0,8
0,-1,41,0,8
0,-1,0,0,8
0,-1,46,0,8
0,-1,5,0,8
1,5.0,5,0,8
0,-1,47,0,17
0,-1,48,0,17
0,-1,48,0,17
0,-1,60,0,21
0,-1,67,0,21
0,-1,2,0,21
0,-1,2,0,21
0,-1,135,90,21
0,-1,33,96,21
0,-1,1,96,21
0,-1,174,97,66
0,-1,153,86,66
0,-1,66,86,66
0,-1,100,42,66
0,-1,9,36,66
0,-1,9,36,66
0,-1,67,14,20
0,-1,65,10,20
0,-1,65,10,20
0,-1,63,0,19
0,-1,61,0,19
0,-1,0,0,19
0,-1,61,0,19
0,-1,9,0,19
0,-1,8,0,19
0,-1,51,0,13
0,-1,47,0,13
0,-1,47,0,13
0,-1,47,0,11
0,-1,46,0,11
0,-1,46,0,11
0,-1,44,0,10
0,-1,40,0,10
0,-1,40,0,10
0,-1,45,0,15
0,-1,45,0,15
0,-1,45,0,15
0,-1,49,0,10
0,-1,50,0,10
0,-1,50,0,10
0,-1,49,0,8
0,-1,50,0,8
0,-1,50,0,8
0,-1,51,0,5
0,-1,50,0,5
0,-1,48,0,5
0,-1,45,0,5
0,-1,45,0,5
0,-1,46,0,7
0,-1,43,0,7
0,-1,0,0,7
0,-1,41,0,7
0,-1,44,0,7
0,-1,0,0,7
0,-1,47,0,6
0,-1,47,0,6
0,-1,47,0,6
0,-1,45,0,5
0,-1,45,0,5
0,-1,45,0,5
0,-1,46,0,4
0,-1,46,0,4
1,5.0,46,0,4
0,-1,46,0,13
0,-1,44,0,13
0,-1,44,0,13
0,-1,56,0,13
0,-1,67,0,13
0,-1,3,21,13
0,-1,3,21,13
0,-1,122,88,56
0,-1,127,95,56
0,-1,127,95,56
0,-1,127,95,56
0,-1,98,53,56
0,-1,98,53,56
0,-1,98,53,56
0,-1,68,15,23
0,-1,61,14,23
0,-1,61,14,23
0,-1,50,0,16
0,-1,49,0,16
0,-1,42,0,21
0,-1,43,0,18
0,-1,443,0,18
0,-1,7,0,18
0,-1,7,0,18
0,-1,7,0,18
0,-1,46,0,9
0,-1,44,0,9
0,-1,44,0,9
0,-1,38,0,6
0,-1,37,0,6
0,-1,37,0,6
0,-1,40,0,7
0,-1,39,0,7
0,-1,39,0,7
0,-1,37,0,7
0,-1,39,0,7
0,-1,39,0,7
0,-1,46,0,6
0,-1,44,0,6
0,-1,44,0,6
0,-1,44,0,5
0,-1,39,0,5
0,-1,0,0,5
0,-1,40,0,6
0,-1,42,0,6
0,-1,2,0,6
0,-1,38,0,4
0,-1,41,0,4
0,-1,41,0,4
0,-1,41,0,4
0,-1,42,0,4
0,-1,44,0,4
0,-1,0,0,4
0,-1,48,0,5
0,-1,46,0,5
0,-1,46,0,5
0,-1,46,0,5
0,-1,45,0,5
0,-1,45,0,5
0,-1,47,0,5
0,-1,44,0,5
1,5.0,0,0,5
0,-1,49,0,9
0,-1,45,0,9
0,-1,45,0,9
0,-1,45,0,9
0,-1,87,111,28
0,-1,110,111,28
0,-1,8,111,28
0,-1,115,96,28
0,-1,6,87,28
0,-1,6,87,28
0,-1,73,45,28
0,-1,7,33,28
0,-1,7,33,28
0,-1,58,12,14
0,-1,55,5,14
0,-1,55,5,14
0,-1,55,5,14
0,-1,48,0,29
0,-1,44,0,29
0,-1,44,0,29
0,-1,44,0,29
0,-1,45,0,21
0,-1,42,0,21
0,-1,42,0,21
0,-1,46,0,14
0,-1,44,0,14
0,-1,44,0,8
0,-1,46,0,8
0,-1,46,0,8
0,-1,46,0,8
0,-1,43,0,7
0,-1,46,0,7
0,-1,46,0,7
0,-1,42,0,5
0,-1,45,0,5
0,-1,47,0,4
0,-1,49,0,4
0,-1,49,0,4
0,-1,47,0,5
0,-1,46,0,5
0,-1,5,0,5
0,-1,5,0,5
0,-1,50,0,5
0,-1,0,0,5
0,-1,52,0,4
0,-1,49,0,4
0,-1,45,0,7
0,-1,48,0,6
0,-1,46,0,6
0,-1,46,0,6
0,-1,41,0,6
0,-1,42,0,6
0,-1,48,0,6
0,-1,48,0,6
0,-1,48,0,6
0,-1,47,0,7
0,-1,45,0,7
0,-1,3,0,7
0,-1,3,0,7
1,5.0,46,0,7
0,-1,0,0,7
0,-1,0,0,7
0,-1,65,0,14
0,-1,71,30,14
0,-1,71,30,14
0,-1,94,123,39
0,-1,111,117,39
0,-1,32,117,39
0,-1,32,117,39
0,-1,117,145,39
0,-1,117,145,39
0,-1,117,145,39
0,-1,73,64,39
0,-1,8,56,39
0,-1,8,56,39
0,-1,53,28,18
0,-1,54,29,18
0,-1,52,17,16
0,-1,51,9,16
0,-1,51,9,16
0,-1,51,9,16
0,-1,51,0,9
0,-1,49,0,9
0,-1,49,0,9
0,-1,51,0,7
0,-1,50,0,7
0,-1,50,0,7
0,-1,49,0,7
0,-1,49,0,7
0,-1,47,0,6
0,-1,47,0,6
0,-1,6,0,6
0,-1,6,0,6
0,-1,43,0,6
0,-1,0,0,6
0,-1,44,0,6
0,-1,44,0,6
0,-1,44,0,6
0,-1,44,0,5
0,-1,42,0,5
0,-1,42,0,5
0,-1,47,0,5
0,-1,46,0,5
0,-1,46,0,5
0,-1,45,0,5
0,-1,45,0,5
0,-1,45,0,3
0,-1,48,0,3
0,-1,8,0,3
0,-1,8,0,3
0,-1,45,0,3
0,-1,0,0,3
0,-1,50,0,5
0,-1,47,0,5
0,-1,47,0,5
0,-1,44,0,4
0,-1,43,0,4
0,-1,4,0,4
0,-1,42,0,8
0,-1,42,0,7
0,-1,39,0,7
0,-1,43,0,6
0,-1,41,0,6
0,-1,41,0,6
0,-1,47,0,4
0,-1,50,0,4
0,-1,6,0,4
0,-1,46,0,5
0,-1,45,0,6
0,-1,40,0,6
0,-1,40,0,6
0,-1,45,0,6
0,-1,0,0,6
0,-1,44,0,7
0,-1,42,0,7
0,-1,42,0,7
0,-1,46,0,6
0,-1,43,0,6
1,5.0,44,0,6
0,-1,44,0,6
0,-1,54,0,25
0,-1,52,0,25
0,-1,51,0,30
0,-1,70,40,30
0,-1,1,70,30
0,-1,1,70,30
0,-1,148,102,58
0,-1,145,99,58
0,-1,82,99,58
0,-1,122,84,37
0,-1,109,69,37
0,-1,109,69,37
0,-1,75,32,22
0,-1,72,22,22
0,-1,72,22,22
0,-1,52,8,13
0,-1,51,4,13
0,-1,0,4,13
0,-1,56,0,25
0,-1,53,0,25
0,-1,53,0,25
0,-1,53,0,25
0,-1,52,0,13
0,-1,50,0,13
0,-1,48,0,8
0,-1,47,0,8
0,-1,0,0,8
0,-1,45,0,5
0,-1,44,0,5
0,-1,44,0,5
0,-1,45,0,4
0,-1,52,0,4
0,-1,9,0,4
0,-1,9,0,4
0,-1,49,0,4
0,-1,0,0,4
0,-1,47,0,7
0,-1,48,0,7
0,-1,48,0,7
0,-1,47,0,6
0,-1,45,0,6
0,-1,4,0,6
0,-1,4,0,6
0,-1,40,0,6
0,-1,40,0,6
0,-1,37,0,5
0,-1,38,0,5
0,-1,38,0,5
0,-1,38,0,7
0,-1,37,0,7
0,-1,37,0,7
0,-1,38,0,5
0,-1,39,0,5
0,-1,39,0,5
0,-1,37,0,5
0,-1,37,0,5
0,-1,0,0,5
0,-1,37,0,5
0,-1,9,0,5
0,-1,9,0,5
0,-1,40,0,9
0,-1,40,0,9
0,-1,40,0,9
0,-1,39,0,8
0,-1,37,0,8
0,-1,0,0,8
0,-1,40,0,8
0,-1,1,0,8
0,-1,43,0,5
0,-1,43,0,7
0,-1,42,0,7
0,-1,42,0,7
0,-1,43,0,10
0,-1,40,0,10
0,-1,0,0,10
0,-1,39,0,9
0,-1,44,0,9
1,5.0,44,0,9
0,-1,45,0,15
0,-1,42,0,15
0,-1,42,0,15
0,-1,51,0,31
0,-1,50,0,31
0,-1,0,0,31
0,-1,56,22,48
0,-1,70,54,48
0,-1,70,54,48
0,-1,2,54,48
0,-1,131,141,62
0,-1,148,139,62
0,-1,148,139,62
0,-1,120,102,62
0,-1,6,79,62
0,-1,6,79,62
0,-1,78,36,34
0,-1,71,29,34
0,-1,71,29,34
0,-1,58,11,34
0,-1,58,11,34
0,-1,1,11,34
0,-1,57,0,34
0,-1,8,0,34
0,-1,8,0,34
0,-1,46,0,16
0,-1,47,0,16
0,-1,47,0,16
0,-1,43,0,11
0,-1,43,0,11
0,-1,43,0,10
0,-1,44,0,10
0,-1,0,0,10
0,-1,0,0,10
0,-1,42,0,5
0,-1,42,0,5
0,-1,42,0,5
0,-1,43,0,5
0,-1,43,0,5
0,-1,46,0,5
0,-1,47,0,5
0,-1,4,0,5
0,-1,40,0,4
0,-1,46,0,4
0,-1,46,0,4
0,-1,41,0,4
0,-1,39,0,4
0,-1,0,0,4
0,-1,40,0,4
0,-1,37,0,4
0,-1,37,0,4
0,-1,37,0,5
0,-1,39,0,5
0,-1,39,0,5
0,-1,43,0,13
0,-1,42,0,13
0,-1,0,0,13
0,-1,43,0,21
0,-1,43,0,21
0,-1,3,0,21
0,-1,3,0,21
1,5.0,50,0,27
0,-1,47,0,27
0,-1,60,0,24
0,-1,68,0,24
0,-1,68,0,24
0,-1,62,0,18
0,-1,56,0,18
0,-1,6,0,18
0,-1,6,0,18
0,-1,50,0,28
0,-1,54,0,28
0,-1,61,0,25
0,-1,74,44,25
0,-1,74,44,25
0,-1,74,44,25
0,-1,153,68,38
0,-1,158,64,38
0,-1,3,5464,38
0,-1,153,86,47
0,-1,152,71,47
0,-1,0,59,47
0,-1,0,59,47
0,-1,88,30,47
0,-1,9,22,47
0,-1,9,22,47
0,-1,63,7,29
0,-1,62,1,29
0,-1,62,1,29
0,-1,58,0,29
0,-1,58,0,29
0,-1,58,0,29
0,-1,55,0,22
0,-1,51,0,22
0,-1,51,0,22
0,-1,47,0,14
0,-1,45,0,14
0,-1,45,0,14
0,-1,43,0,14
0,-1,43,0,14
0,-1,43,0,6
0,-1,45,0,6
0,-1,42,0,6
0,-1,42,0,6
0,-1,43,0,6
0,-1,0,0,6
0,-1,39,0,8
0,-1,40,0,8
0,-1,40,0,8
0,-1,43,0,9
0,-1,38,0,9
0,-1,38,0,9
0,-1,37,0,7
0,-1,40,0,7
0,-1,0,0,7
0,-1,43,0,7
0,-1,4,0,7
0,-1,41,0,7
0,-1,40,0,8
0,-1,37,0,8
0,-1,37,0,8
0,-1,40,0,8
1,5.0,0,0,8
0,-1,42,0,26
0,-1,42,0,26
0,-1,8,0,26
0,-1,8,0,26
0,-1,47,0,13
0,-1,55,0,13
0,-1,55,0,13
0,-1,98,48,26
0,-1,128,88,26
0,-1,128,88,26
0,-1,128,88,26
0,-1,44,98,26
0,-1,6,98,26
0,-1,125,70,42
0,-1,105,58,42
0,-1,44,58,42
0,-1,76,28,25
0,-1,64,23,25
0,-1,64,23,25
0,-1,64,23,25
0,-1,52,3,15
0,-1,50,0,15
0,-1,50,0,15
0,-1,47,0,19
0,-1,47,0,19
0,-1,0,0,19
0,-1,47,0,12
0,-1,547,0,12
0,-1,1,0,12
0,-1,1,0,12
0,-1,42,0,9
0,-1,46,0,9
0,-1,46,0,9
0,-1,44,0,9
0,-1,0,0,9
0,-1,43,0,6
0,-1,42,0,6
0,-1,42,0,6
0,-1,40,0,6
0,-1,39,0,6
0,-1,39,0,6
0,-1,40,0,7
0,-1,40,0,7
0,-1,0,0,7
0,-1,39,0,7
0,-1,1,0,7
0,-1,42,0,4
0,-1,42,0,4
0,-1,46,0,4
0,-1,46,0,4
0,-1,47,0,4
0,-1,0,0,4
0,-1,44,0,8
0,-1,43,0,8
0,-1,1,0,8
0,-1,41,0,8
0,-1,43,0,11
0,-1,41,0,11
1,5.0,41,0,11
0,-1,34,0,11
0,-1,0,0,11
0,-1,43,0,23
0,-1,51,0,23
0,-1,1,0,23
0,-1,1,0,23
0,-1,79,82,28
0,-1,93,82,28
0,-1,71,82,28
0,-1,135,82,48
0,-1,138,72,48
0,-1,138,72,48
0,-1,138,72,48
0,-1,113,68,48
0,-1,0,54,48
0,-1,79,33,23
0,-1,74,26,23
0,-1,18,26,23
0,-1,61,4,22
0,-1,60,2,22
0,-1,60,2,22
0,-1,60,2,22
0,-1,53,0,18
0,-1,54,0,18
0,-1,54,0,18
0,-1,53,0,11
0,-1,50,0,11
0,-1,48,0,10
0,-1,48,0,10
0,-1,51,0,10
0,-1,0,0,10
0,-1,43,0,8
0,-1,41,0,7
0,-1,46,0,7
0,-1,45,0,7
0,-1,44,0,7
0,-1,0,0,7
0,-1,43,0,5
0,-1,41,0,5
0,-1,41,0,5
0,-1,38,0,6
0,-1,39,0,6
0,-1,39,0,6
0,-1,46,0,5
0,-1,49,0,5
0,-1,0,0,5
0,-1,48,0,5
0,-1,9,0,5
0,-1,47,0,8
0,-1,46,0,7
0,-1,47,0,7
0,-1,46,0,8
0,-1,47,0,8
0,-1,0,0,8
0,-1,47,0,10
0,-1,47,0,10
0,-1,47,0,10
0,-1,46,0,8
0,-1,42,0,9
0,-1,41,0,9
0,-1,41,0,9
0,-1,45,0,11
0,-1,47,0,11
1,5.0,43,0,16
0,-1,49,0,16
0,-1,9,0,16
0,-1,9,0,16
0,-1,61,11,22
0,-1,101,28,22
0,-1,6,28,22
0,-1,117,73,57
0,-1,118,79,57
0,-1,118,79,57
0,-1,118,79,57
0,-1,126,98,57
0,-1,32,98,57
0,-1,7,98,57
0,-1,7,98,57
0,-1,84,64,57
0,-1,48,64,57
0,-1,63,26,20
0,-1,57,17,20
0,-1,0,11,20
0,-1,0,11,20
0,-1,44,0,11
0,-1,46,0,11
0,-1,46,0,11
0,-1,48,0,11
0,-1,0,0,11
0,-1,44,0,9
0,-1,43,0,9
0,-1,6,0,9
0,-1,45,0,8
0,-1,46,0,9
0,-1,48,0,9
0,-1,48,0,9
0,-1,44,0,9
0,-1,0,0,9
0,-1,45,0,6
0,-1,44,0,6
0,-1,44,0,6
0,-1,46,0,16
0,-1,43,0,15
0,-1,43,0,15
0,-1,43,0,15
0,-1,44,0,15
0,-1,0,0,15
0,-1,43,0,13
0,-1,41,0,13
0,-1,7,0,13
0,-1,3,0,13
0,-1,51,0,12
0,-1,51,0,12
0,-1,51,0,12
0,-1,55,0,10
0,-1,54,0,10
0,-1,49,0,14
0,-1,47,0,14
0,-1,5,0,14
0,-1,5,0,14
0,-1,50,0,11
0,-1,47,0,11
0,-1,47,0,11
0,-1,50,0,7
0,-1,49,0,7
0,-1,49,0,7
0,-1,50,0,14
0,-1,54,0,14
0,-1,4,0,14
1,5.0,4,0,14
0,-1,60,0,23
0,-1,62,0,23
0,-1,62,0,23
0,-1,64,15,23
0,-1,64,15,23
0,-1,64,15,23
0,-1,116,68,47
0,-1,127,90,47
0,-1,79,90,47
0,-1,79,90,47
0,-1,137,98,47
0,-1,8,84,47
0,-1,8,84,47
0,-1,87,38,47
0,-1,4,30,47
0,-1,68,30,24
0,-1,61,30,24
0,-1,38,30,24
0,-1,52,25,21
0,-1,51,19,21
0,-1,3,10,21
0,-1,66,0,13
0,-1,64,0,13
0,-1,64,0,13
0,-1,59,0,8
0,-1,56,0,8
0,-1,0,0,8
0,-1,46,0,8
0,-1,42,0,8
0,-1,42,0,8
0,-1,44,0,6
0,-1,41,0,6
0,-1,41,0,6
0,-1,44,0,6
0,-1,44,0,6
0,-1,44,0,5
0,-1,47,0,5
0,-1,1,0,5
0,-1,43,0,7
0,-1,44,0,7
0,-1,44,0,7
0,-1,42,0,5
0,-1,41,0,5
0,-1,0,0,5
0,-1,45,0,7
0,-1,45,0,7
0,-1,45,0,7
0,-1,45,0,5
0,-1,44,0,5
0,-1,44,0,5
0,-1,56,0,9
0,-1,49,0,9
0,-1,52,0,10
0,-1,51,0,10
0,-1,7,0,10
0,-1,7,0,10
0,-1,44,0,16
0,-1,43,0,16
0,-1,43,0,16
0,-1,44,0,14
0,-1,44,0,14
0,-1,47,0,18
0,-1,43,0,18
1,5.0,6,0,18
0,-1,6,0,18
0,-1,49,0,24
0,-1,51,0,24
0,-1,51,0,24
0,-1,81,0,28
0,-1,98,6,28
0,-1,2,38,28
0,-1,2,38,28
0,-1,129,68,28
0,-1,19,60,28
0,-1,6,60,28
0,-1,122,81,28
0,-1,122,81,28
0,-1,122,81,28
0,-1,86,37,28
0,-1,7,27,28
0,-1,7,27,28
0,-1,57,9,28
0,-1,5,9,28
0,-1,51,0,20
0,-1,52,0,20
0,-1,52,0,20
0,-1,48,0,18
0,-1,48,0,18
0,-1,6,0,18
0,-1,47,0,12
0,-1,48,0,12
0,-1,0,0,12
0,-1,47,0,9
0,-1,44,0,9
0,-1,44,0,9
0,-1,47,0,9
0,-1,42,0,9
0,-1,42,0,9
0,-1,42,0,7
0,-1,46,0,7
0,-1,0,0,7
0,-1,42,0,7
0,-1,42,0,7
0,-1,42,0,7
0,-1,40,0,5
0,-1,41,0,5
0,-1,1,0,5
0,-1,1,0,5
0,-1,38,0,3
0,-1,38,0,3
0,-1,38,0,3
0,-1,45,0,3
0,-1,46,0,3
0,-1,0,0,3
0,-1,47,0,4
0,-1,43,0,4
0,-1,43,0,4
0,-1,47,0,4
0,-1,45,0,4
0,-1,45,0,4
0,-1,46,0,3
0,-1,46,0,3
0,-1,0,0,3
0,-1,46,0,3
1,5.0,8,0,3
0,-1,49,0,14
0,-1,51,0,13
0,-1,50,0,13
0,-1,50,0,13
0,-1,65,0,28
0,-1,76,1,28
0,-1,23,1,28
0,-1,23,1,28
0,-1,122,57,28
0,-1,33,64,28
0,-1,33,64,28
0,-1,160,60,28
0,-1,160,60,28
0,-1,160,60,28
0,-1,120,29,28
0,-1,8,20,28
0,-1,8,20,28
0,-1,81,1,26
0,-1,72,0,26
0,-1,72,0,26
0,-1,58,0,13
0,-1,56,0,13
0,-1,0,0,13
0,-1,48,0,31
0,-1,54,0,31
0,-1,54,0,31
0,-1,56,0,17
0,-1,54,0,17
0,-1,54,0,17
0,-1,50,0,11
0,-1,51,0,11
0,-1,0,0,11
0,-1,51,0,9
0,-1,49,0,9
0,-1,7,0,9
0,-1,54,0,11
0,-1,52,0,10
0,-1,48,0,10
0,-1,48,0,10
0,-1,46,0,6
0,-1,44,0,6
0,-1,0,0,6
0,-1,44,0,6
0,-1,44,0,6
0,-1,47,0,9
0,-1,52,0,12
0,-1,49,0,12
0,-1,49,0,12
0,-1,44,0,10
0,-1,46,0,10
0,-1,42,0,10
0,-1,38,0,10
0,-1,38,0,10
0,-1,38,0,10
0,-1,38,0,19
0,-1,41,0,19
0,-1,41,0,19
0,-1,46,0,18
0,-1,46,0,18
0,-1,0,0,18
0,-1,49,0,13
0,-1,45,0,13
0,-1,45,0,13
0,-1,42,0,16
0,-1,44,0,16
0,-1,44,0,16
0,-1,48,0,20
0,-1,52,0,20
0,-1,52,0,20
1,5.0,48,0,21
0,-1,55,0,21
0,-1,55,0,21
0,-1,65,0,31
0,-1,87,0,31
0,-1,87,0,31
0,-1,87,0,31
0,-1,138,84,31
0,-1,138,84,31
0,-1,153,109,81
0,-1,161,114,81
0,-1,109,114,81
0,-1,109,114,81
0,-1,114,88,81
0,-1,2,69,81
0,-1,83,40,29
0,-1,77,30,29
0,-1,2,30,29
0,-1,63,7,17
0,-1,60,0,17
0,-1,0,0,17
0,-1,53,0,23
0,-1,52,0,23
0,-1,1,0,23
0,-1,1,0,23
0,-1,53,0,13
0,-1,51,0,13
0,-1,51,0,13
0,-1,45,0,13
0,-1,0,0,13
0,-1,45,0,11
0,-1,42,0,11
0,-1,3,0,11
0,-1,3,0,11
0,-1,47,0,11
0,-1,47,0,11
0,-1,43,0,6
0,-1,45,0,6
0,-1,0,0,6
0,-1,41,0,8
0,-1,45,0,8
0,-1,0,0,8
0,-1,0,0,8
0,-1,42,0,8
0,-1,43,0,8
0,-1,43,0,8
0,-1,44,0,8
0,-1,43,0,8
0,-1,0,0,8
0,-1,46,0,8
0,-1,9,0,8
0,-1,9,0,8
0,-1,51,0,11
0,-1,47,0,11
0,-1,47,0,11
0,-1,54,0,12
0,-1,50,0,12
0,-1,0,10,12
0,-1,47,0,9
0,-1,48,0,9
0,-1,2,0,9
0,-1,2,0,9
0,-1,44,0,9
0,-1,49,0,9
0,-1,49,0,9
0,-1,45,0,12
1,5.0,51,0,12
0,-1,0,0,12
0,-1,67,6,12
0,-1,73,54,12
0,-1,8,123,12
0,-1,4,123,12
0,-1,159,148,61
0,-1,169,124,61
0,-1,117,124,61
0,-1,117,124,61
0,-1,162,91,61
0,-1,9,79,61
0,-1,9,79,61
0,-1,110,48,35
0,-1,97,36,35
0,-1,4,36,35
0,-1,71,17,20
0,-1,63,26,20
0,-1,63,26,20
0,-1,63,26,20
0,-1,60,8,20
0,-1,6,3,20
0,-1,6,3,20
0,-1,49,0,20
0,-1,0,0,20
0,-1,45,0,16
0,-1,44,0,16
0,-1,44,0,16
0,-1,44,0,16
0,-1,47,0,16
0,-1,8,0,16
0,-1,8,0,16
0,-1,46,0,9
0,-1,43,0,9
0,-1,46,0,7
0,-1,44,0,7
0,-1,44,0,7
0,-1,48,0,5
0,-1,46,0,5
0,-1,6,0,5
0,-1,46,0,6
0,-1,49,0,6
0,-1,0,0,6
0,-1,44,0,8
0,-1,47,0,8
0,-1,47,0,8
0,-1,43,0,9
0,-1,44,0,9
0,-1,6,0,9
0,-1,41,0,7
0,-1,38,0,7
0,-1,38,0,7
0,-1,42,0,5
0,-1,41,0,5
0,-1,41,0,5
0,-1,44,0,6
0,-1,45,0,6
0,-1,5,0,6
0,-1,5,0,6
0,-1,44,0,15
0,-1,44,0,15
0,-1,44,0,15
0,-1,45,0,22
1,5.0,47,0,22
0,-1,47,0,22
0,-1,53,0,28
0,-1,54,0,28
0,-1,2,0,28
0,-1,2,0,28
0,-1,81,56,49
0,-1,105,70,49
0,-1,105,70,49
0,-1,123,90,49
0,-1,6,86,49
0,-1,6,86,49
0,-1,100,71,48
0,-1,90,53,48
0,-1,0,383,48
0,-1,74,29,32
0,-1,67,21,32
0,-1,67,21,32
0,-1,59,7,24
0,-1,61,4,24
0,-1,7,0,24
0,-1,7,0,24
0,-1,60,0,24
0,-1,55,0,24
0,-1,50,0,17
0,-1,51,0,14
0,-1,52,0,14
0,-1,52,0,14
0,-1,52,0,14
0,-1,44,0,10
0,-1,47,0,10
0,-1,47,0,10
0,-1,41,0,6
0,-1,43,0,6
0,-1,43,0,6
0,-1,43,0,6
0,-1,43,0,6
0,-1,44,0,7
0,-1,43,0,7
0,-1,2,0,7
0,-1,2,0,7
0,-1,44,0,4
0,-1,46,0,4
0,-1,46,0,4
0,-1,49,0,4
0,-1,49,0,4
0,-1,45,0,7
0,-1,49,0,7
0,-1,9,0,7
0,-1,9,0,7
0,-1,48,0,7
0,-1,48,0,7
0,-1,49,0,13
0,-1,47,0,13
0,-1,47,0,13
0,-1,50,0,23
0,-1,48,0,23
0,-1,8,0,23
0,-1,8,0,23
0,-1,48,0,23
0,-1,0,0,23
0,-1,54,0,19
0,-1,53,0,19
0,-1,53,0,19
0,-1,53,0,19
1,5.0,50,0,22
0,-1,54,0,22
0,-1,51,0,23
0,-1,58,0,23
0,-1,34,0,23
0,-1,109,100,33
0,-1,119,99,33
0,-1,19,86,33
0,-1,19,86,33
0,-1,142,110,50
0,-1,140,109,50
0,-1,126,109,50
0,-1,126,109,50
0,-1,129,96,50
0,-1,4,85,50
0,-1,92,52,25
0,-1,83,39,25
0,-1,7,39,25
0,-1,66,13,19
0,-1,61,9,19
0,-1,2,9,19
0,-1,60,0,21
0,-1,58,0,21
0,-1,3,0,21
0,-1,3,0,21
0,-1,50,0,15
0,-1,51,0,15
0,-1,51,0,15
0,-1,52,0,13
0,-1,50,0,13
0,-1,49,0,10
0,-1,46,0,10
0,-1,5,0,10
0,-1,46,0,8
0,-1,43,0,8
0,-1,42,0,8
0,-1,42,0,7
0,-1,40,0,7
0,-1,40,0,7
0,-1,44,0,4
0,-1,42,0,4
0,-1,2,0,4
0,-1,48,0,6
0,-1,50,0,6
0,-1,50,0,6
0,-1,52,0,9
0,-1,51,0,9
0,-1,0,0,9
0,-1,47,0,9
0,-1,9,0,9
0,-1,9,0,9
0,-1,48,0,8
0,-1,48,0,8
0,-1,48,0,8
0,-1,47,0,8
0,-1,47,0,8
0,-1,45,0,9
0,-1,42,0,9
0,-1,2,0,9
1,5.0,2,0,9
0,-1,53,0,9
0,-1,53,0,9
0,-1,53,0,9
0,-1,72,0,14
0,-1,92,53,14
0,-1,92,53,14
0,-1,155,136,37
0,-1,154,128,37
0,-1,15,128,37
0,-1,15,128,37
0,-1,128,90,37
0,-1,128,90,37
0,-1,128,90,37
0,-1,76,30,37
0,-1,4,21,37
0,-1,4,21,37
0,-1,65,11,37
0,-1,65,11,37
0,-1,55,0,19
0,-1,55,0,19
0,-1,55,0,19
0,-1,56,0,12
0,-1,52,0,12
0,-1,0,0,12
0,-1,0,0,12
0,-1,53,0,8
0,-1,51,0,8
0,-1,51,0,8
0,-1,45,0,7
0,-1,48,0,7
0,-1,48,0,7
0,-1,45,0,5
0,-1,43,0,5
0,-1,5,0,5
0,-1,47,0,5
0,-1,44,0,4
0,-1,45,0,4
0,-1,44,0,4
0,-1,47,0,4
0,-1,47,0,4
0,-1,48,0,7
0,-1,48,0,7
0,-1,6,0,7
0,-1,52,0,5
0,-1,50,0,5
0,-1,50,0,5
0,-1,50,0,6
0,-1,51,0,6
0,-1,0,0,6
0,-1,51,0,6
0,-1,2,0,6
0,-1,50,0,6
0,-1,48,0,5
0,-1,48,0,5
0,-1,48,0,5
0,-1,45,0,11
0,-1,43,0,11
1,5.0,0,0,11
0,-1,44,0,11
0,-1,8,0,11
0,-1,8,0,11
0,-1,68,48,22
0,-1,80,62,22
0,-1,104,62,22
0,-1,104,62,22
0,-1,117,103,22
0,-1,0,85,22
0,-1,0,85,22
0,-1,90,48,26
0,-1,83,37,26
0,-1,83,37,26
0,-1,65,9,17
0,-1,60,7,17
0,-1,2,7,17
0,-1,52,0,17
0,-1,3,0,17
0,-1,3,0,17
0,-1,46,0,15
0,-1,48,0,15
0,-1,48,0,15
0,-1,44,0,10
0,-1,43,0,10
0,-1,0,0,10
0,-1,44,0,10
0,-1,1,0,10
0,-1,47,0,6
0,-1,46,0,7
0,-1,47,0,7
0,-1,45,0,5
0,-1,46,0,5
0,-1,0,0,5
0,-1,43,0,4
0,-1,46,0,4
0,-1,46,0,4
0,-1,43,0,6
0,-1,42,0,6
0,-1,42,0,6
0,-1,46,0,6
0,-1,43,0,6
0,-1,0,0,6
0,-1,44,0,6
0,-1,3,0,6
0,-1,47,0,5
0,-1,46,0,8
0,-1,46,0,8
0,-1,46,0,8
0,-1,50,0,8
0,-1,0,0,8
0,-1,47,0,8
0,-1,49,0,8
0,-1,49,0,8
0,-1,49,0,8
0,-1,39,0,17
0,-1,43,0,17
0,-1,40,0,25
0,-1,43,0,25
1,5.0,0,0,25
0,-1,58,0,26
0,-1,62,0,26
0,-1,6,7,26
0,-1,6,7,26
0,-1,121,89,54
0,-1,119,107,54
0,-1,90,107,54
0,-1,131,79,61
0,-1,122,78,61
0,-1,4,80,61
0,-1,114,63,48
0,-1,106,51,48
0,-1,8,51,48
0,-1,78,19,25
0,-1,71,17,25
0,-1,14,17,25
0,-1,58,1,24
0,-1,57,0,24
0,-1,7,0,24
0,-1,7,0,24
0,-1,53,0,18
0,-1,53,0,18
0,-1,53,0,18
0,-1,54,0,11
0,-1,56,0,11
0,-1,0,0,11
0,-1,51,0,11
0,-1,8,0,11
0,-1,52,0,7
0,-1,49,0,7
0,-1,45,0,7
0,-1,45,0,7
0,-1,47,0,6
0,-1,46,0,6
0,-1,0,0,6
0,-1,47,0,8
0,-1,48,0,8
0,-1,48,0,8
0,-1,47,0,8
0,-1,53,0,8
0,-1,53,0,8
0,-1,43,0,5
0,-1,50,0,5
0,-1,0,0,5
0,-1,57,0,19
0,-1,54,0,19
0,-1,54,0,19
0,-1,57,0,12
0,-1,55,0,12
0,-1,55,0,12
0,-1,51,0,12
0,-1,51,0,12
0,-1,52,0,13
0,-1,51,0,13
0,-1,7,0,13
0,-1,7,0,13
0,-1,47,0,10
0,-1,48,0,10
0,-1,48,0,10
0,-1,43,0,10
0,-1,43,0,10
0,-1,45,0,9
1,5.0,44,0,9
0,-1,3,0,9
0,-1,3,0,9
0,-1,3,0,9
0,-1,53,0,9
0,-1,1,0,9
0,-1,78,76,43
0,-1,80,92,43
0,-1,9,75,43
0,-1,9,75,43
0,-1,113,72,43
0,-1,9,105,43
0,-1,9,105,43
0,-1,100,84,41
0,-1,110,75,41
0,-1,59,75,41
0,-1,82,37,22
0,-1,82,37,22
0,-1,3,29,22
0,-1,3,29,22
0,-1,61,10,16
0,-1,63,5,16
0,-1,63,5,16
0,-1,55,0,16
0,-1,55,0,16
0,-1,0,0,16
0,-1,52,0,11
0,-1,51,0,11
0,-1,1,0,11
0,-1,1,0,11
0,-1,47,0,11
0,-1,47,0,11
0,-1,48,0,8
0,-1,48,0,8
0,-1,0,0,8
0,-1,56,0,10
0,-1,55,0,10
0,-1,9,0,10
0,-1,51,0,11
0,-1,51,0,11
0,-1,51,0,11
0,-1,52,0,10
0,-1,54,0,10
0,-1,0,0,10
0,-1,49,0,10
0,-1,8,0,10
0,-1,8,0,10
0,-1,46,0,5
0,-1,47,0,5
0,-1,47,0,5
0,-1,44,0,5
0,-1,44,0,5
0,-1,48,0,9
0,-1,53,0,9
0,-1,3,0,9
0,-1,56,0,8
0,-1,51,0,8
0,-1,51,0,8
0,-1,51,0,10
0,-1,52,0,10
0,-1,52,0,10
0,-1,50,0,12
1,5.0,51,0,12
0,-1,51,0,12
0,-1,45,0,12
0,-1,44,0,12
0,-1,44,0,12
0,-1,78,78,14
0,-1,89,100,14
0,-1,1,98,14
0,-1,7,50,14
0,-1,136,119,53
0,-1,141,111,53
0,-1,108,111,53
0,-1,123,111,53
0,-1,123,111,53
0,-1,125,123,53
0,-1,4,126,53
0,-1,5,126,53
0,-1,101,64,26
0,-1,88,55,26
0,-1,88,55,26
0,-1,66,22,13
0,-1,60,16,13
0,-1,10,16,13
0,-1,51,1,8
0,-1,50,0,8
0,-1,47,0,8
0,-1,46,0,7
0,-1,52,0,7
0,-1,52,0,7
0,-1,48,0,8
0,-1,46,0,8
0,-1,0,0,8
0,-1,50,0,5
0,-1,48,0,5
0,-1,48,0,5
0,-1,47,0,8
0,-1,46,0,8
0,-1,46,0,8
0,-1,48,0,6
0,-1,46,0,6
0,-1,46,0,6
0,-1,46,0,6
0,-1,46,0,6
0,-1,46,0,6
0,-1,50,0,7
0,-1,50,0,7
0,-1,50,0,7
0,-1,48,0,7
0,-1,0,0,7
0,-1,47,0,7
0,-1,44,0,7
0,-1,44,0,7
0,-1,42,0,6
0,-1,46,0,6
0,-1,46,0,6
0,-1,47,0,7
0,-1,45,0,7
0,-1,45,0,7
0,-1,46,0,7
0,-1,2,0,7
0,-1,43,0,10
1,5.0,48,0,15
0,-1,58,0,15
0,-1,58,0,15
0,-1,77,12,13
0,-1,84,18,13
0,-1,40,18,13
0,-1,40,18,13
0,-1,106,80,13
0,-1,8,80,13
0,-1,8,80,13
0,-1,128,110,13
0,-1,128,110,13
0,-1,128,110,13
0,-1,100,65,13
0,-1,100,65,13
0,-1,100,65,13
0,-1,65,25,27
0,-1,63,20,27
0,-1,56,5,15
0,-1,53,0,15
0,-1,0,0,15
0,-1,49,0,15
0,-1,49,0,15
0,-1,52,0,15
0,-1,4,0,15
0,-1,4,0,15
0,-1,51,0,10
0,-1,51,0,10
0,-1,51,0,10
0,-1,46,0,8
0,-1,46,0,8
0,-1,0,0,8
0,-1,43,0,6
0,-1,43,0,6
0,-1,47,0,7
0,-1,46,0,6
0,-1,44,0,6
0,-1,44,0,6
0,-1,46,0,6
0,-1,47,0,6
0,-1,0,9,6
0,-1,52,0,10
0,-1,52,0,10
0,-1,2,0,10
0,-1,48,0,7
0,-1,47,0,7
0,-1,46,0,7
0,-1,46,0,7
0,-1,44,0,4
0,-1,45,0,4
0,-1,45,0,4
0,-1,52,0,4
0,-1,0,0,4
0,-1,0,0,4
0,-1,47,0,16
0,-1,49,0,16
0,-1,49,0,16
0,-1,48,0,16
0,-1,0,0,16
1,5.0,57,0,29
0,-1,56,0,29
0,-1,5,0,29
0,-1,5,0,29
0,-1,68,0,19
0,-1,79,16,19
0,-1,4,16,19
0,-1,119,106,48
0,-1,129,113,48
0,-1,5,113,48
0,-1,5,113,48
0,-1,124,106,43
0,-1,118,101,43
0,-1,18,101,43
0,-1,100,81,32
0,-1,103,66,32
0,-1,51,66,32
0,-1,51,66,32
0,-1,67,23,32
0,-1,4,16,32
0,-1,4,16,32
0,-1,52,0,32
0,-1,0,0,32
0,-1,0,0,32
0,-1,46,0,32
0,-1,46,0,32
0,-1,46,0,11
0,-1,43,0,11
0,-1,7,0,11
0,-1,7,0,11
0,-1,48,0,8
0,-1,44,0,8
0,-1,44,0,8
0,-1,40,0,6
0,-1,39,0,6
0,-1,0,0,6
0,-1,42,0,5
0,-1,45,0,5
0,-1,45,0,5
0,-1,43,0,3
0,-1,44,0,4
0,-1,45,0,4
0,-1,44,0,3
0,-1,43,0,3
0,-1,0,0,3
0,-1,46,0,4
0,-1,43,0,4
0,-1,43,0,4
0,-1,43,0,4
0,-1,42,0,4
0,-1,6,0,4
0,-1,6,0,4
0,-1,44,0,4
0,-1,41,0,4
0,-1,0,0,4
0,-1,44,0,4
0,-1,43,0,4
0,-1,43,0,4
0,-1,44,0,3
0,-1,45,0,3
0,-1,2,0,3
0,-1,42,0,3
0,-1,44,0,3
0,-1,46,0,3
0,-1,46,0,3
0,-1,45,0,3
0,-1,45,0,3
0,-1,42,0,4
