0,-1,181,50,27
0,-1,181,50,27
0,-1,180,55,26
0,-1,184,51,26
0,-1,7,51,26
0,-1,195,56,32
0,-1,181,50,32
0,-1,181,50,32
0,-1,189,51,29
0,-1,193,53,29
0,-1,83,46,29
0,-1,83,46,29
0,-1,192,47,29
0,-1,192,47,29
0,-1,192,47,29
0,-1,179,39,29
0,-1,7,42,29
0,-1,7,42,29
0,-1,167,34,25
0,-1,177,37,25
0,-1,177,37,25
0,-1,179,40,25
0,-1,1,37,25
0,-1,1,37,25
0,-1,180,43,27
0,-1,181,44,27
0,-1,1,44,27
0,-1,193,49,25
0,-1,183,43,25
0,-1,183,43,25
0,-1,188,45,25
0,-1,184,47,25
0,-1,80,40,25
0,-1,8,40,25
0,-1,190,45,25
0,-1,190,45,25
0,-1,190,45,25
0,-1,184,42,25
0,-1,95,47,25
0,-1,95,47,25
0,-1,175,39,23
0,-1,187,43,23
0,-1,49,43,23
0,-1,49,43,23
0,-1,176,41,23
0,-1,176,41,23
0,-1,176,41,23
0,-1,172,43,23
0,-1,42,43,23
0,-1,184,49,22
0,-1,181,43,22
0,-1,4,42,22
0,-1,4,42,22
0,-1,175,46,22
0,-1,76,42,22
0,-1,176,43,23
0,-1,184,46,23
0,-1,184,46,23
0,-1,184,46,23
0,-1,178,45,23
0,-1,83,50,23
0,-1,4,50,23
0,-1,169,40,23
0,-1,169,40,23
0,-1,169,40,23
0,-1,171,43,23
0,-1,74,42,23
0,-1,74,42,23
0,-1,178,43,28
0,-1,167,41,28
0,-1,43,41,28
0,-1,176,47,27
0,-1,177,43,27
0,-1,177,43,27
0,-1,183,48,28
0,-1,172,44,28
0,-1,43,44,28
0,-1,178,44,32
0,-1,183,48,32
0,-1,183,48,32
0,-1,183,48,32
0,-1,182,46,32
0,-1,82,49,32
0,-1,2,49,32
0,-1,174,42,32
0,-1,174,42,32
0,-1,174,42,32
0,-1,167,40,32
0,-1,75,43,32
0,-1,75,43,32
0,-1,174,42,37
0,-1,168,40,37
0,-1,44,40,37
0,-1,44,40,37
0,-1,76,42,37
1,1.0,2,44,37
0,-1,205,53,62
0,-1,205,51,62
0,-1,54,51,62
0,-1,223,56,87
0,-1,216,60,87
0,-1,6,55,87
0,-1,192,59,104
0,-1,200,59,104
0,-1,61,59,104
0,-1,1,59,104
0,-1,207,55,66
0,-1,214,56,66
0,-1,214,56,66
0,-1,214,56,66
0,-1,92,49,66
0,-1,2,49,66
0,-1,179,47,47
0,-1,175,43,47
0,-1,175,43,47
0,-1,175,43,47
0,-1,171,44,47
0,-1,1,43,47
0,-1,178,50,32
0,-1,174,44,32
0,-1,42,44,32
0,-1,42,44,32
0,-1,175,49,32
0,-1,6,44,32
0,-1,6,44,32
0,-1,185,48,28
0,-1,173,46,28
0,-1,6,46,28
0,-1,178,46,28
0,-1,3,50,28
0,-1,3,50,28
0,-1,169,42,28
0,-1,80,46,28
0,-1,1,46,28
0,-1,167,44,22
0,-1,16867,44,22
0,-1,16867,44,22
0,-1,16867,44,22
0,-1,172,44,22
0,-1,62,43,22
0,-1,4,43,22
0,-1,171,48,27
0,-1,1721,48,27
0,-1,1721,48,27
0,-1,1721,48,27
0,-1,183,49,27
0,-1,70,47,27
0,-1,70,47,27
0,-1,176,47,21
0,-1,181,51,21
0,-1,45,51,21
0,-1,167,42,21
0,-1,76,47,21
0,-1,76,47,21
0,-1,167,45,37
0,-1,172,45,37
0,-1,48,45,37
0,-1,190,48,37
1,1.0,4,45,37
0,-1,4,45,37
0,-1,185,51,95
0,-1,183,46,95
0,-1,42,46,95
0,-1,193,51,83
0,-1,179,49,83
0,-1,179,49,83
0,-1,198,47,83
0,-1,51,47,83
0,-1,4,47,83
0,-1,176,42,83
0,-1,7,47,83
0,-1,7,47,83
0,-1,167,45,83
0,-1,71,45,83
0,-1,8,45,83
0,-1,171,45,39
0,-1,162,42,39
0,-1,162,42,39
0,-1,170,48,39
0,-1,72,45,39
0,-1,0,45,39
0,-1,179,49,27
0,-1,165,45,27
0,-1,44,45,27
0,-1,44,45,27
0,-1,172,50,27
0,-1,172,50,27
0,-1,160,42,24
0,-1,172,46,24
0,-1,49,46,24
0,-1,49,46,24
0,-1,166,43,24
0,-1,5,4843,24
0,-1,5,4843,24
0,-1,168,44,26
0,-1,158,41,26
0,-1,44,41,26
0,-1,164,47,27
0,-1,165,43,27
0,-1,165,43,27
0,-1,165,43,27
0,-1,165,44,27
0,-1,5,44,27
0,-1,170,46,24
0,-1,173,50,24
0,-1,173,50,24
0,-1,173,50,24
0,-1,73,47,24
0,-1,0,47,24
0,-1,159,44,27
0,-1,164,44,27
0,-1,164,44,27
0,-1,164,44,27
0,-1,158,42,27
0,-1,66,44,27
0,-1,164,47,30
0,-1,165,45,30
0,-1,41,45,30
0,-1,41,45,30
0,-1,161,45,30
0,-1,1,45,30
0,-1,1,45,30
0,-1,168,50,30
0,-1,44,50,30
0,-1,44,50,30
0,-1,166,47,30
0,-1,7,49,30
0,-1,7,49,30
0,-1,167,44,54
1,1.0,172,47,54
0,-1,5,47,54
0,-1,185,52,87
0,-1,189,53,87
0,-1,189,53,87
0,-1,189,53,87
0,-1,83,56,87
0,-1,9,56,87
0,-1,178,58,70
0,-1,176,56,70
0,-1,176,56,70
0,-1,176,56,70
0,-1,168,48,70
0,-1,63,47,70
0,-1,174,49,38
0,-1,170,52,38
0,-1,46,52,38
0,-1,46,52,38
0,-1,172,49,38
0,-1,2,50,38
0,-1,2,50,38
0,-1,165,47,27
0,-1,173,50,27
0,-1,173,50,27
0,-1,157,41,27
0,-1,6,46,27
0,-1,6,46,27
0,-1,161,46,27
0,-1,160,42,27
0,-1,7,42,27
0,-1,164,42,27
0,-1,159,44,27
0,-1,159,44,27
0,-1,159,44,27
0,-1,169,50,27
0,-1,65,45,27
0,-1,3,45,27
0,-1,174,49,26
0,-1,165,48,26
0,-1,165,48,26
0,-1,165,48,26
0,-1,174,53,26
0,-1,0,53,26
0,-1,160,45,46
0,-1,169,49,46
0,-1,53,49,46
0,-1,53,49,46
0,-1,159,43,46
0,-1,0,48,46
0,-1,0,48,46
0,-1,159,45,45
0,-1,161,44,45
0,-1,9,44,45
0,-1,166,45,46
0,-1,159,43,46
0,-1,159,43,46
0,-1,159,43,46
0,-1,148,43,46
0,-1,9,43,46
1,1.0,1,43,46
0,-1,157,52,46
0,-1,157,52,46
0,-1,47,52,46
0,-1,192,72,46
0,-1,19,76,46
0,-1,19,76,46
0,-1,202,65,89
0,-1,195,67,76
0,-1,184,59,76
0,-1,184,59,76
0,-1,181,56,76
0,-1,5,57,76
0,-1,5,57,76
0,-1,167,50,37
0,-1,176,53,37
0,-1,2,53,37
0,-1,159,44,33
0,-1,168,48,33
0,-1,168,48,33
0,-1,168,48,33
0,-1,163,48,27
0,-1,159,43,27
0,-1,8,43,27
0,-1,8,43,27
0,-1,161,45,27
0,-1,158,45,27
0,-1,158,45,27
0,-1,158,45,27
0,-1,165,45,27
0,-1,59,45,27
0,-1,59,45,27
0,-1,167,52,27
0,-1,164,46,27
0,-1,44,46,27
0,-1,173,50,27
0,-1,3,50,27
0,-1,4,47,27
0,-1,4,47,27
0,-1,166,47,29
0,-1,172,51,29
0,-1,172,51,29
0,-1,157,43,29
0,-1,7,47,29
0,-1,7,47,29
0,-1,159,46,28
0,-1,160,45,28
0,-1,169,52,27
0,-1,163,45,27
0,-1,6,45,27
0,-1,6,45,27
0,-1,168,52,27
0,-1,67,47,27
0,-1,4,47,27
0,-1,176,52,29
0,-1,166,50,29
0,-1,166,50,29
0,-1,166,50,29
0,-1,196,62,29
1,1.0,79,54,29
0,-1,79,54,29
0,-1,172,48,103
0,-1,189,61,103
0,-1,64,61,103
0,-1,64,61,103
0,-1,180,51,103
0,-1,7,61,103
0,-1,7,61,103
0,-1,7,61,103
0,-1,187,73,103
0,-1,73,73,103
0,-1,178,61,54
0,-1,166,56,54
0,-1,166,56,54
0,-1,166,56,54
0,-1,166,54,54
0,-1,58,48,54
0,-1,2,48,54
0,-1,161,51,34
0,-1,161,51,34
0,-1,161,51,34
0,-1,161,51,34
0,-1,60,47,34
0,-1,6,48,34
0,-1,169,51,25
0,-1,165,53,25
0,-1,47,53,25
0,-1,47,53,25
0,-1,171,50,25
0,-1,4,52,25
0,-1,4,52,25
0,-1,163,47,23
0,-1,172,51,23
0,-1,0,51,23
0,-1,155,44,24
0,-1,166,49,24
0,-1,166,49,24
0,-1,166,49,24
0,-1,156,44,24
0,-1,66,444,24
0,-1,9,444,24
0,-1,160,46,25
0,-1,156,47,25
0,-1,156,47,25
0,-1,156,47,25
0,-1,162,47,25
0,-1,53,46,25
0,-1,53,46,25
0,-1,160,52,25
0,-1,160,52,25
0,-1,45,52,25
0,-1,172,52,25
0,-1,0,50,25
0,-1,0,50,25
0,-1,170,54,37
0,-1,188,59,37
1,1.0,53,59,37
0,-1,194,56,74
0,-1,207,61,74
0,-1,207,61,74
0,-1,207,61,74
0,-1,207,61,74
0,-1,180,51,74
0,-1,9,51,74
0,-1,226,61,74
0,-1,207,58,74
0,-1,207,58,74
0,-1,207,58,74
0,-1,188,51,74
0,-1,75,47,74
0,-1,75,47,74
0,-1,169,50,39
0,-1,168,49,39
0,-1,168,49,39
0,-1,168,49,39
0,-1,59,48,39
0,-1,59,48,39
0,-1,167,51,27
0,-1,168,55,27
0,-1,49,55,27
0,-1,158,48,27
0,-1,169,52,27
0,-1,3,55,27
0,-1,151,46,29
0,-1,159,48,29
0,-1,52,48,29
0,-1,161,49,26
0,-1,153,45,26
0,-1,153,45,26
0,-1,153,45,26
0,-1,160,50,26
0,-1,54,45,26
0,-1,0,45,26
0,-1,158,48,21
0,-1,156,49,21
0,-1,156,49,21
0,-1,156,49,21
0,-1,160,47,21
0,-1,4,47,21
0,-1,168,51,25
0,-1,162,53,25
0,-1,46,53,25
0,-1,46,53,25
0,-1,167,52,25
0,-1,8,51,25
0,-1,8,51,25
0,-1,160,49,25
0,-1,169,54,25
0,-1,0,54,25
0,-1,154,46,25
0,-1,3,50,25
0,-1,3,50,25
0,-1,152,47,25
0,-1,63,45,25
0,-1,1,45,25
0,-1,176,47,71
1,1.0,168,49,71
0,-1,168,49,71
0,-1,168,49,71
0,-1,188,54,71
0,-1,70,53,71
0,-1,70,53,71
0,-1,168,69,110
0,-1,167,68,110
0,-1,65,68,110
0,-1,65,68,110
0,-1,63,58,110
0,-1,3,56,110
0,-1,167,54,60
0,-1,170,58,60
0,-1,54,58,60
0,-1,54,58,60
0,-1,165,54,60
0,-1,5,58,60
0,-1,5,58,60
0,-1,156,51,33
0,-1,167,57,33
0,-1,9,57,33
0,-1,152,49,29
0,-1,160,51,29
0,-1,160,51,29
0,-1,160,51,29
0,-1,52,46,29
0,-1,1,46,29
0,-1,157,53,26
0,-1,158,52,26
0,-1,158,52,26
0,-1,158,52,26
0,-1,156,49,26
0,-1,4,50,26
0,-1,4,50,26
0,-1,164,55,34
0,-1,158,55,34
0,-1,48,55,34
0,-1,48,55,34
0,-1,168,52,34
0,-1,2,55,34
0,-1,2,55,34
0,-1,160,49,32
0,-1,169,53,32
0,-1,4,53,32
0,-1,152,46,32
0,-1,1,50,32
0,-1,1,50,32
0,-1,158,53,35
0,-1,154,49,35
0,-1,5,49,35
0,-1,159,52,35
0,-1,157,53,35
0,-1,157,53,35
0,-1,157,53,35
0,-1,156,49,35
0,-1,8,49,35
0,-1,186,57,58
0,-1,178,61,58
1,1.0,178,61,58
0,-1,178,61,58
0,-1,198,65,58
0,-1,3,70,58
0,-1,3,70,58
0,-1,169,65,95
0,-1,173,62,95
0,-1,173,62,95
0,-1,164,50,95
0,-1,9,53,95
0,-1,9,53,95
0,-1,156,50,50
0,-1,156,44,50
0,-1,156,44,50
0,-1,160,48,50
0,-1,4,49,50
0,-1,4,49,50
0,-1,161,54,38
0,-1,159,48,38
0,-1,7,3048,38
0,-1,158,47,28
0,-1,167,53,28
0,-1,6,53,28
0,-1,6,53,28
0,-1,6,53,28
0,-1,67,53,28
0,-1,0,53,28
0,-1,152,45,23
0,-1,162,50,23
0,-1,162,50,23
0,-1,162,50,23
0,-1,152,47,23
0,-1,63,51,23
0,-1,63,51,23
0,-1,149,49,25
0,-1,153,48,25
0,-1,53,48,25
0,-1,158,50,28
0,-1,150,47,28
0,-1,150,47,28
0,-1,155,52,32
0,-1,156,50,32
0,-1,45,50,32
0,-1,167,54,28
0,-1,154,51,28
0,-1,154,51,28
0,-1,154,51,28
0,-1,165,56,28
0,-1,56,50,28
0,-1,155,48,24
0,-1,164,53,24
0,-1,164,53,24
0,-1,164,53,24
0,-1,164,53,24
0,-1,164,53,24
0,-1,64,53,24
0,-1,64,53,24
1,1.0,161,52,76
0,-1,156,52,76
0,-1,59,52,76
0,-1,59,52,76
0,-1,154,66,76
0,-1,7,74,76
0,-1,7,74,76
0,-1,163,75,78
0,-1,158,66,78
0,-1,5,66,78
0,-1,156,57,45
0,-1,155,56,45
0,-1,155,56,45
0,-1,163,59,37
0,-1,158,50,37
0,-1,9,50,37
0,-1,166,54,35
0,-1,160,56,35
0,-1,160,56,35
0,-1,160,56,35
0,-1,166,55,35
0,-1,56,53,35
0,-1,149,46,27
0,-1,158,50,27
0,-1,158,50,27
0,-1,51,50,27
0,-1,152,46,27
0,-1,2,51,27
0,-1,2,51,27
0,-1,150,49,25
0,-1,151,47,25
0,-1,52,47,25
0,-1,156,48,23
0,-1,149,48,23
0,-1,149,48,23
0,-1,149,48,23
0,-1,158,50,23
0,-1,48,48,23
0,-1,0,48,23
0,-1,154,53,25
0,-1,157,51,25
0,-1,157,51,25
0,-1,166,56,25
0,-1,53,51,25
0,-1,53,51,25
0,-1,160,51,25
0,-1,163,57,25
0,-1,50,57,25
0,-1,50,57,25
0,-1,162,52,25
0,-1,0,56,25
0,-1,0,56,25
0,-1,156,46,25
0,-1,51,46,25
0,-1,7,46,25
1,1.0,169,54,25
0,-1,0,57,25
0,-1,0,57,25
0,-1,171,57,75
0,-1,160,50,75
0,-1,5,50,75
0,-1,155,58,73
0,-1,168,60,73
0,-1,168,60,73
0,-1,168,60,73
0,-1,165,54,73
0,-1,60,53,73
0,-1,60,53,73
0,-1,163,56,32
0,-1,159,49,32
0,-1,48,49,32
0,-1,165,54,32
0,-1,7,56,32
0,-1,7,50,32
0,-1,156,52,29
0,-1,163,56,29
0,-1,54,56,29
0,-1,146,47,33
0,-1,156,53,33
0,-1,156,53,33
0,-1,156,53,33
0,-1,149,47,33
0,-1,58,52,33
0,-1,7,52,33
0,-1,147,50,21
0,-1,150,49,21
0,-1,150,49,21
0,-1,150,49,21
0,-1,146,49,21
0,-1,2,50,21
0,-1,156,57,22
0,-1,155,52,22
0,-1,48,52,22
0,-1,48,52,22
0,-1,149,53,22
0,-1,2,52,22
0,-1,2,52,22
0,-1,159,57,22
0,-1,52,57,22
0,-1,147,48,22
0,-1,156,53,22
0,-1,7,57,22
0,-1,7,57,22
0,-1,149,49,22
0,-1,61,55,22
0,-1,8,55,22
0,-1,145,49,22
0,-1,145,49,22
0,-1,145,49,22
1,1.0,162,56,22
0,-1,61,51,22
0,-1,5,51,22
0,-1,178,60,91
0,-1,175,58,91
0,-1,54,58,91
0,-1,54,58,91
0,-1,172,67,91
0,-1,1,6867,91
0,-1,1,6867,91
0,-1,172,64,65
0,-1,170,66,65
0,-1,57,66,65
0,-1,57,66,65
0,-1,165,58,65
0,-1,9,60,65
0,-1,9,60,65
0,-1,153,53,30
0,-1,163,56,30
0,-1,8,56,30
0,-1,146,49,23
0,-1,155,52,23
0,-1,155,52,23
0,-1,154,54,23
0,-1,47,48,23
0,-1,3,48,23
0,-1,148,52,28
0,-1,147,52,28
0,-1,147,52,28
0,-1,147,52,28
0,-1,147,50,28
0,-1,1,50,28
0,-1,155,55,28
0,-1,150,58,28
0,-1,51,58,28
0,-1,51,58,28
0,-1,155,57,28
0,-1,7,57,28
0,-1,7,57,28
0,-1,152,52,29
0,-1,160,57,29
0,-1,160,57,29
0,-1,143,47,29
0,-1,2,53,29
0,-1,2,53,29
0,-1,144,52,25
0,-1,143,48,25
0,-1,4,48,25
0,-1,147,51,26
0,-1,142,51,26
0,-1,142,51,26
0,-1,151,57,26
0,-1,49,51,26
0,-1,9,51,26
0,-1,158,56,29
0,-1,149,56,29
0,-1,149,56,29
0,-1,149,56,29
0,-1,58,57,29
0,-1,3,57,29
0,-1,143,48,23
0,-1,153,53,23
0,-1,58,53,23
0,-1,58,53,23
0,-1,145,50,25
0,-1,153,55,25
0,-1,153,55,25
0,-1,140,51,24
0,-1,146,51,24
0,-1,56,51,24
0,-1,148,52,25
0,-1,139,49,25
0,-1,139,49,25
1,1.0,139,49,25
0,-1,151,53,25
0,-1,42,48,25
0,-1,4,48,25
0,-1,153,65,42
0,-1,155,64,42
0,-1,61,64,42
0,-1,61,64,42
0,-1,62,62,42
0,-1,9,65,42
0,-1,165,63,90
0,-1,164,66,90
0,-1,57,66,90
0,-1,57,66,90
0,-1,163,65,90
0,-1,9,69,90
0,-1,9,69,90
0,-1,153,58,90
0,-1,62,58,90
0,-1,150,56,38
0,-1,142,51,38
0,-1,1,55,38
0,-1,1,55,38
0,-1,147,57,38
0,-1,43,52,38
0,-1,6,52,38
0,-1,147,54,31
0,-1,144,55,31
0,-1,144,55,31
0,-1,153,60,31
0,-1,47,53,31
0,-1,1,53,31
0,-1,155,56,25
0,-1,148,58,25
0,-1,53,58,25
0,-1,53,58,25
0,-1,156,58,25
0,-1,6,57,25
0,-1,141,50,24
0,-1,149,56,24
0,-1,61,56,24
0,-1,61,56,24
0,-1,141,52,24
0,-1,0,57,24
0,-1,0,57,24
0,-1,141,55,35
0,-1,142,52,35
0,-1,7,52,35
0,-1,145,53,35
0,-1,145,53,35
0,-1,145,53,35
0,-1,148,59,35
0,-1,47,54,35
0,-1,2,54,35
0,-1,155,60,30
0,-1,146,59,30
0,-1,146,59,30
0,-1,150,55,30
0,-1,57,61,30
1,1.0,57,61,30
0,-1,143,53,33
0,-1,159,56,33
0,-1,64,56,33
0,-1,64,56,33
0,-1,152,62,33
0,-1,9,64,33
0,-1,9,64,33
0,-1,146,61,33
0,-1,79,61,33
0,-1,192,100,58
0,-1,178,87,58
0,-1,3,78,58
0,-1,3,78,58
0,-1,156,71,51
0,-1,155,66,51
0,-1,0,66,51
0,-1,158,66,40
0,-1,146,60,40
0,-1,146,60,40
0,-1,153,60,40
0,-1,54,64,40
0,-1,6,64,40
0,-1,143,54,25
0,-1,152,59,25
0,-1,152,59,25
0,-1,152,59,25
0,-1,143,55,25
0,-1,2,60,25
0,-1,2,60,25
0,-1,135,51,32
0,-1,144,54,32
0,-1,60,54,32
0,-1,144,56,32
0,-1,8,52,32
0,-1,8,52,32
0,-1,143,56,31
0,-1,143,57,31
0,-1,2,57,31
0,-1,150,63,27
0,-1,143,55,27
0,-1,143,55,27
0,-1,143,55,27
0,-1,147,61,27
0,-1,44,55,27
0,-1,3,55,27
0,-1,151,60,26
0,-1,142,60,26
0,-1,56,60,26
0,-1,143,55,26
0,-1,50,60,26
0,-1,50,60,26
0,-1,136,51,31
0,-1,144,56,31
0,-1,61,56,31
0,-1,61,56,31
0,-1,136,53,31
0,-1,6,58,31
0,-1,6,58,31
0,-1,136,55,34
0,-1,138,54,34
0,-1,9,54,34
0,-1,143,55,34
0,-1,143,55,34
0,-1,143,55,34
1,1.0,145,60,34
0,-1,48,56,34
0,-1,6,56,34
0,-1,159,64,100
0,-1,154,63,100
0,-1,154,63,100
0,-1,154,63,100
0,-1,148,62,100
0,-1,43,59,100
0,-1,43,59,100
0,-1,159,70,111
0,-1,167,82,111
0,-1,75,82,111
0,-1,157,68,111
0,-1,61,66,111
0,-1,61,66,111
0,-1,144,58,64
0,-1,147,56,64
0,-1,60,56,64
0,-1,147,56,45
0,-1,138,54,45
0,-1,5,57,45
0,-1,5,57,45
0,-1,146,57,45
0,-1,53,57,45
0,-1,154,62,36
0,-1,142,58,36
0,-1,142,58,36
0,-1,142,58,36
0,-1,150,63,36
0,-1,40,56,36
0,-1,7,336,36
0,-1,137,54,35
0,-1,146,59,35
0,-1,146,59,35
0,-1,146,59,35
0,-1,138,56,35
0,-1,47,61,35
0,-1,47,61,35
0,-1,132,54,26
0,-1,140,56,26
0,-1,140,56,26
0,-1,141,57,26
0,-1,33,52,26
0,-1,33,52,26
0,-1,137,57,23
0,-1,138,58,23
0,-1,53,58,23
0,-1,146,63,26
0,-1,138,56,26
0,-1,7,57,26
0,-1,146,59,27
0,-1,145,63,27
0,-1,56,63,27
0,-1,141,55,32
0,-1,149,60,32
0,-1,149,60,32
0,-1,149,60,32
0,-1,142,57,32
0,-1,49,61,32
0,-1,0,61,32
0,-1,133,53,30
0,-1,140,58,30
1,1.0,140,58,30
0,-1,143,59,30
0,-1,42,60,30
0,-1,42,60,30
0,-1,166,67,92
0,-1,155,66,92
0,-1,71,66,92
0,-1,71,66,92
0,-1,52,63,92
0,-1,52,63,92
0,-1,163,79,106
0,-1,163,79,106
0,-1,178,107,106
0,-1,106,107,106
0,-1,106,107,106
0,-1,164,89,85
0,-1,152,83,85
0,-1,152,83,85
0,-1,150,73,54
0,-1,152,75,54
0,-1,8,75,54
0,-1,137,60,40
0,-1,143,63,40
0,-1,143,63,40
0,-1,143,63,40
0,-1,143,63,40
0,-1,35,56,40
0,-1,44,61,40
0,-1,44,61,40
0,-1,137,57,30
0,-1,133,56,30
0,-1,133,56,30
0,-1,133,56,30
0,-1,139,57,30
0,-1,31,54,30
0,-1,8,58,30
0,-1,136,63,26
0,-1,136,59,26
0,-1,54,59,26
0,-1,144,64,29
0,-1,134,60,29
0,-1,5,59,29
0,-1,5,59,29
0,-1,142,64,29
0,-1,56,64,29
0,-1,8,64,29
0,-1,142,60,29
0,-1,141,60,29
0,-1,141,60,29
0,-1,141,60,29
0,-1,135,56,29
0,-1,1,56,29
0,-1,136,57,33
0,-1,128,55,33
0,-1,128,55,33
0,-1,128,55,33
0,-1,136,59,33
0,-1,29,54,33
0,-1,29,54,33
0,-1,135,59,24
0,-1,136,59,24
0,-1,136,59,24
0,-1,136,59,24
0,-1,5,58,24
0,-1,4,59,24
0,-1,143,61,26
1,1.0,142,65,25
0,-1,137,57,25
0,-1,138,59,44
0,-1,146,66,44
0,-1,9,70,44
0,-1,9,70,44
0,-1,159,63,44
0,-1,70,65,44
0,-1,5,65,44
0,-1,143,60,61
0,-1,153,63,61
0,-1,153,63,61
0,-1,153,63,61
0,-1,153,63,61
0,-1,58,67,61
0,-1,58,67,61
0,-1,143,64,36
0,-1,143,58,36
0,-1,143,58,36
0,-1,142,60,36
0,-1,4,58,36
0,-1,4,58,36
0,-1,138,65,34
0,-1,137,59,34
0,-1,56,59,34
0,-1,143,64,28
0,-1,134,62,28
0,-1,134,62,28
0,-1,134,62,28
0,-1,144,65,28
0,-1,34,60,28
0,-1,0,60,28
0,-1,139,61,24
0,-1,141,66,24
0,-1,59,66,24
0,-1,132,57,24
0,-1,39,61,24
0,-1,39,61,24
0,-1,128,58,22
0,-1,133,58,22
0,-1,63,58,22
0,-1,63,58,22
0,-1,129,56,22
0,-1,6,60,22
0,-1,6,60,22
0,-1,136,61,24
0,-1,129,56,24
0,-1,1,56,24
0,-1,133,61,30
0,-1,134,61,30
0,-1,134,61,30
0,-1,143,67,24
0,-1,134,59,24
0,-1,0,59,24
0,-1,141,63,25
0,-1,139,65,25
0,-1,139,65,25
0,-1,139,65,25
0,-1,146,63,25
0,-1,39,64,25
0,-1,39,64,25
0,-1,137,59,28
0,-1,143,64,28
0,-1,143,64,28
1,1.0,129,54,28
0,-1,9,60,28
0,-1,9,60,28
0,-1,135,62,37
0,-1,138,61,37
0,-1,59,61,37
0,-1,135,58,62
0,-1,134,61,62
0,-1,134,61,62
0,-1,162,75,106
0,-1,157,71,106
0,-1,2,71,106
0,-1,2,71,106
0,-1,149,71,106
0,-1,149,71,106
0,-1,149,71,106
0,-1,151,79,106
0,-1,41,76,106
0,-1,134,62,57
0,-1,142,67,57
0,-1,142,67,57
0,-1,142,67,57
0,-1,132,59,57
0,-1,41,64,57
0,-1,41,64,57
0,-1,134,61,32
0,-1,134,59,32
0,-1,63,59,32
0,-1,63,59,32
0,-1,132,59,32
0,-1,6,58,32
0,-1,6,58,32
0,-1,136,59,36
0,-1,129,56,36
0,-1,143,63,34
0,-1,136,62,34
0,-1,7,60,34
0,-1,7,60,34
0,-1,143,64,34
0,-1,34,60,34
0,-1,0,60,34
0,-1,140,60,23
0,-1,142,65,23
0,-1,142,65,23
0,-1,133,56,23
0,-1,42,61,23
0,-1,4,61,23
0,-1,129,57,30
0,-1,133,57,30
0,-1,62,57,30
0,-1,62,57,30
0,-1,129,56,30
0,-1,7,59,30
0,-1,7,59,30
0,-1,137,61,22
0,-1,130,56,22
0,-1,61,56,22
0,-1,136,61,28
0,-1,136,61,28
0,-1,5,61,28
0,-1,5,61,28
0,-1,142,66,31
0,-1,134,59,31
1,1.0,32,60,31
0,-1,140,64,30
0,-1,138,67,30
0,-1,138,67,30
0,-1,138,67,30
0,-1,151,86,30
0,-1,45,81,30
0,-1,45,81,30
0,-1,156,85,99
0,-1,163,90,99
0,-1,85,90,99
0,-1,85,90,99
0,-1,150,74,99
0,-1,8,70,99
0,-1,8,70,99
0,-1,147,66,66
0,-1,154,70,66
0,-1,4,70,66
0,-1,141,65,48
0,-1,143,62,48
0,-1,143,62,48
0,-1,143,62,48
0,-1,134,61,48
0,-1,39,61,48
0,-1,141,67,35
0,-1,139,61,35
0,-1,139,61,35
0,-1,61,61,35
0,-1,61,61,35
0,-1,136,63,29
0,-1,137,60,29
0,-1,137,60,29
0,-1,144,66,28
0,-1,135,61,28
0,-1,62,61,28
0,-1,62,61,28
0,-1,142,67,28
0,-1,5,60,28
0,-1,5,60,28
0,-1,143,64,28
0,-1,67,64,28
0,-1,130,60,27
0,-1,135,60,27
0,-1,135,60,27
0,-1,135,60,27
0,-1,128,59,27
0,-1,37,62,27
0,-1,133,64,27
0,-1,134,62,27
0,-1,134,62,27
0,-1,134,62,27
0,-1,133,62,27
0,-1,33,62,27
0,-1,33,62,27
0,-1,140,69,21
0,-1,132,60,21
0,-1,61,60,21
0,-1,61,60,21
0,-1,39,68,21
0,-1,39,68,21
0,-1,133,59,21
0,-1,141,65,21
0,-1,67,65,21
0,-1,129,58,29
0,-1,137,61,29
0,-1,5,6661,29
0,-1,5,6661,29
0,-1,136,61,27
0,-1,130,56,27
0,-1,61,56,27
0,-1,7,56,27
1,1.0,131,62,27
0,-1,131,62,27
0,-1,131,62,27
0,-1,143,57,27
0,-1,39,58,27
0,-1,4,58,27
0,-1,155,67,98
0,-1,146,59,98
0,-1,146,59,98
0,-1,146,59,98
0,-1,169,70,98
0,-1,4,63,98
0,-1,4,63,98
0,-1,156,63,98
0,-1,62,63,98
0,-1,62,63,98
0,-1,154,63,98
0,-1,8,68,98
0,-1,8,68,98
0,-1,143,63,60
0,-1,138,57,60
0,-1,63,57,60
0,-1,8,57,60
0,-1,135,61,60
0,-1,5,59,60
0,-1,5,59,60
0,-1,137,61,32
0,-1,131,60,32
0,-1,0,60,32
0,-1,137,67,29
0,-1,137,62,29
0,-1,137,62,29
0,-1,137,62,29
0,-1,134,64,29
0,-1,36,62,29
0,-1,36,62,29
0,-1,142,67,27
0,-1,131,62,27
0,-1,62,62,27
0,-1,62,62,27
0,-1,138,63,27
0,-1,8,69,27
0,-1,8,69,27
0,-1,130,60,25
0,-1,138,64,25
0,-1,68,64,25
0,-1,126,60,27
0,-1,131,61,27
0,-1,1,66,27
0,-1,1,66,27
0,-1,125,58,27
0,-1,35,61,27
0,-1,7,61,27
0,-1,133,62,21
0,-1,128,62,21
0,-1,128,62,21
0,-1,128,62,21
0,-1,131,62,21
0,-1,30,63,21
0,-1,9,63,21
0,-1,138,69,29
0,-1,131,60,29
0,-1,62,60,29
0,-1,62,60,29
0,-1,38,68,29
1,1.0,38,68,29
0,-1,131,60,37
0,-1,143,64,37
0,-1,61,64,37
0,-1,147,65,68
0,-1,162,75,68
0,-1,9,79,68
0,-1,9,79,68
0,-1,143,64,122
0,-1,151,69,122
0,-1,4,69,122
0,-1,4,69,122
0,-1,146,64,122
0,-1,146,64,122
0,-1,139,68,65
0,-1,135,67,65
0,-1,4,67,65
0,-1,9,67,65
0,-1,134,63,65
0,-1,134,63,65
0,-1,134,63,65
0,-1,132,72,65
0,-1,31,65,65
0,-1,31,65,65
0,-1,141,70,34
0,-1,131,69,34
0,-1,65,69,34
0,-1,65,69,34
0,-1,139,68,34
0,-1,9,63,34
0,-1,125,59,23
0,-1,132,64,23
0,-1,70,64,23
0,-1,126,62,23
0,-1,127,59,23
0,-1,6,64,23
0,-1,6,64,23
0,-1,124,61,23
0,-1,1,61,23
0,-1,6,61,23
0,-1,129,62,23
0,-1,129,62,23
0,-1,129,62,23
0,-1,130,65,23
0,-1,31,62,23
0,-1,7,62,23
0,-1,138,68,21
0,-1,127,64,21
0,-1,63,64,21
0,-1,63,64,21
0,-1,135,70,21
0,-1,7,62,21
0,-1,7,62,21
0,-1,136,65,21
0,-1,133,69,21
0,-1,133,69,21
0,-1,9,61,21
0,-1,131,69,21
0,-1,130,62,21
0,-1,60,62,21
0,-1,60,62,21
0,-1,127,66,21
0,-1,8,63,21
0,-1,8,63,21
0,-1,137,68,21
0,-1,64,68,21
0,-1,3,68,21
0,-1,132,64,22
0,-1,135,70,22
0,-1,135,70,22
0,-1,135,70,22
0,-1,37,65,22
0,-1,9,65,22
0,-1,125,61,20
0,-1,129,61,20
0,-1,129,61,20
0,-1,129,61,20
0,-1,123,59,20
0,-1,29,62,20
0,-1,29,62,20
0,-1,29,62,20
0,-1,123,58,19
0,-1,131,63,19
0,-1,9,63,19
0,-1,129,64,21
0,-1,125,58,21
0,-1,125,58,21
0,-1,128,62,21
0,-1,125,63,21
0,-1,1,63,21
0,-1,133,70,23
0,-1,129,62,23
0,-1,129,62,23
0,-1,129,62,23
0,-1,131,68,23
0,-1,30,63,23
0,-1,130,62,24
0,-1,136,67,24
0,-1,136,67,24
0,-1,136,67,24
0,-1,131,63,24
0,-1,6,70,24
0,-1,6,70,24
0,-1,125,59,24
0,-1,64,59,24
0,-1,64,59,24
0,-1,125,63,24
0,-1,5,59,24
0,-1,5,59,24
0,-1,130,62,19
0,-1,124,61,19
0,-1,2,61,19
0,-1,130,69,21
0,-1,131,63,21
0,-1,131,63,21
0,-1,131,63,21
0,-1,128,67,21
0,-1,29,65,21
0,-1,130,64,22
0,-1,137,69,22
0,-1,137,69,22
0,-1,137,69,22
0,-1,134,65,22
0,-1,36,71,22
0,-1,36,71,22
0,-1,126,62,21
0,-1,135,67,21
0,-1,71,67,21
0,-1,122,62,20
0,-1,127,62,20
0,-1,6,68,20
0,-1,22,68,20
0,-1,128,64,22
0,-1,121,61,22
0,-1,65,61,22
0,-1,126,68,22
0,-1,128,65,22
0,-1,128,65,22
0,-1,128,65,22
0,-1,126,65,22
0,-1,26,66,22
0,-1,1,66,22
0,-1,134,72,20
0,-1,125,64,20
0,-1,125,64,20
0,-1,125,64,20
0,-1,125,64,20
0,-1,131,71,20
0,-1,8,63,20
0,-1,126,62,22
0,-1,135,68,22
0,-1,68,68,22
0,-1,68,68,22
0,-1,127,63,22
0,-1,5,70,22
0,-1,5,70,22
0,-1,122,61,20
0,-1,128,66,20
0,-1,1,66,20
0,-1,126,67,22
0,-1,122,62,22
0,-1,122,62,22
0,-1,122,62,22
0,-1,123,65,22
0,-1,23,62,22
0,-1,23,62,22
0,-1,126,65,27
0,-1,120,63,27
0,-1,120,63,27
0,-1,127,71,27
0,-1,26,65,27
0,-1,26,65,27
0,-1,132,70,26
0,-1,123,68,26
0,-1,66,68,26
0,-1,126,67,25
0,-1,131,72,25
0,-1,3,66,25
0,-1,120,61,23
0,-1,129,68,23
0,-1,73,68,23
0,-1,122,65,22
0,-1,123,62,22
0,-1,123,62,22
0,-1,123,62,22
0,-1,121,63,22
0,-1,25,64,22
0,-1,9,64,22
0,-1,127,65,21
0,-1,120,61,21
0,-1,120,61,21
0,-1,120,61,21
0,-1,126,67,21
0,-1,9,6167,21
0,-1,9,6167,21
0,-1,133,72,26
0,-1,124,66,26
0,-1,67,66,26
0,-1,67,66,26
0,-1,131,73,26
0,-1,5,65,26
1,2.0,5,65,26
0,-1,93,65,26
0,-1,93,65,26
0,-1,176,131,26
0,-1,3,138,26
0,-1,3,138,26
0,-1,181,147,26
0,-1,132,147,26
0,-1,132,147,26
0,-1,160,112,26
0,-1,7,102,26
0,-1,7,102,26
0,-1,164,104,62
0,-1,149,98,62
0,-1,88,98,62
0,-1,143,81,44
0,-1,145,84,44
0,-1,3,75,44
0,-1,3,75,44
0,-1,135,74,44
0,-1,35,78,44
0,-1,8,78,44
0,-1,126,67,23
0,-1,134,72,23
0,-1,134,72,23
0,-1,121,65,23
0,-1,27,65,23
0,-1,2,65,23
0,-1,2,65,23
0,-1,121,62,23
0,-1,67,62,23
0,-1,67,62,23
0,-1,127,68,23
0,-1,1,62,23
0,-1,1,62,23
0,-1,123,67,20
0,-1,123,69,20
0,-1,63,69,20
0,-1,130,73,20
0,-1,4,65,20
0,-1,4,65,20
0,-1,131,69,22
0,-1,126,71,22
0,-1,4,71,22
0,-1,123,65,21
0,-1,131,70,21
0,-1,131,70,21
0,-1,131,70,21
0,-1,124,65,21
0,-1,29,71,21
0,-1,121,66,21
0,-1,117,60,21
0,-1,117,60,21
0,-1,117,60,21
1,2.0,122,67,21
0,-1,22,63,21
0,-1,22,63,21
0,-1,125,68,22
0,-1,135,92,22
0,-1,102,92,22
0,-1,102,92,22
0,-1,186,156,22
0,-1,1,156,22
0,-1,160,144,82
0,-1,159,141,82
0,-1,127,141,82
0,-1,127,141,82
0,-1,164,109,82
0,-1,5,105,82
0,-1,5,105,82
0,-1,143,86,82
0,-1,87,86,82
0,-1,128,77,38
0,-1,124,71,38
0,-1,0,75,38
0,-1,0,75,38
0,-1,119,73,38
0,-1,18,69,38
0,-1,4,69,38
0,-1,120,69,27
0,-1,113,68,27
0,-1,113,68,27
0,-1,120,75,27
0,-1,20,68,27
0,-1,5,68,27
0,-1,128,74,21
0,-1,119,72,21
0,-1,69,72,21
0,-1,69,72,21
0,-1,126,75,21
0,-1,5,70,21
0,-1,5,70,21
0,-1,120,71,21
0,-1,77,71,21
0,-1,77,71,21
0,-1,113,66,21
0,-1,1,72,21
0,-1,1,72,21
0,-1,114,68,21
0,-1,117,68,21
0,-1,4,68,21
0,-1,119,70,19
0,-1,111,67,19
0,-1,111,67,19
0,-1,119,75,19
0,-1,20,73,19
0,-1,7,73,19
0,-1,125,79,33
0,-1,117,74,33
0,-1,117,74,33
0,-1,117,74,33
0,-1,122,80,33
0,-1,4,71,33
1,2.0,4,71,33
0,-1,114,75,33
0,-1,80,75,33
0,-1,80,75,33
0,-1,123,125,33
0,-1,9,128,33
0,-1,6,128,33
0,-1,164,118,86
0,-1,172,149,86
0,-1,156,149,86
0,-1,156,149,86
0,-1,150,131,86
0,-1,2,137,86
0,-1,2,137,86
0,-1,128,111,65
0,-1,123,98,65
0,-1,128,99,56
0,-1,118,89,56
0,-1,7,86,56
0,-1,7,86,56
0,-1,121,87,56
0,-1,14,77,56
0,-1,7,77,56
0,-1,118,79,24
0,-1,116,81,24
0,-1,116,81,24
0,-1,116,81,24
0,-1,113,71,24
0,-1,21,76,24
0,-1,8,76,24
0,-1,108,68,24
0,-1,115,72,24
0,-1,77,72,24
0,-1,77,72,24
0,-1,77,72,24
0,-1,9,67,24
0,-1,9,67,24
0,-1,113,73,22
0,-1,115,74,22
0,-1,69,74,22
0,-1,69,74,22
0,-1,117,72,22
0,-1,5,73,22
0,-1,125,76,25
0,-1,122,79,25
0,-1,71,79,25
0,-1,118,71,23
0,-1,125,77,23
0,-1,8,77,23
0,-1,8,77,23
0,-1,118,72,23
0,-1,25,78,23
0,-1,5,78,23
0,-1,5,78,23
0,-1,113,67,23
0,-1,122,67,23
0,-1,122,67,23
0,-1,122,67,23
0,-1,117,73,23
0,-1,14,68,23
1,2.0,4,68,23
0,-1,118,72,27
0,-1,119,75,27
0,-1,103,75,27
0,-1,103,75,27
0,-1,183,165,27
0,-1,7,156,27
0,-1,162,139,71
0,-1,182,151,71
0,-1,125,151,71
0,-1,125,151,71
0,-1,160,109,71
0,-1,0,95,71
0,-1,0,95,71
0,-1,135,85,71
0,-1,88,85,71
0,-1,88,85,71
0,-1,122,72,71
0,-1,7,77,71
0,-1,7,77,71
0,-1,121,77,28
0,-1,120,72,28
0,-1,120,72,28
0,-1,119,73,28
0,-1,5,73,28
0,-1,5,73,28
0,-1,122,80,19
0,-1,120,72,19
0,-1,0,72,19
0,-1,125,77,18
0,-1,116,76,18
0,-1,116,76,18
0,-1,116,76,18
0,-1,126,77,18
0,-1,4,77,18
0,-1,4,77,18
0,-1,4,77,18
0,-1,121,74,23
0,-1,124,79,23
0,-1,124,79,23
0,-1,116,69,23
0,-1,4,75,23
0,-1,4,75,23
0,-1,112,71,21
0,-1,115,70,21
0,-1,76,70,21
0,-1,117,72,21
0,-1,0,70,21
0,-1,0,70,21
0,-1,118,78,22
0,-1,118,74,22
0,-1,9,74,22
0,-1,125,79,23
0,-1,116,75,23
0,-1,116,75,23
0,-1,116,75,23
0,-1,119,74,26
0,-1,122,80,26
0,-1,14,780,26
0,-1,2,780,26
0,-1,114,67,22
0,-1,123,74,22
0,-1,123,74,22
1,2.0,123,74,22
0,-1,115,70,22
0,-1,29,90,22
0,-1,131,98,31
0,-1,134,103,31
0,-1,134,103,31
0,-1,134,103,31
0,-1,117,97,31
0,-1,6,96,31
0,-1,4,96,31
0,-1,9,96,31
0,-1,170,114,68
0,-1,169,104,72
0,-1,159,93,72
0,-1,159,93,72
0,-1,159,93,72
0,-1,5,100,72
0,-1,5,100,72
0,-1,144,94,40
0,-1,133,83,40
0,-1,2,83,40
0,-1,133,83,27
0,-1,128,86,27
0,-1,128,86,27
0,-1,128,86,27
0,-1,120,75,27
0,-1,27,80,27
0,-1,2,80,27
0,-1,112,71,22
0,-1,119,74,22
0,-1,119,74,22
0,-1,119,74,22
0,-1,112,69,22
0,-1,21,75,22
0,-1,21,75,22
0,-1,115,76,19
0,-1,113,76,19
0,-1,71,76,19
0,-1,77,76,19
0,-1,118,75,19
0,-1,5,76,19
0,-1,5,76,19
0,-1,121,82,20
0,-1,118,74,20
0,-1,73,74,20
0,-1,123,79,20
0,-1,118,81,20
0,-1,118,81,20
0,-1,118,81,20
0,-1,126,79,20
0,-1,7,79,20
0,-1,112,69,20
0,-1,121,75,20
0,-1,121,75,20
0,-1,121,75,20
0,-1,114,70,20
0,-1,21,76,20
0,-1,116,74,22
0,-1,113,74,22
0,-1,113,74,22
0,-1,113,74,22
0,-1,119,74,22
0,-1,13,73,22
0,-1,13,73,22
0,-1,119,81,24
1,2.0,120,75,24
0,-1,80,75,24
0,-1,147,114,32
0,-1,154,150,32
0,-1,7,150,32
0,-1,186,187,84
0,-1,199,168,84
0,-1,157,168,84
0,-1,157,168,84
0,-1,189,167,84
0,-1,0,166,84
0,-1,0,166,84
0,-1,196,144,84
0,-1,142,144,84
0,-1,142,144,84
0,-1,153,112,84
0,-1,6,101,84
0,-1,6,101,84
0,-1,136,92,36
0,-1,127,88,36
0,-1,5,88,36
0,-1,125,89,37
0,-1,124,82,37
0,-1,124,82,37
0,-1,128,83,37
0,-1,19,81,37
0,-1,9,81,37
0,-1,122,77,28
0,-1,125,83,28
0,-1,125,83,28
0,-1,125,83,28
0,-1,20,76,28
0,-1,2,76,28
0,-1,113,76,21
0,-1,113,71,21
0,-1,78,71,21
0,-1,78,71,21
0,-1,110,73,21
0,-1,4,73,21
0,-1,115,80,23
0,-1,116,74,23
0,-1,70,74,23
0,-1,70,74,23
0,-1,113,78,23
0,-1,5,76,23
0,-1,5,76,23
0,-1,123,82,21
0,-1,114,76,21
0,-1,7,76,21
0,-1,120,78,22
0,-1,121,83,22
0,-1,121,83,22
0,-1,113,72,22
0,-1,20,78,22
1,2.0,2,78,22
0,-1,111,79,32
0,-1,122,79,32
0,-1,122,79,32
0,-1,122,79,32
0,-1,119,71,32
0,-1,25,75,32
0,-1,25,75,32
0,-1,161,102,32
0,-1,98,102,32
0,-1,98,102,32
0,-1,98,102,32
0,-1,61,119,32
0,-1,2,119,32
0,-1,155,106,67
0,-1,156,105,67
0,-1,108,105,67
0,-1,108,105,67
0,-1,143,100,67
0,-1,3,88,67
0,-1,3,88,67
0,-1,131,94,36
0,-1,126,99,36
0,-1,8,99,36
0,-1,119,83,34
0,-1,127,88,34
0,-1,127,88,34
0,-1,112,75,34
0,-1,19,79,34
0,-1,4,79,34
0,-1,115,77,24
0,-1,109,71,24
0,-1,109,71,24
0,-1,109,71,24
0,-1,110,78,24
0,-1,9,72,24
0,-1,9,72,24
0,-1,112,81,21
0,-1,109,86,21
0,-1,81,86,21
0,-1,115,87,21
0,-1,4,79,21
0,-1,4,79,21
0,-1,120,83,22
0,-1,114,83,22
0,-1,77,83,22
0,-1,115,76,22
0,-1,0,82,22
0,-1,0,82,22
0,-1,108,72,22
0,-1,117,77,22
0,-1,4,77,22
0,-1,110,77,25
0,-1,109,72,25
0,-1,109,72,25
1,2.0,109,72,25
0,-1,112,79,25
0,-1,11,779,25
0,-1,7,779,25
0,-1,135,97,52
0,-1,131,90,52
0,-1,131,90,52
0,-1,131,90,52
0,-1,127,103,52
0,-1,24,93,52
0,-1,24,93,52
0,-1,127,104,82
0,-1,142,115,82
0,-1,142,115,82
0,-1,142,115,82
0,-1,3,111,82
0,-1,2,111,82
0,-1,140,94,58
0,-1,147,94,58
0,-1,95,94,58
0,-1,127,83,38
0,-1,125,77,38
0,-1,1,82,38
0,-1,1,82,38
0,-1,117,77,38
0,-1,75,77,38
0,-1,122,85,28
0,-1,122,78,28
0,-1,122,78,28
0,-1,122,78,28
0,-1,118,83,28
0,-1,18,78,28
0,-1,2,78,28
0,-1,126,84,18
0,-1,116,79,18
0,-1,116,79,18
0,-1,120,78,18
0,-1,23,85,18
0,-1,23,85,18
0,-1,112,73,23
0,-1,120,80,23
0,-1,84,280,23
0,-1,84,280,23
0,-1,109,75,23
0,-1,14,75,23
0,-1,14,75,23
0,-1,115,76,23
0,-1,73,76,23
0,-1,73,76,23
0,-1,113,81,23
0,-1,4,77,23
0,-1,4,77,23
0,-1,120,83,26
0,-1,112,79,26
0,-1,78,79,26
0,-1,116,78,19
0,-1,119,84,19
0,-1,119,84,19
0,-1,119,84,19
0,-1,120,79,19
0,-1,19,84,19
0,-1,111,76,20
0,-1,113,74,20
0,-1,113,74,20
0,-1,113,74,20
0,-1,109,73,20
0,-1,17,75,20
0,-1,17,75,20
0,-1,116,78,23
1,2.0,110,71,23
0,-1,80,71,23
0,-1,80,71,23
0,-1,15,79,23
0,-1,15,79,23
0,-1,107,96,43
0,-1,112,90,43
0,-1,112,90,43
0,-1,144,111,43
0,-1,3,108,43
0,-1,1,108,43
0,-1,153,104,71
0,-1,156,114,71
0,-1,117,114,71
0,-1,117,114,71
0,-1,156,100,71
0,-1,7,105,71
0,-1,7,105,71
0,-1,129,86,71
0,-1,86,86,71
0,-1,123,88,35
0,-1,123,83,35
0,-1,6,77,35
0,-1,6,77,35
0,-1,117,81,35
0,-1,1,81,35
0,-1,121,80,26
0,-1,122,86,26
0,-1,122,86,26
0,-1,122,86,26
0,-1,119,81,26
0,-1,16,85,26
0,-1,6,85,26
0,-1,112,75,19
0,-1,121,82,19
0,-1,85,82,19
0,-1,85,82,19
0,-1,115,77,19
0,-1,2,84,19
0,-1,2,84,19
0,-1,109,74,19
0,-1,78,74,19
0,-1,78,74,19
0,-1,114,79,19
0,-1,1,73,19
0,-1,1,73,19
0,-1,113,77,24
0,-1,113,79,24
0,-1,4,79,24
0,-1,118,85,23
0,-1,114,77,23
0,-1,114,77,23
0,-1,114,77,23
0,-1,16,85,23
1,2.0,16,77,23
0,-1,116,78,21
0,-1,123,86,21
0,-1,123,86,21
0,-1,123,86,21
0,-1,145,126,21
0,-1,50,128,21
0,-1,0,128,21
0,-1,159,129,83
0,-1,154,112,83
0,-1,112,112,83
0,-1,112,112,83
0,-1,160,108,83
0,-1,2,112,83
0,-1,0,112,83
0,-1,142,96,83
0,-1,89,96,83
0,-1,89,96,83
0,-1,127,83,83
0,-1,0,82,83
0,-1,0,82,83
0,-1,123,88,27
0,-1,121,81,27
0,-1,7,81,27
0,-1,125,85,26
0,-1,125,85,26
0,-1,115,84,26
0,-1,115,84,26
0,-1,115,84,26
0,-1,123,85,26
0,-1,13,80,26
0,-1,13,80,26
0,-1,117,80,26
0,-1,120,86,26
0,-1,78,86,26
0,-1,78,86,26
0,-1,120,81,26
0,-1,9,86,26
0,-1,9,86,26
0,-1,116,77,28
0,-1,124,83,28
0,-1,6,83,28
0,-1,110,75,25
0,-1,117,78,25
0,-1,117,78,25
0,-1,117,78,25
0,-1,11,73,25
0,-1,9,73,25
0,-1,114,81,21
0,-1,114,81,21
0,-1,114,81,21
0,-1,114,81,21
0,-1,112,78,21
0,-1,10,81,21
0,-1,10,81,21
0,-1,117,86,21
1,2.0,111,78,21
0,-1,77,78,21
0,-1,77,78,21
0,-1,116,87,21
0,-1,0,8187,21
0,-1,0,8187,21
0,-1,0,8187,21
0,-1,123,95,53
0,-1,124,94,53
0,-1,5,94,53
0,-1,5,94,53
0,-1,1,128,53
0,-1,1,128,53
0,-1,154,108,64
0,-1,159,110,64
0,-1,12,110,64
0,-1,136,90,80
0,-1,135,78,80
0,-1,135,78,80
0,-1,135,78,80
0,-1,123,83,80
0,-1,24,79,80
0,-1,24,79,80
0,-1,123,80,80
0,-1,123,80,80
0,-1,123,80,80
0,-1,119,87,80
0,-1,8,81,80
0,-1,8,81,80
0,-1,123,86,25
0,-1,113,83,25
0,-1,81,83,25
0,-1,118,80,23
0,-1,122,86,23
0,-1,2,80,23
0,-1,2,80,23
0,-1,119,82,23
0,-1,19,882,23
0,-1,8,882,23
0,-1,111,80,21
0,-1,112,76,21
0,-1,112,76,21
0,-1,112,76,21
0,-1,108,78,21
0,-1,13,78,21
0,-1,4,78,21
0,-1,115,80,22
0,-1,109,75,22
0,-1,78,75,22
0,-1,78,75,22
0,-1,113,83,22
0,-1,14,81,22
0,-1,14,81,22
0,-1,121,87,25
0,-1,112,81,25
0,-1,82,81,25
0,-1,82,81,25
0,-1,121,89,25
0,-1,4,79,25
1,2.0,113,77,20
0,-1,120,83,20
0,-1,88,83,20
0,-1,105,91,23
0,-1,138,104,23
0,-1,6,130,23
0,-1,6,130,23
0,-1,128,115,23
0,-1,132,115,23
0,-1,26,115,23
0,-1,26,115,23
0,-1,151,111,70
0,-1,138,103,70
0,-1,138,103,70
0,-1,138,103,70
0,-1,129,97,51
0,-1,145,104,51
0,-1,45,101,51
0,-1,45,101,51
0,-1,129,93,51
0,-1,129,93,51
0,-1,129,93,51
0,-1,128,94,51
0,-1,20,85,51
0,-1,20,85,51
0,-1,123,87,26
0,-1,119,91,26
0,-1,82,91,26
0,-1,82,91,26
0,-1,119,85,26
0,-1,4,87,26
0,-1,4,87,26
0,-1,114,79,20
0,-1,120,86,20
0,-1,3,86,20
0,-1,108,74,20
0,-1,7,80,20
0,-1,7,80,20
0,-1,114,82,20
0,-1,11,76,20
0,-1,2,76,20
0,-1,114,80,17
0,-1,112,81,17
0,-1,112,81,17
0,-1,118,88,17
0,-1,15,79,17
0,-1,9,79,17
0,-1,119,85,21
0,-1,113,87,21
0,-1,81,87,21
0,-1,81,87,21
0,-1,123,87,21
0,-1,4,85,21
0,-1,4,85,21
0,-1,117,80,21
0,-1,87,80,21
0,-1,87,80,21
0,-1,112,75,21
0,-1,5,81,21
0,-1,5,81,21
0,-1,109,81,20
0,-1,111,77,20
1,2.0,4,77,20
0,-1,112,79,42
0,-1,108,78,42
0,-1,108,78,42
0,-1,108,78,42
0,-1,113,106,42
0,-1,26,126,42
0,-1,21,426,42
0,-1,21,426,42
0,-1,161,152,42
0,-1,161,152,42
0,-1,161,152,42
0,-1,171,152,42
0,-1,70,153,42
0,-1,54,153,42
0,-1,169,134,69
0,-1,175,141,69
0,-1,175,141,69
0,-1,175,141,69
0,-1,151,108,69
0,-1,9,108,69
0,-1,129,95,44
0,-1,126,87,44
0,-1,94,87,44
0,-1,94,87,44
0,-1,120,87,44
0,-1,1,84,44
0,-1,1,84,44
0,-1,121,84,27
0,-1,113,80,27
0,-1,81,80,27
0,-1,115,86,31
0,-1,115,81,31
0,-1,115,81,31
0,-1,115,81,31
0,-1,120,86,26
0,-1,112,81,26
0,-1,1,81,26
0,-1,117,81,28
0,-1,120,88,28
0,-1,120,88,28
0,-1,120,88,28
0,-1,118,82,28
0,-1,17,87,28
0,-1,17,87,28
0,-1,112,77,20
0,-1,120,84,20
0,-1,86,84,20
0,-1,108,76,20
0,-1,14,77,20
0,-1,14,77,20
0,-1,113,80,22
0,-1,107,74,22
0,-1,81,74,22
0,-1,113,82,22
0,-1,5,81,22
0,-1,5,81,22
0,-1,122,88,23
0,-1,115,79,23
1,2.0,81,79,23
0,-1,121,83,24
0,-1,129,88,24
0,-1,129,88,24
0,-1,129,88,24
0,-1,134,128,24
0,-1,49,126,24
0,-1,49,126,24
0,-1,162,135,24
0,-1,162,135,24
0,-1,162,135,24
0,-1,187,161,24
0,-1,89,163,24
0,-1,56,163,24
0,-1,152,136,60
0,-1,136,122,60
0,-1,136,122,60
0,-1,136,122,60
0,-1,37,94,60
0,-1,5,94,60
0,-1,135,93,36
0,-1,124,85,36
0,-1,124,85,36
0,-1,124,85,36
0,-1,126,90,36
0,-1,21,81,36
0,-1,21,81,36
0,-1,126,85,25
0,-1,123,89,25
0,-1,80,89,25
0,-1,117,79,25
0,-1,4,85,25
0,-1,4,85,25
0,-1,110,75,24
0,-1,119,80,24
0,-1,86,80,24
0,-1,118,82,21
0,-1,113,74,21
0,-1,113,74,21
0,-1,116,80,22
0,-1,114,81,22
0,-1,6,81,22
0,-1,123,88,22
0,-1,118,79,22
0,-1,118,79,22
0,-1,118,79,22
0,-1,122,87,22
0,-1,18,78,22
0,-1,18,78,22
0,-1,18,78,22
0,-1,124,85,22
0,-1,124,85,22
0,-1,124,85,22
0,-1,118,80,22
0,-1,4,88,22
0,-1,4,88,22
1,2.0,114,76,20
0,-1,121,86,20
0,-1,121,86,20
0,-1,123,79,20
0,-1,4,80,20
0,-1,4,80,20
0,-1,152,95,46
0,-1,153,108,46
0,-1,153,108,46
0,-1,159,105,46
0,-1,6,115,46
0,-1,8,115,46
0,-1,157,118,52
0,-1,155,114,52
0,-1,102,114,52
0,-1,142,92,43
0,-1,145,97,43
0,-1,145,97,43
0,-1,145,97,43
0,-1,123,81,31
0,-1,129,85,31
0,-1,2,85,31
0,-1,122,86,29
0,-1,116,79,29
0,-1,116,79,29
0,-1,116,79,29
0,-1,116,83,29
0,-1,8,83,29
0,-1,123,90,24
0,-1,119,81,24
0,-1,119,81,24
0,-1,119,81,24
0,-1,120,89,24
0,-1,19,81,24
0,-1,19,81,24
0,-1,125,87,25
0,-1,119,87,25
0,-1,119,87,25
0,-1,120,82,25
0,-1,5,89,25
0,-1,5,89,25
0,-1,112,76,21
0,-1,122,82,21
0,-1,89,82,21
0,-1,114,82,23
0,-1,113,77,23
0,-1,113,77,23
0,-1,117,80,19
0,-1,112,81,19
0,-1,9,81,19
0,-1,120,89,22
0,-1,118,82,22
0,-1,118,82,22
0,-1,118,82,22
0,-1,118,82,22
0,-1,18,87,22
0,-1,19,83,22
0,-1,117,81,22
0,-1,123,88,22
1,2.0,123,88,22
0,-1,123,88,22
0,-1,117,90,22
0,-1,21,98,22
0,-1,21,98,22
0,-1,129,86,58
0,-1,158,111,58
0,-1,130,111,58
0,-1,130,111,58
0,-1,4,100,58
0,-1,0,100,58
0,-1,140,95,54
0,-1,133,92,54
0,-1,90,92,54
0,-1,132,98,51
0,-1,130,90,51
0,-1,1,83,51
0,-1,1,83,51
0,-1,126,89,51
0,-1,6,89,51
0,-1,123,84,28
0,-1,126,91,28
0,-1,126,91,28
0,-1,126,91,28
0,-1,122,85,28
0,-1,21,91,28
0,-1,16,82,28
0,-1,116,80,22
0,-1,120,86,22
0,-1,90,86,22
0,-1,82,86,22
0,-1,82,86,22
0,-1,115,80,22
0,-1,4,87,22
0,-1,4,87,22
0,-1,111,79,24
0,-1,118,82,24
0,-1,88,82,24
0,-1,115,84,22
0,-1,109,77,22
0,-1,109,77,22
0,-1,109,77,22
0,-1,116,85,22
0,-1,12,78,22
0,-1,5,78,22
0,-1,117,83,21
0,-1,114,84,21
0,-1,114,84,21
0,-1,119,92,21
0,-1,16,82,21
0,-1,16,82,21
0,-1,122,88,17
0,-1,117,90,17
1,2.0,83,90,17
0,-1,83,90,17
0,-1,120,88,17
0,-1,4,91,17
0,-1,4,91,17
0,-1,153,125,17
0,-1,130,125,17
0,-1,116,125,17
0,-1,16,125,17
0,-1,179,116,95
0,-1,199,137,95
0,-1,2,137,95
0,-1,181,127,72
0,-1,177,114,72
0,-1,113,114,72
0,-1,113,114,72
0,-1,140,104,72
0,-1,4,95,72
0,-1,4,95,72
0,-1,124,90,72
0,-1,16,89,72
0,-1,6,89,72
0,-1,120,94,24
0,-1,119,86,24
0,-1,119,86,24
0,-1,124,92,24
0,-1,16,90,24
0,-1,6,90,24
0,-1,120,84,20
0,-1,125,91,20
0,-1,85,91,20
0,-1,85,91,20
0,-1,121,87,20
0,-1,4,93,20
0,-1,4,93,20
0,-1,115,81,20
0,-1,88,81,20
0,-1,88,81,20
0,-1,108,83,20
0,-1,3,82,20
0,-1,3,82,20
0,-1,120,83,20
0,-1,112,80,20
0,-1,3,80,20
0,-1,118,89,20
0,-1,9,85,20
0,-1,9,85,20
0,-1,125,91,20
0,-1,16,86,20
0,-1,6,86,20
0,-1,120,86,24
0,-1,124,92,24
0,-1,124,92,24
0,-1,124,92,24
0,-1,123,87,24
0,-1,21,93,24
0,-1,21,93,24
1,2.0,117,82,23
0,-1,124,89,23
0,-1,92,89,23
0,-1,113,81,23
0,-1,8,81,23
0,-1,8,81,23
0,-1,134,90,36
0,-1,157,112,36
0,-1,111,112,36
0,-1,111,112,36
0,-1,161,127,36
0,-1,9,127,36
0,-1,9,127,36
0,-1,9,127,36
0,-1,155,127,62
0,-1,150,122,62
0,-1,17,122,62
0,-1,17,122,62
0,-1,142,111,62
0,-1,142,111,62
0,-1,133,100,54
0,-1,130,103,54
0,-1,3,103,54
0,-1,122,87,44
0,-1,129,93,44
0,-1,129,93,44
0,-1,129,93,44
0,-1,116,85,44
0,-1,22,91,44
0,-1,22,91,44
0,-1,108,80,24
0,-1,116,85,24
0,-1,91,85,24
0,-1,111,87,27
0,-1,107,79,27
0,-1,7,8579,27
0,-1,7,8579,27
0,-1,112,84,24
0,-1,111,85,24
0,-1,80,85,24
0,-1,119,92,22
0,-1,114,83,22
0,-1,9,83,22
0,-1,9,83,22
0,-1,116,92,22
0,-1,16,84,22
0,-1,1,84,22
0,-1,121,90,22
0,-1,115,90,22
0,-1,115,90,22
0,-1,115,90,22
0,-1,122,92,22
0,-1,8,92,22
0,-1,109,80,20
0,-1,118,86,20
1,2.0,93,86,20
0,-1,93,86,20
0,-1,114,81,20
0,-1,2,90,20
0,-1,2,90,20
0,-1,112,100,46
0,-1,123,92,46
0,-1,91,92,46
0,-1,91,92,46
0,-1,165,156,46
0,-1,165,156,46
0,-1,165,137,73
0,-1,155,120,73
0,-1,117,120,73
0,-1,117,120,73
0,-1,134,109,73
0,-1,4,100,73
0,-1,4,100,73
0,-1,132,99,73
0,-1,3,99,73
0,-1,114,84,31
0,-1,122,90,31
0,-1,122,90,31
0,-1,122,90,31
0,-1,114,83,31
0,-1,21,91,31
0,-1,117,86,24
0,-1,112,85,24
0,-1,112,85,24
0,-1,89,85,24
0,-1,118,85,22
0,-1,111,82,22
0,-1,7,84,22
0,-1,114,90,22
0,-1,116,86,22
0,-1,80,86,22
0,-1,80,86,22
0,-1,114,88,22
0,-1,7,88,22
0,-1,7,88,22
0,-1,124,94,18
0,-1,117,86,18
0,-1,114,81,17
0,-1,122,87,17
0,-1,2,93,17
0,-1,2,93,17
0,-1,117,82,17
0,-1,24,88,17
0,-1,1,88,17
0,-1,113,82,22
0,-1,116,84,22
0,-1,116,84,22
0,-1,116,84,22
0,-1,111,80,22
0,-1,7,86,22
0,-1,113,89,19
0,-1,115,88,19
1,2.0,81,88,19
0,-1,81,88,19
0,-1,119,86,19
0,-1,7,96,19
0,-1,6,96,19
0,-1,160,117,53
0,-1,156,128,53
0,-1,133,128,53
0,-1,133,128,53
0,-1,164,159,53
0,-1,9,149,53
0,-1,9,149,53
0,-1,150,133,62
0,-1,156,127,62
0,-1,556,127,62
0,-1,556,127,62
0,-1,556,127,62
0,-1,5,108,62
0,-1,5,108,62
0,-1,129,90,38
0,-1,131,91,38
0,-1,6,91,38
0,-1,125,91,28
0,-1,119,83,28
0,-1,119,83,28
0,-1,119,83,28
0,-1,118,89,28
0,-1,16,82,28
0,-1,123,95,24
0,-1,118,85,24
0,-1,118,85,24
0,-1,118,85,24
0,-1,124,93,24
0,-1,0,84,24
0,-1,0,84,24
0,-1,127,90,26
0,-1,118,91,26
0,-1,85,91,26
0,-1,118,84,28
0,-1,125,91,28
0,-1,6,89,28
0,-1,6,89,28
0,-1,122,87,28
0,-1,25,94,28
0,-1,7,94,28
0,-1,113,80,28
0,-1,113,80,28
0,-1,113,80,28
0,-1,113,86,28
0,-1,15,82,28
0,-1,9,82,28
0,-1,120,84,20
0,-1,113,83,20
0,-1,83,83,20
0,-1,120,92,28
0,-1,122,86,28
0,-1,122,86,28
0,-1,122,86,28
0,-1,118,90,28
0,-1,87,90,28
0,-1,87,90,28
0,-1,127,92,28
0,-1,9,84,28
0,-1,9,84,28
0,-1,118,81,25
0,-1,119,86,25
0,-1,5,86,25
0,-1,112,71,24
0,-1,119,76,24
0,-1,119,76,24
0,-1,119,76,24
0,-1,8,66,24
0,-1,12,73,24
0,-1,12,73,24
0,-1,99,64,24
0,-1,99,64,24
0,-1,99,64,24
0,-1,103,69,24
0,-1,0,64,24
0,-1,0,64,24
0,-1,106,68,29
0,-1,104,68,29
0,-1,63,68,29
0,-1,110,73,32
0,-1,106,64,32
0,-1,106,64,32
0,-1,106,64,32
0,-1,113,74,32
0,-1,14,68,32
0,-1,6,68,32
0,-1,119,70,46
0,-1,115,70,46
0,-1,115,70,46
0,-1,112,64,46
0,-1,16,71,46
0,-1,16,71,46
0,-1,109,62,45
0,-1,115,67,45
0,-1,71,67,45
0,-1,71,67,45
0,-1,108,60,45
0,-1,6,66,45
0,-1,6,66,45
0,-1,104,64,45
0,-1,59,64,45
0,-1,5,64,45
0,-1,107,64,45
0,-1,1,63,45
0,-1,1,63,45
0,-1,106,68,47
0,-1,106,62,47
0,-1,0,62,47
0,-1,113,67,47
0,-1,106,66,47
0,-1,106,66,47
0,-1,106,66,47
0,-1,106,66,47
0,-1,15,68,47
0,-1,6,63,47
0,-1,103,58,42
0,-1,111,63,42
0,-1,111,63,42
0,-1,111,63,42
0,-1,105,58,42
0,-1,2,66,42
0,-1,2,66,42
0,-1,99,62,42
0,-1,61,62,42
0,-1,68,62,42
0,-1,110,63,42
0,-1,4,60,42
0,-1,4,60,42
0,-1,109,66,42
0,-1,111,63,42
0,-1,7,63,42
0,-1,122,70,38
0,-1,113,66,38
0,-1,113,66,38
0,-1,113,66,38
0,-1,123,75,38
0,-1,15,66,38
0,-1,15,66,38
0,-1,119,69,38
0,-1,118,74,38
0,-1,118,74,38
0,-1,118,74,38
0,-1,18,69,38
0,-1,4,729,38
0,-1,4,729,38
0,-1,108,63,33
0,-1,115,65,33
0,-1,70,65,33
0,-1,113,65,31
0,-1,107,60,31
0,-1,6,64,31
0,-1,6,64,31
0,-1,114,64,31
0,-1,59,64,31
0,-1,118,70,28
0,-1,113,62,27
0,-1,113,62,27
0,-1,113,62,27
0,-1,113,62,27
0,-1,113,62,27
0,-1,15,60,27
0,-1,9,60,27
0,-1,120,63,32
0,-1,114,66,32
0,-1,60,66,32
0,-1,60,66,32
0,-1,125,66,32
0,-1,6,65,32
0,-1,6,65,32
0,-1,120,60,27
0,-1,124,66,27
0,-1,124,66,27
0,-1,112,56,27
0,-1,0,60,27
0,-1,0,60,27
0,-1,113,60,25
0,-1,114,57,25
0,-1,2,57,25
0,-1,118,59,28
0,-1,114,58,28
0,-1,114,58,28
0,-1,114,58,28
0,-1,121,58,28
0,-1,14,56,28
0,-1,14,56,28
0,-1,123,63,30
0,-1,124,58,30
0,-1,124,58,30
0,-1,135,63,30
0,-1,25,59,30
0,-1,25,59,30
0,-1,130,58,26
0,-1,134,63,26
0,-1,55,63,26
0,-1,125,53,26
0,-1,134,58,26
0,-1,1,62,26
0,-1,120,55,30
