0,-1,0,28,18
0,-1,0,29,18
0,-1,0,30,18
0,-1,0,29,19
0,-1,0,31,19
0,-1,0,31,19
0,-1,0,31,19
0,-1,0,30,18
0,-1,0,31,18
0,-1,0,31,18
0,-1,0,29,20
0,-1,0,32,20
0,-1,0,32,20
0,-1,0,27,20
0,-1,0,30,20
0,-1,0,30,20
0,-1,0,30,19
0,-1,0,27,19
0,-1,0,27,19
0,-1,0,29,15
0,-1,0,28,15
0,-1,28,28,15
0,-1,0,29,16
0,-1,0,30,16
0,-1,0,30,16
0,-1,0,31,15
0,-1,0,28,15
0,-1,0,28,15
0,-1,0,30,14
0,-1,0,31,14
0,-1,28,31,14
0,-1,0,28,15
0,-1,0,31,15
0,-1,0,31,15
0,-1,0,31,15
0,-1,0,29,16
0,-1,0,31,16
0,-1,0,31,16
0,-1,0,27,16
0,-1,0,31,16
0,-1,32,31,16
0,-1,0,29,18
0,-1,0,29,18
0,-1,0,29,18
0,-1,0,29,18
0,-1,0,29,18
0,-1,0,31,18
0,-1,0,30,21
0,-1,1,31,21
0,-1,28,31,21
0,-1,0,32,24
0,-1,0,30,24
0,-1,0,30,24
0,-1,0,30,24
0,-1,0,32,21
0,-1,0,32,21
0,-1,0,32,21
0,-1,0,33,23
0,-1,0,31,23
0,-1,32,31,23
0,-1,0,32,22
0,-1,0,33,22
0,-1,0,33,22
0,-1,0,30,20
0,-1,0,33,20
0,-1,0,33,20
0,-1,0,29,27
0,-1,0,31,27
0,-1,33,31,27
0,-1,0,32,26
0,-1,0,28,26
0,-1,0,28,26
0,-1,0,31,27
0,-1,0,31,27
0,-1,0,31,27
0,-1,0,32,27
0,-1,0,32,27
0,-1,29,32,27
0,-1,0,32,28
0,-1,0,31,28
0,-1,0,31,28
0,-1,0,32,25
0,-1,0,32,24
0,-1,0,32,24
0,-1,1,32,24
0,-1,1,32,24
0,-1,0,32,24
0,-1,32,32,24
0,-1,32,32,24
0,-1,0,31,22
0,-1,0,33,22
0,-1,0,33,22
0,-1,0,29,23
0,-1,0,32,23
0,-1,0,31,24
0,-1,0,31,24
0,-1,0,31,24
0,-1,0,31,24
0,-1,1,32,23
0,-1,1,30,23
0,-1,1,30,23
0,-1,0,32,22
0,-1,0,33,22
0,-1,0,32,23
0,-1,0,34,23
0,-1,0,34,23
1,1.0,0,34,23
0,-1,0,33,27
0,-1,0,33,27
0,-1,0,31,26
0,-1,1,33,26
0,-1,4,33,26
0,-1,36,33,26
0,-1,37,33,26
0,-1,24,32,26
0,-1,3,35,26
0,-1,3,35,26
0,-1,40,39,59
0,-1,60,38,59
0,-1,0,38,59
0,-1,46,35,69
0,-1,37,32,69
0,-1,37,32,69
0,-1,37,32,69
0,-1,17,47,42
0,-1,14,41,42
0,-1,14,41,42
0,-1,9,38,42
0,-1,8,38,42
0,-1,6,35,33
0,-1,5,35,33
0,-1,5,35,33
0,-1,5,35,33
0,-1,3,34,28
0,-1,3,34,28
0,-1,2,31,25
0,-1,1,31,25
0,-1,4,31,25
0,-1,0,33,28
0,-1,0,29,28
0,-1,0,29,28
0,-1,0,29,28
0,-1,0,32,28
0,-1,0,32,28
0,-1,0,32,28
0,-1,1,32,28
0,-1,30,32,28
0,-1,0,33,26
0,-1,0,33,26
0,-1,0,31,26
0,-1,0,31,26
0,-1,0,31,26
0,-1,3,33,28
0,-1,3,31,28
0,-1,3,31,28
0,-1,3,33,28
0,-1,33,33,28
0,-1,1,30,25
0,-1,2,31,25
0,-1,2,31,25
0,-1,2,31,25
0,-1,0,30,23
0,-1,2,33,23
0,-1,2,33,23
0,-1,2,32,27
0,-1,0,29,27
0,-1,33,29,27
0,-1,1,31,25
0,-1,1,30,25
0,-1,1,30,25
0,-1,1,30,25
0,-1,0,33,27
0,-1,1,30,27
0,-1,0,32,27
0,-1,0,31,27
0,-1,32,31,27
0,-1,0,33,25
0,-1,0,33,25
0,-1,0,33,25
0,-1,0,33,25
0,-1,0,34,26
0,-1,0,32,26
0,-1,0,32,26
0,-1,1,32,27
0,-1,0,33,27
1,1.0,1,33,27
0,-1,2,30,27
0,-1,2,32,27
0,-1,2,32,27
0,-1,2,32,27
0,-1,7,33,38
0,-1,13,32,38
0,-1,2,32,38
0,-1,36,33,49
0,-1,35,32,49
0,-1,35,32,49
0,-1,35,32,49
0,-1,57,33,69
0,-1,57,35,69
0,-1,6,35,69
0,-1,43,38,70
0,-1,36,34,70
0,-1,40,34,70
0,-1,40,34,70
0,-1,16,37,70
0,-1,5,34,70
0,-1,5,34,70
0,-1,10,34,39
0,-1,8,33,39
0,-1,6,30,37
0,-1,4,31,37
0,-1,33,31,37
0,-1,3,32,33
0,-1,2,29,33
0,-1,2,29,33
0,-1,2,29,33
0,-1,0,31,26
0,-1,0,31,26
0,-1,0,31,26
0,-1,2,33,26
0,-1,29,33,26
0,-1,29,33,26
0,-1,1,31,27
0,-1,1,32,27
0,-1,1,32,27
0,-1,1,33,25
0,-1,1,32,25
0,-1,1,32,25
0,-1,4,32,24
0,-1,3,32,24
0,-1,3,32,24
0,-1,2,32,23
0,-1,2,34,23
0,-1,2,34,23
0,-1,2,30,23
0,-1,2,32,23
0,-1,3,32,23
0,-1,2,30,25
0,-1,2,30,25
0,-1,33,30,25
0,-1,1,32,24
0,-1,0,29,24
0,-1,0,29,24
0,-1,0,29,24
0,-1,1,32,24
0,-1,1,29,24
0,-1,1,29,24
0,-1,0,31,22
0,-1,1,31,22
0,-1,30,31,22
0,-1,2,32,25
0,-1,2,33,25
0,-1,2,33,25
0,-1,2,33,25
1,1.0,2,32,25
0,-1,2,32,25
0,-1,5,34,26
0,-1,11,29,26
0,-1,11,29,26
0,-1,11,29,26
0,-1,38,26,26
0,-1,0,26,26
0,-1,0,26,26
0,-1,52,31,67
0,-1,51,38,67
0,-1,36,68,67
0,-1,36,68,67
0,-1,47,32,67
0,-1,45,36,67
0,-1,45,36,67
0,-1,27,34,66
0,-1,29,41,66
0,-1,6,41,66
0,-1,15,47,45
0,-1,12,44,45
0,-1,12,44,45
0,-1,8,39,38
0,-1,6,39,38
0,-1,6,39,38
0,-1,6,39,38
0,-1,5,33,34
0,-1,7,33,34
0,-1,7,33,34
0,-1,4,34,34
0,-1,32,34,34
0,-1,4,31,25
0,-1,3,33,25
0,-1,3,33,25
0,-1,3,33,25
0,-1,2,31,24
0,-1,1,33,24
0,-1,1,33,24
0,-1,1,29,24
0,-1,32,29,24
0,-1,2,29,24
0,-1,1,31,26
0,-1,0,29,26
0,-1,0,29,26
0,-1,3,32,24
0,-1,2,30,24
0,-1,2,30,24
0,-1,2,31,24
0,-1,2,33,24
0,-1,29,33,24
0,-1,2,33,26
0,-1,1,31,26
0,-1,1,31,26
0,-1,1,31,26
0,-1,3,32,26
0,-1,2,32,26
0,-1,2,32,26
0,-1,1,33,26
0,-1,31,33,26
0,-1,4,29,25
0,-1,2,32,25
0,-1,2,32,25
0,-1,2,32,25
0,-1,0,30,28
0,-1,2,32,28
0,-1,2,32,31
0,-1,2,30,31
0,-1,31,30,31
0,-1,31,30,31
0,-1,1,33,26
1,1.0,2,29,26
0,-1,2,29,26
0,-1,7,32,30
0,-1,29,34,30
0,-1,31,34,30
0,-1,48,37,59
0,-1,51,39,59
0,-1,51,39,59
0,-1,51,39,59
0,-1,58,42,77
0,-1,51,42,77
0,-1,51,42,77
0,-1,41,38,76
0,-1,38,43,76
0,-1,45,43,76
0,-1,21,50,51
0,-1,19,47,51
0,-1,19,47,51
0,-1,11,47,41
0,-1,8,45,41
0,-1,8,45,41
0,-1,7,36,36
0,-1,7,37,36
0,-1,8,37,36
0,-1,5,38,31
0,-1,3,33,31
0,-1,3,33,31
0,-1,3,33,31
0,-1,4,33,31
0,-1,4,33,31
0,-1,2,33,26
0,-1,3,33,26
0,-1,31,33,26
0,-1,1,33,26
0,-1,2,32,26
0,-1,2,32,26
0,-1,30,32,26
0,-1,30,32,26
0,-1,2,34,25
0,-1,2,31,25
0,-1,2,31,25
0,-1,2,33,24
0,-1,1,32,24
0,-1,2,32,24
0,-1,0,31,23
0,-1,0,33,23
0,-1,0,33,23
0,-1,0,29,23
0,-1,0,32,23
0,-1,0,32,23
0,-1,0,32,24
0,-1,0,30,24
0,-1,32,30,24
0,-1,0,31,25
0,-1,0,29,25
0,-1,0,29,25
0,-1,0,31,28
0,-1,0,32,28
0,-1,0,32,28
0,-1,0,32,28
0,-1,1,31,28
0,-1,32,31,28
0,-1,0,32,25
0,-1,0,32,25
0,-1,0,32,25
0,-1,0,32,25
0,-1,1,33,26
1,1.0,1,31,26
0,-1,2,29,25
0,-1,2,32,25
0,-1,33,32,25
0,-1,33,32,25
0,-1,4,29,25
0,-1,6,31,25
0,-1,6,31,25
0,-1,30,37,25
0,-1,38,37,25
0,-1,38,37,25
0,-1,36,35,25
0,-1,6,32,25
0,-1,6,32,25
0,-1,51,30,76
0,-1,50,37,71
0,-1,49,34,71
0,-1,49,34,71
0,-1,50,36,77
0,-1,47,38,77
0,-1,47,38,77
0,-1,35,39,77
0,-1,9,37,77
0,-1,9,37,77
0,-1,16,43,57
0,-1,13,47,57
0,-1,5,47,57
0,-1,6,37,42
0,-1,5,36,42
0,-1,37,36,42
0,-1,4,34,41
0,-1,4,37,41
0,-1,4,37,41
0,-1,4,37,41
0,-1,2,32,30
0,-1,3,34,30
0,-1,3,33,29
0,-1,2,30,29
0,-1,32,30,29
0,-1,2,32,28
0,-1,2,33,28
0,-1,2,33,28
0,-1,2,33,28
0,-1,1,31,28
0,-1,1,31,28
0,-1,1,31,28
0,-1,1,33,26
0,-1,1,33,26
0,-1,9,33,26
0,-1,0,34,26
0,-1,1,31,26
0,-1,1,31,26
0,-1,1,31,26
0,-1,0,33,26
0,-1,0,33,26
0,-1,0,31,22
0,-1,0,32,22
0,-1,32,32,22
0,-1,1,29,28
0,-1,0,32,28
0,-1,0,32,28
0,-1,0,32,28
0,-1,0,29,28
0,-1,2,29,28
0,-1,1,32,25
0,-1,2,31,25
0,-1,30,31,25
0,-1,1,32,28
0,-1,2,32,28
0,-1,2,32,28
1,1.0,2,32,28
0,-1,0,32,26
0,-1,0,31,26
0,-1,0,31,26
0,-1,2,33,37
0,-1,2,31,37
0,-1,31,31,37
0,-1,20,30,38
0,-1,22,31,38
0,-1,5,32,38
0,-1,5,32,38
0,-1,45,28,66
0,-1,45,30,66
0,-1,28,30,66
0,-1,55,28,68
0,-1,53,31,68
0,-1,53,31,68
0,-1,53,31,68
0,-1,60,35,68
0,-1,6,35,68
0,-1,8,35,68
0,-1,46,34,68
0,-1,46,34,68
0,-1,46,34,68
0,-1,27,35,68
0,-1,3,32,68
0,-1,3,32,68
0,-1,13,35,47
0,-1,11,36,47
0,-1,11,36,47
0,-1,6,36,46
0,-1,5,32,46
0,-1,31,32,46
0,-1,31,32,46
0,-1,3,33,35
0,-1,3,32,35
0,-1,3,32,35
0,-1,2,34,28
0,-1,2,37,28
0,-1,5,37,28
0,-1,1,31,25
0,-1,1,34,25
0,-1,35,34,25
0,-1,4,33,27
0,-1,2,31,27
0,-1,2,31,27
0,-1,2,31,27
0,-1,1,31,27
0,-1,2,31,27
0,-1,3,32,28
0,-1,2,33,28
0,-1,29,33,28
0,-1,29,33,28
0,-1,2,31,27
0,-1,2,32,27
0,-1,1,33,24
0,-1,1,33,24
0,-1,2,33,24
0,-1,0,31,25
0,-1,0,33,25
0,-1,0,33,25
0,-1,0,33,25
0,-1,0,32,24
0,-1,0,33,24
0,-1,0,33,24
0,-1,1,31,21
0,-1,1,34,21
0,-1,0,32,22
0,-1,1,31,23
0,-1,11,31,23
0,-1,11,31,23
0,-1,11,31,23
1,1.0,3,33,25
0,-1,1,29,25
0,-1,1,29,25
0,-1,4,31,28
0,-1,3,32,28
0,-1,1,32,28
0,-1,1,32,28
0,-1,28,31,28
0,-1,8,31,28
0,-1,8,31,28
0,-1,33,33,28
0,-1,2,33,28
0,-1,37,34,66
0,-1,41,37,66
0,-1,41,37,66
0,-1,41,37,66
0,-1,48,37,73
0,-1,40,38,73
0,-1,38,34,75
0,-1,38,32,75
0,-1,35,32,75
0,-1,35,32,75
0,-1,23,41,75
0,-1,7,39,75
0,-1,7,39,75
0,-1,11,37,54
0,-1,12,33,54
0,-1,7,36,40
0,-1,6,32,40
0,-1,33,32,40
0,-1,6,34,36
0,-1,7,34,36
0,-1,7,34,36
0,-1,7,34,36
0,-1,2,34,25
0,-1,1,32,25
0,-1,1,32,25
0,-1,1,32,28
0,-1,1,33,28
0,-1,32,33,28
0,-1,0,30,25
0,-1,0,33,25
0,-1,0,33,25
0,-1,2,31,30
0,-1,0,30,30
0,-1,0,30,30
0,-1,0,32,29
0,-1,0,30,29
0,-1,32,30,29
0,-1,1,31,28
0,-1,1,32,28
0,-1,1,32,28
0,-1,1,32,28
0,-1,2,31,30
0,-1,1,31,30
0,-1,0,33,28
0,-1,0,32,28
0,-1,32,32,28
0,-1,0,32,25
0,-1,0,33,25
0,-1,0,33,25
0,-1,0,33,25
0,-1,0,32,25
0,-1,1,33,25
0,-1,1,31,26
0,-1,0,30,26
1,1.0,33,30,26
0,-1,33,30,26
0,-1,1,30,23
0,-1,0,32,23
0,-1,0,32,23
0,-1,0,33,27
0,-1,3,29,27
0,-1,31,29,27
0,-1,34,33,43
0,-1,40,33,43
0,-1,40,33,43
0,-1,40,33,43
0,-1,43,32,43
0,-1,3,32,43
0,-1,44,36,80
0,-1,39,33,80
0,-1,33,33,80
0,-1,33,33,80
0,-1,39,33,80
0,-1,7,32,80
0,-1,7,32,80
0,-1,30,38,72
0,-1,28,37,72
0,-1,8,37,72
0,-1,28,35,61
0,-1,24,38,61
0,-1,24,38,61
0,-1,23,36,65
0,-1,19,37,65
0,-1,19,37,65
0,-1,11,39,48
0,-1,10,35,48
0,-1,7,38,46
0,-1,6,35,46
0,-1,6,35,46
0,-1,6,35,46
0,-1,5,35,33
0,-1,5,34,33
0,-1,5,34,33
0,-1,1,37,31
0,-1,3,35,31
0,-1,5,35,31
0,-1,4,34,29
0,-1,3,35,29
0,-1,3,35,29
0,-1,2,30,25
0,-1,4,33,25
0,-1,4,33,25
0,-1,2,31,23
0,-1,0,32,23
0,-1,4,32,23
0,-1,0,33,24
0,-1,0,29,24
0,-1,0,29,24
0,-1,0,29,24
0,-1,2,32,24
0,-1,2,32,24
0,-1,0,34,22
0,-1,0,32,22
0,-1,31,32,22
0,-1,0,34,25
0,-1,1,32,25
0,-1,1,32,25
0,-1,1,32,25
0,-1,2,33,25
0,-1,2,33,25
0,-1,1,29,24
0,-1,1,33,24
0,-1,33,33,24
0,-1,2,31,24
0,-1,1,31,24
0,-1,1,31,24
0,-1,1,31,24
1,1.0,1,31,24
0,-1,1,29,24
0,-1,2,32,24
0,-1,2,32,24
0,-1,11,33,37
0,-1,23,31,37
0,-1,23,31,37
0,-1,23,31,37
0,-1,46,34,37
0,-1,46,34,37
0,-1,64,36,59
0,-1,71,36,59
0,-1,35,36,59
0,-1,35,36,59
0,-1,78,37,59
0,-1,8,36,59
0,-1,76,30,64
0,-1,67,35,64
0,-1,4,35,64
0,-1,62,32,70
0,-1,57,35,70
0,-1,57,35,70
0,-1,57,35,70
0,-1,71,33,66
0,-1,59,33,66
0,-1,4,33,66
0,-1,39,32,47
0,-1,35,30,47
0,-1,32,30,47
0,-1,32,30,47
0,-1,21,38,47
0,-1,6,34,47
0,-1,6,34,47
0,-1,13,33,47
0,-1,12,35,47
0,-1,12,35,47
0,-1,7,36,39
0,-1,8,34,39
0,-1,2,34,39
0,-1,6,35,36
0,-1,6,32,36
0,-1,6,32,36
0,-1,6,32,29
0,-1,5,34,29
0,-1,5,34,29
0,-1,2,30,25
0,-1,2,33,25
0,-1,33,33,25
0,-1,3,30,28
0,-1,3,31,28
0,-1,3,31,28
0,-1,3,31,28
0,-1,2,30,27
0,-1,5,31,27
0,-1,5,31,27
0,-1,4,32,27
0,-1,29,32,27
0,-1,4,33,27
0,-1,4,32,27
0,-1,4,32,27
0,-1,4,32,27
0,-1,7,32,27
0,-1,6,32,27
0,-1,3,32,27
0,-1,5,32,26
0,-1,5,34,26
0,-1,32,34,26
0,-1,4,30,29
0,-1,3,32,29
0,-1,3,32,29
0,-1,3,32,29
0,-1,1,30,26
0,-1,1,33,26
0,-1,2,33,26
0,-1,1,30,26
0,-1,31,30,26
0,-1,31,30,26
0,-1,2,32,26
0,-1,1,29,26
0,-1,1,29,26
0,-1,3,31,28
0,-1,4,31,28
0,-1,1,31,28
0,-1,5,32,28
0,-1,5,32,28
0,-1,5,32,28
0,-1,5,33,26
1,1.0,5,31,26
0,-1,5,31,26
0,-1,6,32,29
0,-1,5,32,29
0,-1,1,32,29
0,-1,7,31,38
0,-1,13,33,38
0,-1,13,33,38
0,-1,13,33,38
0,-1,19,31,56
0,-1,28,31,56
0,-1,2,31,56
0,-1,42,35,68
0,-1,44,31,68
0,-1,44,31,68
0,-1,44,31,68
0,-1,45,33,68
0,-1,8,32,68
0,-1,8,32,68
0,-1,39,31,124
0,-1,40,31,124
0,-1,4,31,124
0,-1,45,32,124
0,-1,2,33,124
0,-1,2,33,124
0,-1,42,33,79
0,-1,41,35,80
0,-1,43,36,80
0,-1,31,44,74
0,-1,26,49,74
0,-1,45,49,74
0,-1,45,49,74
0,-1,18,39,74
0,-1,7,35,74
0,-1,7,35,74
0,-1,8,33,37
0,-1,8,36,37
0,-1,8,36,37
0,-1,5,31,33
0,-1,4,34,33
0,-1,5,33,33
0,-1,5,33,33
0,-1,5,33,33
0,-1,5,33,33
0,-1,3,31,32
0,-1,5,31,32
0,-1,5,31,32
0,-1,7,32,28
0,-1,5,32,28
0,-1,5,32,28
0,-1,4,32,24
0,-1,5,31,24
0,-1,5,31,24
0,-1,3,32,23
0,-1,5,32,23
0,-1,1,32,23
0,-1,3,30,24
0,-1,2,32,24
0,-1,31,2,24
0,-1,31,2,24
0,-1,2,28,27
0,-1,3,31,27
0,-1,3,31,27
0,-1,4,32,30
0,-1,4,29,30
0,-1,2,29,30
0,-1,3,31,28
0,-1,4,30,28
0,-1,4,30,28
0,-1,4,30,28
0,-1,5,32,28
0,-1,4,29,28
0,-1,7,32,36
0,-1,6,30,36
0,-1,1,30,36
1,1.0,1,30,36
0,-1,7,33,36
0,-1,7,33,36
0,-1,7,33,36
0,-1,8,33,35
0,-1,9,32,35
0,-1,9,32,35
0,-1,33,30,44
0,-1,43,33,44
0,-1,30,33,44
0,-1,30,33,44
0,-1,75,29,44
0,-1,9,32,44
0,-1,9,32,44
0,-1,82,34,99
0,-1,85,38,99
0,-1,3,38,99
0,-1,77,40,99
0,-1,85,37,99
0,-1,38,37,99
0,-1,63,32,82
0,-1,59,29,82
0,-1,59,29,82
0,-1,59,29,82
0,-1,43,33,82
0,-1,34,33,82
0,-1,29,41,59
0,-1,26,34,59
0,-1,26,34,59
0,-1,26,34,59
0,-1,13,34,46
0,-1,13,32,46
0,-1,13,32,46
0,-1,8,34,39
0,-1,7,33,39
0,-1,4,33,39
0,-1,6,32,35
0,-1,4,34,35
0,-1,4,34,35
0,-1,2,29,31
0,-1,2,33,31
0,-1,2,33,31
0,-1,5,30,31
0,-1,4,30,31
0,-1,31,30,31
0,-1,3,30,31
0,-1,3,33,31
0,-1,3,33,31
0,-1,3,33,31
0,-1,3,31,26
0,-1,3,32,26
0,-1,3,32,26
0,-1,3,33,26
0,-1,5,31,26
0,-1,0,31,26
0,-1,3,32,26
0,-1,3,32,26
0,-1,3,32,26
0,-1,3,32,26
0,-1,5,33,26
0,-1,5,33,26
0,-1,4,29,27
0,-1,5,32,27
0,-1,33,32,27
0,-1,5,31,26
0,-1,5,30,26
0,-1,5,30,26
0,-1,5,30,26
0,-1,5,29,25
0,-1,3,31,25
1,1.0,3,31,25
0,-1,6,31,24
0,-1,4,28,24
0,-1,8,32,23
0,-1,11,31,23
0,-1,3,32,23
0,-1,3,32,23
0,-1,37,35,58
0,-1,47,31,58
0,-1,6,31,58
0,-1,68,31,73
0,-1,66,30,73
0,-1,66,30,73
0,-1,66,30,73
0,-1,72,35,70
0,-1,71,33,70
0,-1,71,33,70
0,-1,69,36,75
0,-1,57,35,75
0,-1,35,35,75
0,-1,48,32,79
0,-1,53,36,79
0,-1,53,36,79
0,-1,49,33,64
0,-1,51,36,64
0,-1,8,36,64
0,-1,42,44,66
0,-1,33,39,66
0,-1,33,39,66
0,-1,33,39,66
0,-1,18,42,66
0,-1,4,39,66
0,-1,4,39,66
0,-1,10,36,39
0,-1,9,33,39
0,-1,16,40,37
0,-1,14,38,37
0,-1,14,38,37
0,-1,14,38,37
0,-1,8,36,34
0,-1,9,33,34
0,-1,9,33,34
0,-1,7,34,29
0,-1,6,35,29
0,-1,2,35,29
0,-1,3,31,23
0,-1,3,33,23
0,-1,32,33,23
0,-1,32,33,23
0,-1,2,32,25
0,-1,7,33,25
0,-1,7,33,25
0,-1,2,30,23
0,-1,1,32,23
0,-1,4,31,24
0,-1,3,30,24
0,-1,30,30,24
0,-1,30,30,24
0,-1,3,31,26
0,-1,3,29,26
0,-1,3,29,26
0,-1,3,31,29
0,-1,5,31,29
0,-1,9,31,29
0,-1,4,33,27
1,1.0,4,31,27
0,-1,4,31,27
0,-1,4,32,24
0,-1,7,32,24
0,-1,2,32,24
0,-1,14,32,26
0,-1,21,37,26
0,-1,35,37,26
0,-1,35,37,26
0,-1,57,35,26
0,-1,6,40,26
0,-1,6,40,26
0,-1,55,34,68
0,-1,51,35,68
0,-1,8,35,68
0,-1,51,34,68
0,-1,51,34,68
0,-1,51,34,68
0,-1,31,33,53
0,-1,26,32,53
0,-1,26,32,53
0,-1,17,31,50
0,-1,14,31,50
0,-1,28,31,50
0,-1,14,33,45
0,-1,11,31,45
0,-1,33,31,45
0,-1,33,31,45
0,-1,4,37,39
0,-1,7,36,39
0,-1,7,36,39
0,-1,4,35,39
0,-1,4,35,39
0,-1,3,32,34
0,-1,4,35,34
0,-1,4,35,34
0,-1,4,35,34
0,-1,2,31,28
0,-1,1,33,28
0,-1,1,33,28
0,-1,2,30,28
0,-1,0,32,28
0,-1,4,32,28
0,-1,0,32,28
0,-1,0,32,28
0,-1,0,32,28
0,-1,0,32,26
0,-1,0,31,26
0,-1,0,31,26
0,-1,4,33,29
0,-1,4,32,29
0,-1,0,32,29
0,-1,2,33,25
0,-1,3,32,25
0,-1,32,32,25
0,-1,32,32,25
0,-1,2,32,24
0,-1,4,31,24
0,-1,4,31,24
0,-1,1,33,24
0,-1,0,32,24
0,-1,2,30,24
1,1.0,1,31,24
0,-1,1,31,24
0,-1,1,31,24
0,-1,3,29,25
0,-1,3,31,25
0,-1,3,31,25
0,-1,30,32,25
0,-1,30,32,25
0,-1,33,32,25
0,-1,44,33,57
0,-1,57,31,57
0,-1,57,31,57
0,-1,57,31,57
0,-1,49,33,57
0,-1,9,33,57
0,-1,51,32,53
0,-1,53,29,53
0,-1,53,29,53
0,-1,53,29,53
0,-1,38,36,53
0,-1,3,36,53
0,-1,24,34,52
0,-1,19,38,52
0,-1,42,38,52
0,-1,42,38,52
0,-1,11,37,52
0,-1,0,38,52
0,-1,0,38,52
0,-1,9,39,52
0,-1,9,39,52
0,-1,8,36,30
0,-1,7,36,30
0,-1,33,36,30
0,-1,8,35,31
0,-1,6,33,31
0,-1,6,33,31
0,-1,6,33,31
0,-1,6,33,31
0,-1,3,33,31
0,-1,2,32,21
0,-1,2,33,21
0,-1,32,33,21
0,-1,3,30,20
0,-1,3,33,20
0,-1,3,33,20
0,-1,3,33,20
0,-1,7,31,27
0,-1,8,33,27
0,-1,8,33,27
0,-1,3,29,25
0,-1,5,32,25
0,-1,33,32,25
0,-1,5,32,24
0,-1,3,29,24
0,-1,3,29,24
0,-1,3,29,24
0,-1,4,30,22
0,-1,4,31,22
0,-1,4,32,25
0,-1,3,32,25
0,-1,29,32,25
0,-1,2,32,25
0,-1,3,31,25
0,-1,3,31,25
0,-1,3,31,25
0,-1,3,32,29
1,1.0,3,31,29
0,-1,3,31,29
0,-1,2,33,27
0,-1,3,31,27
0,-1,3,31,27
0,-1,3,31,27
0,-1,34,33,27
0,-1,6,31,27
0,-1,6,31,27
0,-1,50,36,68
0,-1,48,39,68
0,-1,75,35,81
0,-1,72,32,81
0,-1,72,32,81
0,-1,72,32,81
0,-1,51,30,66
0,-1,43,32,66
0,-1,43,32,66
0,-1,23,51,50
0,-1,19,45,50
0,-1,45,45,50
0,-1,45,45,50
0,-1,12,40,50
0,-1,12,40,50
0,-1,8,38,35
0,-1,8,36,35
0,-1,8,36,35
0,-1,5,35,32
0,-1,6,34,32
0,-1,4,34,32
0,-1,4,32,29
0,-1,3,34,29
0,-1,3,34,29
0,-1,3,34,29
0,-1,1,33,27
0,-1,3,33,27
0,-1,3,31,28
0,-1,1,31,28
0,-1,33,31,28
0,-1,3,32,28
0,-1,4,29,28
0,-1,4,29,28
0,-1,4,29,28
0,-1,6,32,29
0,-1,4,29,29
0,-1,4,29,29
0,-1,4,31,27
0,-1,4,30,27
0,-1,5,33,24
0,-1,7,31,29
0,-1,6,31,29
0,-1,6,31,29
0,-1,6,33,26
1,1.0,4,31,26
0,-1,4,31,26
0,-1,6,33,27
0,-1,5,33,27
0,-1,31,33,27
0,-1,15,31,47
0,-1,27,34,47
0,-1,6,37,47
0,-1,6,37,47
0,-1,75,35,60
0,-1,85,34,60
0,-1,4,34,60
0,-1,82,33,70
0,-1,71,36,70
0,-1,71,36,70
0,-1,71,36,70
0,-1,62,34,70
0,-1,62,34,70
0,-1,49,34,63
0,-1,39,35,63
0,-1,34,35,63
0,-1,34,35,63
0,-1,18,36,63
0,-1,5,32,63
0,-1,5,32,63
0,-1,14,36,63
0,-1,6,36,63
0,-1,15,35,32
0,-1,16,35,37
0,-1,13,33,37
0,-1,13,33,37
0,-1,9,33,37
0,-1,0,33,37
0,-1,0,33,37
0,-1,6,32,24
0,-1,5,33,24
0,-1,7,33,26
0,-1,10,29,26
0,-1,32,29,26
0,-1,32,29,26
0,-1,8,32,27
0,-1,8,30,27
0,-1,8,30,27
0,-1,6,32,25
0,-1,6,30,25
0,-1,1,30,25
0,-1,5,31,27
0,-1,5,32,27
0,-1,5,32,27
0,-1,4,33,25
0,-1,4,31,25
0,-1,4,31,25
0,-1,4,33,24
0,-1,5,32,24
0,-1,1,32,24
0,-1,4,31,25
0,-1,3,33,25
0,-1,31,33,25
0,-1,9,29,27
0,-1,13,32,27
0,-1,3,32,27
0,-1,10,31,29
1,1.0,9,28,29
0,-1,1,28,29
0,-1,8,31,26
0,-1,9,31,26
0,-1,9,31,26
0,-1,9,31,26
0,-1,17,32,35
0,-1,25,29,35
0,-1,3,29,35
0,-1,73,34,58
0,-1,73,34,58
0,-1,29,34,58
0,-1,29,34,58
0,-1,84,30,58
0,-1,84,30,58
0,-1,78,36,78
0,-1,82,40,78
0,-1,38,40,78
0,-1,81,34,66
0,-1,72,31,66
0,-1,72,31,66
0,-1,72,31,66
0,-1,33,29,51
0,-1,29,31,51
0,-1,29,31,51
0,-1,16,29,37
0,-1,16,32,37
0,-1,16,32,37
0,-1,17,31,42
0,-1,14,30,42
0,-1,1,29,42
0,-1,1,29,42
0,-1,11,32,31
0,-1,12,28,31
0,-1,12,28,31
0,-1,9,32,33
0,-1,11,33,33
0,-1,29,33,33
0,-1,10,33,29
0,-1,9,31,29
0,-1,9,31,29
0,-1,9,31,29
0,-1,8,33,29
0,-1,32,33,29
0,-1,0,33,29
0,-1,8,33,29
0,-1,32,33,29
0,-1,32,33,29
0,-1,5,32,35
0,-1,5,33,35
0,-1,5,33,35
0,-1,5,30,27
0,-1,7,33,27
0,-1,7,33,27
0,-1,9,31,27
0,-1,31,31,27
0,-1,31,31,27
0,-1,8,32,32
0,-1,6,29,32
1,1.0,6,29,32
0,-1,6,29,32
0,-1,6,29,32
0,-1,6,29,32
0,-1,7,33,32
0,-1,7,33,32
0,-1,7,33,32
0,-1,23,32,36
0,-1,25,34,36
0,-1,2,34,36
0,-1,46,30,46
0,-1,52,34,46
0,-1,52,34,46
0,-1,52,34,46
0,-1,78,35,79
0,-1,88,39,79
0,-1,88,39,79
0,-1,113,38,91
0,-1,100,35,91
0,-1,34,735,91
0,-1,34,735,91
0,-1,82,36,91
0,-1,8,33,91
0,-1,8,33,91
0,-1,47,43,70
0,-1,48,41,70
0,-1,6,41,70
0,-1,32,46,48
0,-1,26,47,48
0,-1,26,47,48
0,-1,26,47,48
0,-1,15,40,48
0,-1,4,37,48
0,-1,4,37,48
0,-1,10,35,39
0,-1,10,35,39
0,-1,4,35,39
0,-1,9,32,40
0,-1,9,35,40
0,-1,33,35,40
0,-1,11,30,38
0,-1,8,33,38
0,-1,8,33,38
0,-1,8,33,38
0,-1,7,29,38
0,-1,3,29,38
0,-1,3,29,38
0,-1,9,31,30
0,-1,10,31,30
0,-1,10,31,30
0,-1,11,33,28
0,-1,9,29,28
0,-1,9,29,28
0,-1,10,32,30
0,-1,9,32,30
0,-1,30,32,30
0,-1,8,33,25
0,-1,7,31,25
0,-1,32,31,25
0,-1,32,31,25
0,-1,8,33,26
0,-1,8,33,26
0,-1,8,33,26
0,-1,8,33,26
0,-1,8,31,26
0,-1,8,31,26
0,-1,5,32,23
0,-1,6,34,23
0,-1,31,34,23
0,-1,1,34,23
0,-1,1,34,23
0,-1,9,32,23
0,-1,9,32,23
0,-1,7,32,23
0,-1,4,32,23
0,-1,4,32,23
0,-1,6,29,23
0,-1,32,29,23
0,-1,32,29,23
0,-1,6,31,27
0,-1,5,30,27
0,-1,5,30,27
0,-1,6,32,27
0,-1,5,30,27
0,-1,5,30,27
0,-1,6,31,27
0,-1,33,31,27
0,-1,33,31,27
0,-1,5,34,27
0,-1,4,31,27
0,-1,4,31,27
0,-1,8,33,28
0,-1,7,33,28
0,-1,6,30,26
0,-1,8,32,26
0,-1,8,32,26
0,-1,32,32,26
0,-1,6,29,25
0,-1,5,32,25
0,-1,5,32,25
0,-1,5,32,25
0,-1,3,29,25
0,-1,3,29,25
0,-1,8,32,24
0,-1,6,30,24
0,-1,31,30,24
0,-1,31,30,24
0,-1,8,33,26
0,-1,9,29,26
0,-1,9,29,26
0,-1,6,32,26
0,-1,2,32,26
0,-1,6,32,25
0,-1,7,32,25
0,-1,7,32,25
0,-1,7,32,25
0,-1,5,34,26
0,-1,5,31,26
0,-1,5,31,26
0,-1,6,32,26
0,-1,4,32,26
1,2.0,7,32,28
0,-1,6,30,28
0,-1,6,30,28
0,-1,8,32,28
0,-1,0,32,28
0,-1,4,33,25
0,-1,3,31,25
0,-1,33,31,25
0,-1,33,31,25
0,-1,5,33,25
1,2.0,5,33,25
0,-1,6,29,23
0,-1,5,32,23
0,-1,2,32,23
0,-1,2,32,23
0,-1,11,32,23
0,-1,5,40,23
0,-1,5,40,23
0,-1,35,67,58
0,-1,42,65,58
0,-1,56,82,55
0,-1,61,82,55
0,-1,61,82,55
0,-1,61,82,55
0,-1,71,83,67
0,-1,67,89,67
0,-1,67,89,67
0,-1,73,95,62
0,-1,66,87,62
0,-1,103,87,62
0,-1,103,87,62
0,-1,58,82,62
0,-1,58,82,62
0,-1,45,70,66
0,-1,44,65,66
0,-1,6,65,66
0,-1,27,62,47
0,-1,24,57,47
0,-1,24,57,47
0,-1,24,57,47
0,-1,18,43,47
0,-1,6,44,47
0,-1,6,44,47
0,-1,14,36,31
0,-1,16,36,31
0,-1,7,36,31
0,-1,11,36,28
0,-1,9,32,28
0,-1,35,32,28
0,-1,35,32,28
0,-1,10,34,28
0,-1,10,34,28
0,-1,8,34,24
0,-1,7,33,24
0,-1,2,33,24
0,-1,7,35,25
0,-1,8,33,25
0,-1,34,33,25
0,-1,7,33,28
0,-1,6,34,29
0,-1,7,33,29
0,-1,26,33,29
0,-1,6,30,25
0,-1,8,34,25
0,-1,4,34,25
0,-1,4,34,25
0,-1,7,31,25
0,-1,7,31,25
0,-1,7,31,25
0,-1,7,30,25
0,-1,7,30,25
0,-1,5,32,24
0,-1,7,33,24
0,-1,30,33,24
0,-1,6,34,26
0,-1,6,33,26
0,-1,6,33,26
0,-1,6,33,26
0,-1,5,33,26
0,-1,4,33,26
0,-1,4,33,26
0,-1,6,35,26
0,-1,5,32,26
0,-1,3,31,23
0,-1,4,34,23
0,-1,4,34,23
0,-1,4,34,23
0,-1,6,32,22
0,-1,6,34,22
0,-1,6,34,22
0,-1,7,30,22
0,-1,33,30,22
0,-1,33,30,22
0,-1,9,33,22
0,-1,7,30,22
0,-1,7,30,22
0,-1,4,32,23
0,-1,5,32,23
0,-1,5,32,23
1,2.0,5,33,25
0,-1,7,34,25
0,-1,30,34,25
0,-1,6,35,22
0,-1,7,37,22
0,-1,7,37,22
0,-1,7,37,22
0,-1,29,73,22
0,-1,96,73,22
0,-1,74,93,56
0,-1,73,89,56
0,-1,73,89,56
0,-1,73,89,56
0,-1,67,90,61
0,-1,70,80,61
0,-1,70,80,61
0,-1,62,79,58
0,-1,54,83,58
0,-1,82,83,58
0,-1,71,77,58
0,-1,0,77,58
0,-1,0,77,58
0,-1,51,65,51
0,-1,44,55,51
0,-1,7,55,51
0,-1,39,51,40
0,-1,37,49,40
0,-1,37,49,40
0,-1,37,49,40
0,-1,22,50,40
0,-1,8,50,40
0,-1,16,42,39
0,-1,15,44,39
0,-1,39,44,39
0,-1,39,44,39
0,-1,39,44,39
0,-1,10,38,39
0,-1,10,38,39
0,-1,10,38,39
0,-1,7,33,26
0,-1,6,36,26
0,-1,6,36,26
0,-1,7,32,26
0,-1,6,34,26
0,-1,5,34,26
0,-1,5,34,28
0,-1,6,31,28
0,-1,6,31,28
0,-1,6,31,28
0,-1,5,32,28
0,-1,5,32,28
0,-1,3,34,25
0,-1,5,34,25
0,-1,0,34,25
0,-1,4,34,23
0,-1,4,31,23
0,-1,4,31,23
0,-1,4,31,23
0,-1,5,34,25
0,-1,6,32,25
0,-1,4,31,22
0,-1,5,34,22
0,-1,33,34,22
0,-1,6,31,22
0,-1,7,33,22
0,-1,7,33,22
0,-1,7,33,22
0,-1,15,31,24
0,-1,12,33,24
0,-1,5,33,24
0,-1,9,32,24
0,-1,8,31,24
0,-1,4,31,24
0,-1,7,34,24
0,-1,8,30,24
0,-1,8,30,24
0,-1,8,30,24
0,-1,7,33,25
0,-1,6,34,25
0,-1,6,34,25
0,-1,3,35,27
0,-1,4,33,27
1,2.0,31,33,27
0,-1,7,34,26
0,-1,7,34,26
0,-1,7,34,26
0,-1,7,34,26
0,-1,6,36,24
0,-1,7,34,24
0,-1,1,34,24
0,-1,12,48,24
0,-1,12,48,24
0,-1,12,48,24
0,-1,34,73,55
0,-1,45,65,55
0,-1,45,65,55
0,-1,63,57,58
0,-1,56,67,58
0,-1,73,67,58
0,-1,70,97,58
0,-1,74,96,58
0,-1,74,96,58
0,-1,90,81,72
0,-1,84,86,72
0,-1,5,86,72
0,-1,69,86,83
0,-1,61,89,83
0,-1,61,89,83
0,-1,61,89,83
0,-1,61,85,83
0,-1,2,76,83
0,-1,2,76,83
0,-1,33,55,59
0,-1,27,49,59
0,-1,6,49,59
0,-1,19,39,59
0,-1,7,37,59
0,-1,7,37,59
0,-1,12,32,43
0,-1,11,35,43
0,-1,6,35,43
0,-1,11,33,38
0,-1,8,32,38
0,-1,5,32,38
0,-1,10,34,34
0,-1,9,31,34
0,-1,9,31,34
0,-1,9,31,34
0,-1,5,34,28
0,-1,7,30,28
0,-1,7,30,28
0,-1,7,32,27
0,-1,8,33,27
0,-1,1,33,27
0,-1,11,34,27
0,-1,0,33,27
0,-1,0,33,27
0,-1,10,34,30
0,-1,11,33,30
0,-1,3,33,30
0,-1,6,32,28
0,-1,9,34,28
0,-1,9,34,28
0,-1,6,30,28
0,-1,6,30,28
0,-1,6,30,28
0,-1,6,31,27
0,-1,6,32,27
0,-1,6,32,27
0,-1,6,33,25
0,-1,6,30,25
0,-1,33,30,25
0,-1,6,32,23
0,-1,5,33,23
0,-1,5,33,23
0,-1,3,34,25
0,-1,5,33,25
1,2.0,2,33,25
0,-1,9,35,25
0,-1,9,35,25
0,-1,9,35,25
0,-1,8,32,25
0,-1,9,42,25
0,-1,9,42,25
0,-1,17,57,55
0,-1,23,61,55
0,-1,71,61,55
0,-1,71,61,55
0,-1,55,85,55
0,-1,6,87,55
0,-1,6,87,55
0,-1,62,70,66
0,-1,62,72,66
0,-1,6,72,66
0,-1,62,72,66
0,-1,62,72,66
0,-1,62,72,66
0,-1,69,93,76
0,-1,67,77,76
0,-1,67,77,76
0,-1,55,77,65
0,-1,62,80,65
0,-1,68,80,65
0,-1,52,79,66
0,-1,45,71,66
0,-1,45,71,66
0,-1,45,71,66
0,-1,24,59,66
0,-1,6,59,66
0,-1,14,53,41
0,-1,10,52,41
0,-1,1,52,41
0,-1,6,44,32
0,-1,4,40,32
0,-1,4,40,32
0,-1,4,40,32
0,-1,8,36,30
0,-1,10,35,30
0,-1,10,35,30
0,-1,8,35,26
0,-1,7,31,26
0,-1,4,31,26
0,-1,10,33,26
0,-1,0,33,26
0,-1,0,33,26
0,-1,8,35,26
0,-1,8,33,26
0,-1,8,33,26
0,-1,13,35,24
0,-1,12,34,24
0,-1,12,34,24
0,-1,9,33,21
0,-1,8,35,21
0,-1,8,35,21
0,-1,7,31,23
0,-1,6,34,23
0,-1,5,34,23
0,-1,8,32,23
0,-1,10,32,23
0,-1,35,32,23
0,-1,9,34,25
0,-1,9,31,25
0,-1,9,31,25
0,-1,9,31,25
0,-1,5,34,26
0,-1,6,30,26
0,-1,6,30,26
0,-1,4,32,22
0,-1,4,32,22
0,-1,30,32,22
1,2.0,3,33,23
0,-1,2,34,23
0,-1,2,34,23
0,-1,5,34,22
0,-1,9,35,22
0,-1,58,2,22
0,-1,58,2,22
0,-1,33,58,22
0,-1,0,56,22
0,-1,0,56,22
0,-1,51,44,71
0,-1,51,57,71
0,-1,8,57,71
0,-1,70,48,69
0,-1,66,49,69
0,-1,61,49,69
0,-1,61,49,69
0,-1,60,55,69
0,-1,0,50,69
0,-1,0,50,69
0,-1,59,69,50
0,-1,60,57,50
0,-1,1,57,50
0,-1,51,57,42
0,-1,42,57,42
0,-1,42,57,42
0,-1,9,57,42
0,-1,30,46,38
0,-1,27,48,38
0,-1,5,478,38
0,-1,5,478,38
0,-1,19,44,30
0,-1,17,40,30
0,-1,39,40,30
0,-1,14,37,31
0,-1,13,41,31
0,-1,0,39,31
0,-1,0,39,31
0,-1,11,38,29
0,-1,11,37,29
0,-1,11,37,29
0,-1,9,35,28
0,-1,6,35,28
0,-1,6,35,28
0,-1,6,35,28
0,-1,9,31,28
0,-1,1,33,28
0,-1,1,33,28
0,-1,8,33,25
0,-1,10,30,25
0,-1,4,30,25
0,-1,8,32,28
0,-1,8,32,28
0,-1,1,32,28
0,-1,7,34,27
0,-1,6,34,27
0,-1,6,34,27
0,-1,8,35,27
0,-1,7,32,27
0,-1,7,32,27
0,-1,4,34,26
0,-1,4,35,26
0,-1,32,35,26
0,-1,3,31,22
0,-1,5,35,22
0,-1,5,35,22
0,-1,5,32,25
0,-1,5,32,25
0,-1,4,32,25
0,-1,5,33,26
0,-1,4,31,25
0,-1,3,31,25
0,-1,33,31,25
0,-1,3,33,29
0,-1,2,33,29
0,-1,2,33,29
0,-1,2,33,29
1,2.0,4,33,27
0,-1,3,32,27
0,-1,3,32,27
0,-1,13,31,34
0,-1,18,36,34
0,-1,18,36,34
0,-1,18,36,34
0,-1,48,49,34
0,-1,48,49,34
0,-1,59,60,80
0,-1,58,58,80
0,-1,69,58,80
0,-1,76,59,83
0,-1,80,57,83
0,-1,1,55,83
0,-1,1,55,83
0,-1,63,60,75
0,-1,75,53,75
0,-1,2,53,75
0,-1,58,52,60
0,-1,62,56,60
0,-1,62,56,60
0,-1,62,56,60
0,-1,9,63,60
0,-1,9,63,60
0,-1,50,48,70
0,-1,54,50,70
0,-1,46,50,70
0,-1,29,42,52
0,-1,24,41,51
0,-1,19,41,51
0,-1,19,41,51
0,-1,19,41,51
0,-1,13,33,45
0,-1,11,34,45
0,-1,11,34,45
0,-1,7,35,37
0,-1,8,33,37
0,-1,3,33,37
0,-1,8,34,39
0,-1,7,34,39
0,-1,34,34,39
0,-1,7,32,30
0,-1,9,34,30
0,-1,9,34,30
0,-1,7,29,29
0,-1,7,32,29
0,-1,4,32,29
0,-1,8,31,25
0,-1,5,30,25
0,-1,33,30,25
0,-1,33,30,25
0,-1,5,30,24
0,-1,10,32,24
0,-1,10,32,24
0,-1,8,32,23
0,-1,5,29,23
0,-1,1,23,23
0,-1,7,33,26
0,-1,7,31,25
0,-1,77,31,25
0,-1,77,31,25
0,-1,77,31,25
0,-1,6,32,24
0,-1,6,31,24
0,-1,6,31,24
0,-1,4,32,26
0,-1,3,32,26
0,-1,1,32,26
0,-1,2,32,26
0,-1,6,32,23
0,-1,4,33,23
0,-1,31,33,23
0,-1,31,33,23
0,-1,6,32,23
0,-1,6,32,23
0,-1,6,30,26
0,-1,4,30,26
0,-1,2,30,26
0,-1,4,32,28
0,-1,3,29,28
0,-1,3,29,28
0,-1,3,29,28
0,-1,7,31,26
0,-1,5,29,26
0,-1,24,29,26
0,-1,5,32,27
0,-1,6,31,25
0,-1,7,30,25
1,2.0,0,30,25
0,-1,6,29,28
0,-1,6,33,28
0,-1,6,33,28
0,-1,9,39,36
0,-1,17,39,36
0,-1,4,39,36
0,-1,30,43,43
0,-1,39,39,43
0,-1,43,39,43
0,-1,43,39,43
0,-1,63,29,43
0,-1,3,51,43
0,-1,61,48,60
0,-1,55,48,60
0,-1,54,48,60
0,-1,9,48,60
0,-1,49,47,64
0,-1,49,55,64
0,-1,49,55,64
0,-1,41,67,45
0,-1,53,59,45
0,-1,53,59,45
0,-1,43,69,43
0,-1,39,71,43
0,-1,63,71,43
0,-1,30,58,49
0,-1,25,61,49
0,-1,25,61,49
0,-1,25,61,49
0,-1,13,45,38
0,-1,13,43,38
0,-1,0,373,38
0,-1,11,49,34
0,-1,13,46,34
0,-1,13,46,34
0,-1,13,46,34
0,-1,17,38,31
0,-1,17,38,31
0,-1,5,37,31
0,-1,5,37,31
0,-1,5,37,31
0,-1,10,34,26
0,-1,11,33,26
0,-1,10,30,25
0,-1,8,31,25
0,-1,33,31,25
0,-1,5,32,24
0,-1,5,29,24
0,-1,0,32,24
0,-1,0,32,24
0,-1,8,31,26
0,-1,7,30,26
0,-1,7,30,26
0,-1,9,32,27
0,-1,9,29,27
0,-1,31,29,27
0,-1,31,29,27
0,-1,12,32,27
0,-1,1,282,27
0,-1,1,282,27
0,-1,7,33,25
0,-1,6,30,26
0,-1,7,31,26
0,-1,8,32,26
0,-1,8,32,26
0,-1,32,32,26
0,-1,0,32,26
0,-1,7,32,27
0,-1,8,31,27
0,-1,8,31,27
0,-1,7,31,25
0,-1,8,32,25
0,-1,8,32,25
0,-1,5,29,24
0,-1,6,32,24
0,-1,32,32,24
0,-1,6,30,23
0,-1,5,30,23
0,-1,5,30,23
0,-1,5,30,23
0,-1,4,32,23
0,-1,6,29,23
0,-1,1,29,23
1,2.0,6,31,23
0,-1,5,31,23
0,-1,28,31,23
0,-1,11,31,28
0,-1,16,39,28
0,-1,0,32,28
0,-1,0,32,28
0,-1,36,60,48
0,-1,62,55,48
0,-1,63,55,48
0,-1,76,48,64
0,-1,83,41,64
0,-1,83,41,64
0,-1,85,40,79
0,-1,80,35,79
0,-1,2,35,79
0,-1,69,62,64
0,-1,68,59,64
0,-1,57,59,64
0,-1,57,59,64
0,-1,51,58,64
0,-1,5,60,64
0,-1,5,60,64
0,-1,30,52,45
0,-1,24,52,45
0,-1,1,52,45
0,-1,15,49,45
0,-1,15,49,45
0,-1,15,49,45
0,-1,15,40,31
0,-1,12,39,31
0,-1,12,39,31
0,-1,10,37,26
0,-1,9,35,26
0,-1,3,35,26
0,-1,7,35,23
0,-1,6,33,23
0,-1,34,33,23
0,-1,34,33,23
0,-1,7,34,23
0,-1,7,34,23
0,-1,6,29,24
0,-1,6,32,24
0,-1,3,32,24
0,-1,6,31,26
0,-1,4,31,26
0,-1,33,31,26
0,-1,33,31,26
0,-1,5,29,26
0,-1,5,29,26
0,-1,5,29,26
0,-1,6,32,26
0,-1,9,32,26
0,-1,6,33,25
0,-1,6,32,25
0,-1,6,32,25
0,-1,6,32,25
0,-1,4,32,24
0,-1,6,32,24
0,-1,6,32,24
0,-1,5,33,24
0,-1,7,31,24
0,-1,2,31,24
0,-1,5,33,24
0,-1,3,33,24
0,-1,31,33,24
0,-1,31,33,24
0,-1,5,32,25
0,-1,5,32,25
0,-1,5,32,25
0,-1,8,31,25
1,2.0,4,31,25
0,-1,1,31,25
0,-1,4,29,25
0,-1,4,29,25
0,-1,4,29,25
0,-1,4,31,23
0,-1,10,29,23
0,-1,0,29,23
0,-1,19,27,35
0,-1,30,28,35
0,-1,42,28,35
0,-1,42,28,35
0,-1,44,49,35
0,-1,44,49,35
0,-1,44,49,35
0,-1,46,70,48
0,-1,47,61,48
0,-1,9,61,48
0,-1,52,79,52
0,-1,55,78,52
0,-1,55,78,52
0,-1,55,78,52
0,-1,60,79,53
0,-1,69,78,53
0,-1,69,78,53
0,-1,69,78,53
0,-1,48,79,53
0,-1,69,79,53
0,-1,61,79,53
0,-1,61,79,53
0,-1,25,50,53
0,-1,0,49,53
0,-1,0,49,53
0,-1,15,42,49
0,-1,12,37,49
0,-1,12,37,49
0,-1,7,36,37
0,-1,10,33,37
0,-1,3,33,37
0,-1,7,33,31
0,-1,9,33,31
0,-1,1,30,31
0,-1,1,30,31
0,-1,10,32,31
0,-1,10,32,31
0,-1,7,33,24
0,-1,6,33,24
0,-1,32,33,24
0,-1,5,31,24
0,-1,4,33,24
0,-1,4,33,24
0,-1,4,33,24
0,-1,4,32,23
0,-1,4,32,23
0,-1,3,32,23
0,-1,3,32,23
0,-1,4,29,23
0,-1,32,29,23
0,-1,4,31,27
0,-1,3,31,27
0,-1,3,31,27
0,-1,3,31,27
0,-1,4,32,25
0,-1,4,29,25
0,-1,4,29,25
0,-1,4,32,25
0,-1,6,33,25
0,-1,29,33,25
0,-1,4,33,24
0,-1,7,31,24
0,-1,7,31,24
0,-1,7,31,24
0,-1,3,32,26
0,-1,3,32,26
0,-1,3,31,22
0,-1,2,33,22
0,-1,32,33,22
0,-1,3,33,22
0,-1,1,32,22
0,-1,1,32,22
0,-1,1,32,22
0,-1,5,30,21
0,-1,3,33,21
0,-1,3,33,21
0,-1,4,30,23
0,-1,4,31,23
0,-1,33,31,23
0,-1,33,31,23
0,-1,4,32,24
0,-1,2,29,24
0,-1,2,29,24
0,-1,4,31,22
0,-1,6,31,22
1,2.0,6,31,22
0,-1,7,32,24
0,-1,7,34,24
0,-1,39,34,24
0,-1,46,34,24
0,-1,46,34,24
0,-1,25,55,24
0,-1,2,61,24
0,-1,2,61,24
0,-1,47,86,58
0,-1,59,92,58
0,-1,2,92,58
0,-1,60,83,57
0,-1,63,72,57
0,-1,63,72,57
0,-1,63,72,57
0,-1,58,48,55
0,-1,61,45,55
0,-1,61,45,55
0,-1,52,66,46
0,-1,49,65,46
0,-1,66,65,46
0,-1,52,52,46
0,-1,2,58,46
0,-1,2,58,46
0,-1,41,63,45
0,-1,37,70,45
0,-1,6,70,45
0,-1,34,59,44
0,-1,30,51,42
0,-1,24,51,42
0,-1,24,51,42
0,-1,24,51,42
0,-1,15,42,42
0,-1,3,37,42
0,-1,0,39,42
0,-1,0,39,42
0,-1,7,41,36
0,-1,7,42,36
0,-1,7,42,36
0,-1,7,42,36
0,-1,6,37,36
0,-1,6,37,36
0,-1,5,35,24
0,-1,4,35,24
0,-1,4,35,24
0,-1,4,35,24
0,-1,6,35,28
0,-1,8,32,28
0,-1,8,32,28
0,-1,6,30,26
0,-1,5,32,26
0,-1,34,32,26
0,-1,5,31,27
0,-1,3,30,27
0,-1,3,30,27
0,-1,3,30,27
0,-1,6,31,26
0,-1,5,31,26
0,-1,6,32,27
0,-1,7,33,27
0,-1,29,33,27
0,-1,4,34,24
0,-1,5,31,24
0,-1,5,31,24
0,-1,7,33,26
0,-1,7,32,26
0,-1,1,32,26
0,-1,6,30,22
0,-1,8,33,22
0,-1,32,33,22
0,-1,32,33,22
0,-1,4,32,22
1,2.0,5,33,22
0,-1,5,33,22
0,-1,2,29,24
0,-1,4,31,24
0,-1,3,34,24
0,-1,5,34,24
0,-1,5,34,24
0,-1,5,34,24
0,-1,16,54,37
0,-1,19,70,37
0,-1,6,70,37
0,-1,27,67,42
0,-1,43,67,42
0,-1,65,67,42
0,-1,65,67,42
0,-1,78,94,42
0,-1,7,88,42
0,-1,7,88,42
0,-1,66,78,43
0,-1,62,68,43
0,-1,7,68,43
0,-1,62,71,43
0,-1,62,71,43
0,-1,62,71,43
0,-1,48,64,39
0,-1,47,74,39
0,-1,47,74,39
0,-1,46,62,44
0,-1,49,62,44
0,-1,49,62,44
0,-1,46,67,44
0,-1,7,59,44
0,-1,7,59,44
0,-1,31,66,38
0,-1,28,60,38
0,-1,7,60,38
0,-1,15,48,39
0,-1,11,44,39
0,-1,11,44,39
0,-1,10,42,35
0,-1,15,37,35
0,-1,4,36,35
0,-1,4,36,35
0,-1,9,35,41
0,-1,10,33,41
0,-1,2,33,41
0,-1,9,34,30
0,-1,7,33,30
0,-1,32,33,30
0,-1,7,32,25
0,-1,5,33,25
0,-1,5,33,25
0,-1,5,33,25
0,-1,2,33,24
0,-1,3,33,24
0,-1,3,33,24
0,-1,2,30,24
0,-1,33,30,24
0,-1,2,32,25
0,-1,3,30,25
0,-1,3,30,25
0,-1,3,30,25
0,-1,3,32,24
0,-1,5,29,24
0,-1,5,29,24
0,-1,5,29,24
0,-1,5,30,24
0,-1,31,30,24
0,-1,31,30,24
0,-1,6,32,24
0,-1,5,32,24
0,-1,5,32,24
0,-1,6,32,23
0,-1,6,31,23
0,-1,6,31,23
0,-1,3,31,22
0,-1,6,32,22
0,-1,31,32,22
0,-1,6,29,21
0,-1,6,32,21
0,-1,6,32,21
0,-1,6,32,21
0,-1,4,31,22
0,-1,6,32,22
0,-1,6,32,22
0,-1,5,28,22
0,-1,4,32,22
0,-1,2,32,22
0,-1,5,31,22
0,-1,5,31,22
1,2.0,5,31,22
0,-1,5,31,26
0,-1,5,29,26
0,-1,5,29,26
0,-1,6,32,25
0,-1,6,32,25
0,-1,30,32,25
0,-1,8,33,26
0,-1,8,32,26
0,-1,0,34,26
0,-1,0,34,26
0,-1,13,22,34
0,-1,22,33,34
0,-1,9,33,34
0,-1,53,53,56
0,-1,51,54,56
0,-1,51,54,56
0,-1,51,54,56
0,-1,69,57,56
0,-1,2,62,56
0,-1,58,88,46
0,-1,58,73,46
0,-1,65,73,46
0,-1,65,73,46
0,-1,52,66,46
0,-1,4,68,46
0,-1,4,68,46
0,-1,28,55,43
0,-1,23,62,43
0,-1,0,62,43
0,-1,14,50,32
0,-1,14,44,32
0,-1,43,44,32
0,-1,43,44,32
0,-1,9,37,32
0,-1,9,37,32
0,-1,5,35,30
0,-1,7,33,30
0,-1,7,33,30
0,-1,4,34,31
0,-1,9,32,31
0,-1,32,32,31
0,-1,5,31,27
0,-1,6,33,27
0,-1,6,33,27
0,-1,6,33,27
0,-1,6,32,27
0,-1,3,32,27
0,-1,3,32,27
0,-1,6,29,24
0,-1,6,32,24
0,-1,8,32,24
0,-1,8,29,24
0,-1,8,29,24
0,-1,8,29,24
0,-1,5,31,24
0,-1,7,28,24
0,-1,7,28,24
0,-1,6,31,25
0,-1,6,31,25
0,-1,29,31,25
0,-1,4,32,26
0,-1,4,31,26
0,-1,4,31,26
0,-1,4,31,26
0,-1,2,31,26
0,-1,1,31,26
0,-1,3,31,24
0,-1,4,33,24
0,-1,31,33,24
0,-1,3,29,23
0,-1,2,32,23
0,-1,2,32,23
0,-1,2,32,23
0,-1,2,30,22
0,-1,6,32,22
0,-1,6,32,22
0,-1,4,28,22
0,-1,31,28,22
0,-1,31,28,22
0,-1,3,30,25
0,-1,2,28,25
0,-1,2,28,25
0,-1,3,31,24
0,-1,3,29,24
0,-1,3,29,24
0,-1,4,31,23
0,-1,4,31,23
0,-1,28,31,23
0,-1,4,32,23
0,-1,3,30,23
0,-1,3,30,23
0,-1,3,30,23
1,2.0,3,32,26
0,-1,5,31,26
0,-1,5,31,26
0,-1,4,33,24
0,-1,4,31,24
0,-1,2,31,24
0,-1,5,32,24
0,-1,7,35,24
0,-1,7,35,24
0,-1,7,35,24
0,-1,10,31,23
0,-1,15,39,23
0,-1,16,42,28
0,-1,18,60,29
0,-1,16,64,29
0,-1,72,44,29
0,-1,72,44,29
0,-1,30,71,57
0,-1,44,70,57
0,-1,44,70,57
0,-1,53,62,54
0,-1,55,58,54
0,-1,76,58,54
0,-1,53,65,52
0,-1,70,72,52
0,-1,70,72,52
0,-1,70,72,52
0,-1,70,84,45
0,-1,71,101,45
0,-1,2,101,45
0,-1,47,114,47
0,-1,51,99,47
0,-1,93,99,47
0,-1,32,76,47
0,-1,5,74,47
0,-1,5,74,47
0,-1,16,58,41
0,-1,13,56,41
0,-1,13,56,41
0,-1,7,41,39
0,-1,8,42,39
0,-1,40,42,39
0,-1,7,34,35
0,-1,6,34,35
0,-1,6,34,35
0,-1,7,33,30
0,-1,7,30,30
0,-1,2,30,30
0,-1,6,32,27
0,-1,7,32,27
0,-1,29,32,27
0,-1,6,33,25
0,-1,5,32,25
0,-1,5,32,25
0,-1,6,32,26
0,-1,5,31,26
0,-1,1,31,26
0,-1,3,30,24
0,-1,5,32,24
0,-1,30,32,24
0,-1,30,32,24
0,-1,3,32,24
0,-1,3,32,24
0,-1,6,30,22
0,-1,4,30,20
0,-1,5,30,20
0,-1,2,30,20
0,-1,4,32,22
0,-1,3,28,22
0,-1,3,28,22
0,-1,3,28,22
0,-1,4,31,24
0,-1,3,28,24
0,-1,4,32,25
0,-1,6,30,25
0,-1,0,30,25
0,-1,4,32,26
0,-1,5,31,26
0,-1,5,31,26
0,-1,5,31,26
0,-1,5,32,26
0,-1,7,30,26
0,-1,7,30,26
0,-1,5,31,26
0,-1,32,31,26
0,-1,7,30,23
0,-1,7,29,23
1,2.0,7,29,23
0,-1,7,29,23
0,-1,6,29,24
0,-1,8,31,24
0,-1,12,31,43
0,-1,12,32,39
0,-1,112,32,39
0,-1,112,32,39
0,-1,112,32,39
0,-1,10,28,31
0,-1,13,34,31
0,-1,13,34,31
0,-1,21,45,47
0,-1,28,48,47
0,-1,28,48,47
0,-1,54,48,47
0,-1,4,62,47
0,-1,4,62,47
0,-1,77,74,58
0,-1,78,79,58
0,-1,1,79,58
0,-1,72,84,64
0,-1,78,84,64
0,-1,78,84,64
0,-1,78,84,64
0,-1,64,80,64
0,-1,4,80,64
0,-1,4,80,64
0,-1,59,67,53
0,-1,53,78,53
0,-1,3,78,53
0,-1,47,60,50
0,-1,44,50,50
0,-1,44,50,50
0,-1,24,43,44
0,-1,22,41,44
0,-1,8,41,44
0,-1,14,44,56
0,-1,16,47,50
0,-1,17,47,50
0,-1,57,47,50
0,-1,57,47,50
0,-1,22,45,50
0,-1,8,43,50
0,-1,8,43,50
0,-1,10,38,33
0,-1,11,35,33
0,-1,5,35,33
0,-1,13,33,33
0,-1,13,33,33
0,-1,13,33,33
0,-1,8,31,25
0,-1,8,33,25
0,-1,8,33,25
0,-1,5,30,26
0,-1,5,30,26
0,-1,5,30,26
0,-1,4,32,29
0,-1,5,28,29
0,-1,31,28,29
0,-1,6,30,26
0,-1,4,31,26
0,-1,4,31,26
0,-1,4,31,26
0,-1,4,31,26
0,-1,4,30,26
0,-1,4,32,26
0,-1,5,30,26
0,-1,32,30,26
0,-1,4,31,23
0,-1,5,32,23
0,-1,5,32,23
0,-1,5,32,23
0,-1,6,32,22
0,-1,5,32,22
0,-1,2,32,22
0,-1,5,29,25
0,-1,6,29,24
0,-1,4,32,24
0,-1,4,32,24
0,-1,5,29,26
0,-1,6,30,26
0,-1,6,30,26
0,-1,5,31,25
0,-1,3,28,25
0,-1,1,28,25
0,-1,8,30,27
0,-1,7,29,27
0,-1,29,29,27
0,-1,29,29,27
1,2.0,6,32,27
0,-1,6,32,27
0,-1,6,32,27
0,-1,9,32,27
0,-1,36,32,27
0,-1,7,32,27
0,-1,17,50,27
0,-1,6,55,27
0,-1,6,55,27
0,-1,32,48,68
0,-1,32,54,68
0,-1,0,54,68
0,-1,35,60,50
0,-1,36,60,50
0,-1,36,60,50
0,-1,43,66,50
0,-1,5,74,50
0,-1,5,74,50
0,-1,41,72,58
0,-1,43,62,58
0,-1,8,62,58
0,-1,29,51,46
0,-1,24,46,46
0,-1,24,46,46
0,-1,24,46,46
0,-1,14,40,46
0,-1,6,40,46
0,-1,10,36,46
0,-1,9,34,46
0,-1,4,34,46
0,-1,4,34,46
0,-1,10,34,46
0,-1,1,32,46
0,-1,1,32,46
0,-1,21,32,37
0,-1,25,32,37
0,-1,1,32,37
0,-1,34,30,37
0,-1,34,30,37
0,-1,34,30,37
0,-1,44,29,32
0,-1,42,30,32
0,-1,42,30,32
0,-1,36,32,34
0,-1,36,28,34
0,-1,31,28,34
0,-1,29,30,34
0,-1,0,31,34
0,-1,0,31,34
0,-1,30,33,36
0,-1,26,32,36
0,-1,0,32,36
0,-1,24,33,37
0,-1,21,32,37
0,-1,21,32,37
0,-1,21,32,37
0,-1,21,33,37
0,-1,9,31,37
0,-1,9,31,37
0,-1,18,32,30
0,-1,23,34,30
