0,-1,0,44,40
0,-1,0,46,39
0,-1,0,43,39
0,-1,0,38,36
0,-1,0,43,36
0,-1,0,43,36
0,-1,0,43,36
0,-1,0,40,39
0,-1,0,45,39
0,-1,0,45,39
0,-1,0,39,37
0,-1,0,42,37
0,-1,6,42,37
0,-1,0,43,37
0,-1,0,43,37
0,-1,0,43,37
0,-1,0,42,38
0,-1,0,41,38
0,-1,0,45,38
0,-1,0,44,38
0,-1,0,43,38
0,-1,9,43,38
0,-1,0,45,38
0,-1,0,45,38
0,-1,0,45,38
0,-1,0,45,38
0,-1,0,46,38
0,-1,0,46,38
0,-1,0,40,40
0,-1,0,44,40
0,-1,44,44,40
0,-1,0,39,40
0,-1,0,41,40
0,-1,0,41,40
0,-1,0,43,39
0,-1,0,38,39
0,-1,3,38,39
0,-1,0,42,38
0,-1,0,42,38
0,-1,40,42,38
0,-1,0,45,46
0,-1,0,44,46
0,-1,0,44,46
0,-1,0,46,40
0,-1,0,43,40
0,-1,3,43,40
0,-1,0,43,36
0,-1,0,45,36
0,-1,0,45,36
0,-1,0,45,36
0,-1,0,39,36
0,-1,0,44,36
0,-1,0,44,36
0,-1,0,39,38
0,-1,0,41,38
0,-1,0,43,38
0,-1,0,43,38
0,-1,0,43,38
0,-1,0,43,38
0,-1,0,42,39
0,-1,0,42,39
0,-1,0,42,39
0,-1,0,44,41
0,-1,0,42,41
0,-1,9,42,41
0,-1,0,45,40
1,1.0,0,43,40
0,-1,0,39,40
0,-1,0,43,40
0,-1,6,43,40
0,-1,0,42,62
0,-1,0,39,62
0,-1,44,39,62
0,-1,0,41,195
0,-1,1,39,195
0,-1,1,39,195
0,-1,12,45,378
0,-1,15,43,378
0,-1,15,43,378
0,-1,15,43,378
0,-1,29,49,378
0,-1,2,48,378
0,-1,2,48,378
0,-1,29,44,378
0,-1,43,44,378
0,-1,43,44,378
0,-1,21,41,378
0,-1,7,46,378
0,-1,7,46,378
0,-1,5,42,329
0,-1,4,46,329
0,-1,4,46,329
0,-1,0,41,329
0,-1,0,41,329
0,-1,48,41,329
0,-1,0,46,90
0,-1,0,41,90
0,-1,0,41,90
0,-1,0,45,63
0,-1,0,45,63
0,-1,2,45,63
0,-1,0,48,54
0,-1,0,45,54
0,-1,42,45,54
0,-1,42,45,54
0,-1,0,47,54
0,-1,0,47,54
0,-1,0,45,43
0,-1,0,49,43
0,-1,5,49,43
0,-1,0,42,41
0,-1,0,47,41
0,-1,0,47,41
0,-1,0,47,41
0,-1,0,45,40
0,-1,0,48,40
0,-1,0,46,40
0,-1,0,42,40
0,-1,6,42,40
0,-1,0,45,40
0,-1,0,45,40
0,-1,0,45,40
0,-1,0,45,40
0,-1,0,45,40
0,-1,0,43,40
0,-1,0,43,40
0,-1,0,46,41
0,-1,0,46,41
0,-1,1,46,41
0,-1,0,48,42
0,-1,0,44,42
0,-1,45,44,42
0,-1,45,44,42
0,-1,0,47,44
0,-1,0,45,44
0,-1,0,45,44
0,-1,0,43,40
0,-1,0,48,40
0,-1,6,48,40
0,-1,0,40,40
0,-1,0,46,40
0,-1,0,46,40
0,-1,0,46,40
0,-1,0,41,39
0,-1,0,47,39
1,1.0,0,47,39
0,-1,0,42,34
0,-1,0,43,34
0,-1,9,43,34
0,-1,9,43,34
0,-1,9,44,116
0,-1,11,49,116
0,-1,54,19,116
0,-1,54,19,116
0,-1,54,19,116
0,-1,19,48,116
0,-1,9,48,116
0,-1,20,48,390
0,-1,21,50,390
0,-1,46,50,390
0,-1,46,50,390
0,-1,24,50,390
0,-1,3,51,390
0,-1,3,51,390
0,-1,18,52,464
0,-1,16,51,464
0,-1,47,51,464
0,-1,47,51,464
0,-1,47,51,464
0,-1,47,51,464
0,-1,47,51,464
0,-1,5,49,266
0,-1,1,52,266
0,-1,1,52,266
0,-1,0,44,140
0,-1,0,48,140
0,-1,49,48,140
0,-1,49,48,140
0,-1,0,44,140
0,-1,0,44,140
0,-1,0,44,140
0,-1,0,41,140
0,-1,5,41,140
0,-1,9,46,50
0,-1,7,47,50
0,-1,42,47,50
0,-1,0,49,47
0,-1,0,45,47
0,-1,0,45,47
0,-1,0,45,47
0,-1,0,45,47
0,-1,0,48,42
0,-1,0,46,42
0,-1,0,46,42
0,-1,0,50,41
0,-1,0,47,41
0,-1,47,47,41
0,-1,0,47,39
0,-1,0,50,39
0,-1,0,50,39
0,-1,0,50,39
0,-1,0,48,40
0,-1,0,48,40
0,-1,0,48,40
0,-1,0,45,40
0,-1,0,50,40
0,-1,6,50,40
0,-1,0,42,39
0,-1,0,47,39
0,-1,0,47,39
0,-1,0,47,39
0,-1,0,43,39
0,-1,0,43,39
0,-1,0,47,41
0,-1,0,43,41
0,-1,45,43,41
0,-1,0,47,42
0,-1,0,47,42
0,-1,0,47,42
0,-1,0,47,42
0,-1,0,45,42
0,-1,0,45,42
0,-1,0,48,40
0,-1,0,48,40
0,-1,46,48,40
0,-1,0,45,40
0,-1,0,48,40
0,-1,0,48,40
0,-1,0,48,40
1,1.0,0,45,41
0,-1,0,48,41
0,-1,0,48,41
0,-1,0,43,118
0,-1,7,46,118
0,-1,7,46,118
0,-1,7,46,118
0,-1,16,47,118
0,-1,8,53,118
0,-1,8,53,118
0,-1,18,50,118
0,-1,51,50,118
0,-1,48,50,118
0,-1,20,50,574
0,-1,19,46,574
0,-1,19,46,574
0,-1,18,48,554
0,-1,18,50,554
0,-1,6,50,554
0,-1,6,50,554
0,-1,8,48,554
0,-1,46,48,554
0,-1,46,48,554
0,-1,2,48,554
0,-1,2,48,554
0,-1,0,45,111
0,-1,0,48,111
0,-1,6,48,111
0,-1,0,40,69
0,-1,0,45,69
0,-1,0,45,69
0,-1,0,45,69
0,-1,0,41,51
0,-1,0,45,51
0,-1,0,45,51
0,-1,0,44,46
0,-1,0,41,46
0,-1,43,41,46
0,-1,0,45,45
0,-1,0,45,45
0,-1,0,45,45
0,-1,0,45,45
0,-1,0,44,41
0,-1,0,43,41
0,-1,0,43,41
0,-1,0,47,43
0,-1,0,45,43
0,-1,2,40,43
0,-1,0,43,40
0,-1,0,47,40
0,-1,0,47,40
0,-1,0,47,40
0,-1,0,44,41
0,-1,0,48,41
0,-1,0,48,41
0,-1,0,41,40
0,-1,0,46,40
0,-1,47,46,40
0,-1,0,42,42
0,-1,0,42,42
0,-1,0,42,42
0,-1,0,42,42
0,-1,0,40,41
0,-1,0,44,41
0,-1,0,44,41
0,-1,0,44,43
0,-1,0,41,43
0,-1,6,42,43
0,-1,0,46,44
0,-1,0,44,44
0,-1,0,44,44
0,-1,0,44,44
0,-1,0,45,44
0,-1,0,44,44
0,-1,0,44,44
0,-1,0,47,44
0,-1,0,43,44
0,-1,5,43,44
0,-1,0,46,41
0,-1,0,47,41
0,-1,0,47,41
0,-1,0,47,41
0,-1,0,47,41
0,-1,0,47,41
0,-1,0,40,41
0,-1,0,44,41
0,-1,47,44,41
0,-1,0,44,43
0,-1,0,40,43
0,-1,0,40,43
1,1.0,0,44,41
0,-1,0,42,41
0,-1,2,42,41
0,-1,2,42,41
0,-1,0,45,41
0,-1,40,45,41
0,-1,40,45,41
0,-1,3,48,41
0,-1,3,48,41
0,-1,3,48,41
0,-1,19,56,355
0,-1,18,51,355
0,-1,53,51,355
0,-1,53,51,355
0,-1,53,51,355
0,-1,1,57,355
0,-1,0,52,355
0,-1,0,52,355
0,-1,22,52,585
0,-1,22,57,585
0,-1,3,57,585
0,-1,3,57,585
0,-1,25,52,585
0,-1,25,52,585
0,-1,25,52,585
0,-1,19,46,465
0,-1,16,50,465
0,-1,5,50,465
0,-1,9,48,342
0,-1,6,45,342
0,-1,6,45,342
0,-1,0,46,342
0,-1,0,46,342
0,-1,0,46,342
0,-1,0,47,342
0,-1,5,47,342
0,-1,0,44,73
0,-1,0,47,73
0,-1,45,47,73
0,-1,45,47,73
0,-1,0,46,52
0,-1,0,48,52
0,-1,48,48,52
0,-1,0,43,47
0,-1,0,43,44
0,-1,0,47,44
0,-1,0,46,43
0,-1,0,42,43
0,-1,0,42,43
0,-1,0,42,43
0,-1,0,47,43
0,-1,0,47,43
0,-1,0,49,44
0,-1,0,46,44
0,-1,45,46,44
0,-1,0,49,43
0,-1,0,49,43
0,-1,0,49,43
0,-1,0,49,43
0,-1,0,49,41
0,-1,0,46,41
0,-1,0,46,41
0,-1,0,46,41
0,-1,49,46,41
0,-1,0,45,39
0,-1,0,43,39
0,-1,0,43,39
0,-1,0,43,39
0,-1,0,43,39
0,-1,0,45,39
0,-1,0,45,39
0,-1,0,47,44
0,-1,0,43,44
0,-1,7,43,44
0,-1,0,46,44
0,-1,0,45,44
0,-1,0,45,44
0,-1,0,45,44
0,-1,0,46,44
0,-1,0,46,44
0,-1,0,49,43
0,-1,0,47,43
0,-1,47,47,43
0,-1,0,47,42
0,-1,0,50,42
0,-1,0,50,42
0,-1,0,50,42
0,-1,0,48,45
0,-1,0,49,45
1,1.0,0,49,45
0,-1,0,45,46
0,-1,0,50,46
0,-1,7,50,46
0,-1,0,43,46
0,-1,0,43,46
0,-1,0,43,46
0,-1,16,51,201
0,-1,15,47,201
0,-1,50,47,201
0,-1,50,47,201
0,-1,22,51,201
0,-1,22,51,201
0,-1,22,51,201
0,-1,25,53,364
0,-1,21,49,364
0,-1,9,49,364
0,-1,19,50,365
0,-1,17,48,365
0,-1,17,48,365
0,-1,17,48,365
0,-1,11,47,365
0,-1,0,48,365
0,-1,318,48,365
0,-1,8,48,334
0,-1,7,50,334
0,-1,6,50,334
0,-1,3,44,201
0,-1,1,48,201
0,-1,1,48,201
0,-1,1,48,201
0,-1,0,44,99
0,-1,0,49,99
0,-1,0,49,99
0,-1,0,41,64
0,-1,0,46,64
0,-1,9,46,64
0,-1,0,45,53
0,-1,0,42,53
0,-1,0,42,53
0,-1,0,46,46
0,-1,0,43,46
0,-1,0,43,46
0,-1,0,47,46
0,-1,0,47,46
0,-1,2,47,46
0,-1,0,49,45
0,-1,0,46,45
0,-1,0,46,45
0,-1,0,46,45
0,-1,0,48,45
0,-1,0,48,45
0,-1,0,44,41
0,-1,0,50,41
0,-1,8,50,41
0,-1,0,43,40
0,-1,0,47,40
0,-1,0,47,40
0,-1,0,47,40
0,-1,0,43,40
0,-1,0,47,40
0,-1,0,47,40
0,-1,0,44,40
0,-1,44,44,40
0,-1,8,44,40
0,-1,0,47,44
0,-1,0,42,44
0,-1,0,42,44
0,-1,0,46,44
0,-1,0,46,44
0,-1,0,46,44
0,-1,0,49,44
0,-1,0,45,44
0,-1,4,45,44
0,-1,0,48,42
0,-1,0,47,42
0,-1,0,47,42
0,-1,0,47,42
0,-1,0,49,44
0,-1,0,45,44
0,-1,0,45,44
0,-1,0,47,42
0,-1,0,50,42
0,-1,6,50,42
0,-1,0,45,40
0,-1,0,50,40
0,-1,49,50,40
0,-1,49,50,40
0,-1,0,47,43
1,1.0,0,51,43
0,-1,0,51,43
0,-1,0,43,43
0,-1,7,43,43
0,-1,7,43,43
0,-1,13,49,43
0,-1,0,48,43
0,-1,0,48,43
0,-1,14,47,222
0,-1,14,43,222
0,-1,4,43,222
0,-1,4,43,222
0,-1,15,50,222
0,-1,15,50,222
0,-1,15,50,222
0,-1,11,48,222
0,-1,2,48,222
0,-1,2,48,222
0,-1,11,52,222
0,-1,11,52,222
0,-1,11,52,222
0,-1,8,49,222
0,-1,8,49,222
0,-1,8,49,222
0,-1,8,48,222
0,-1,1,48,222
0,-1,1,48,222
0,-1,8,43,222
0,-1,8,43,222
0,-1,8,43,222
0,-1,6,47,208
0,-1,4,43,208
0,-1,4,43,208
0,-1,4,48,110
0,-1,4,48,110
0,-1,3,49,77
0,-1,2,50,77
0,-1,2,50,77
0,-1,2,50,77
0,-1,0,50,56
0,-1,0,48,56
0,-1,0,48,56
0,-1,0,48,49
0,-1,0,51,49
0,-1,47,51,49
0,-1,0,44,43
0,-1,0,48,43
0,-1,0,48,43
0,-1,0,44,43
0,-1,0,45,43
0,-1,0,45,43
0,-1,0,48,43
0,-1,0,43,43
0,-1,47,43,43
0,-1,0,46,43
0,-1,0,47,43
0,-1,0,47,43
0,-1,0,47,43
0,-1,0,47,43
0,-1,0,47,41
0,-1,0,47,41
0,-1,4,47,41
0,-1,0,49,43
0,-1,0,47,43
0,-1,47,47,43
0,-1,47,47,43
0,-1,0,50,44
0,-1,0,46,44
0,-1,0,43,40
0,-1,0,48,40
0,-1,9,48,40
0,-1,9,48,40
0,-1,0,46,40
0,-1,50,46,40
0,-1,50,46,40
0,-1,0,43,40
0,-1,0,47,40
0,-1,0,47,40
0,-1,0,47,43
0,-1,0,43,43
0,-1,8,43,43
1,1.0,0,46,45
0,-1,0,45,45
0,-1,45,45,45
0,-1,1,50,51
0,-1,4,47,51
0,-1,4,47,51
0,-1,4,47,51
0,-1,10,49,51
0,-1,49,49,51
0,-1,49,49,51
0,-1,9,48,51
0,-1,4,45,51
0,-1,4,45,51
0,-1,12,51,257
0,-1,11,54,257
0,-1,11,54,257
0,-1,7,48,228
0,-1,6,51,228
0,-1,47,51,228
0,-1,47,51,228
0,-1,7,45,228
0,-1,7,45,228
0,-1,7,45,228
0,-1,7,43,228
0,-1,7,43,228
0,-1,7,43,228
0,-1,9,49,228
0,-1,9,49,228
0,-1,9,49,228
0,-1,6,50,273
0,-1,7,47,273
0,-1,7,47,273
0,-1,3,48,169
0,-1,3,47,169
0,-1,3,47,169
0,-1,3,47,169
0,-1,2,45,169
0,-1,2,45,169
0,-1,2,46,65
0,-1,1,48,65
0,-1,1,48,65
0,-1,3,44,51
0,-1,4,47,51
0,-1,46,5,51
0,-1,46,5,51
0,-1,2,41,46
0,-1,2,45,46
0,-1,2,45,46
0,-1,0,44,47
0,-1,0,41,47
0,-1,5,41,47
0,-1,1,44,45
0,-1,1,42,45
0,-1,42,42,45
0,-1,0,46,45
0,-1,0,46,45
0,-1,0,46,45
0,-1,0,46,45
0,-1,0,44,45
0,-1,5,44,45
0,-1,0,46,43
0,-1,0,47,43
0,-1,44,47,43
0,-1,44,47,43
0,-1,0,47,44
0,-1,0,46,44
0,-1,0,46,44
0,-1,1,45,44
0,-1,8,45,44
0,-1,0,46,46
0,-1,0,42,46
0,-1,0,42,46
0,-1,0,42,46
0,-1,1,44,45
0,-1,0,43,45
0,-1,0,43,45
0,-1,1,46,45
0,-1,1,41,45
0,-1,5,41,45
0,-1,1,45,45
0,-1,1,45,45
0,-1,1,45,45
0,-1,1,48,48
0,-1,2,44,48
1,1.0,2,44,48
0,-1,1,46,50
0,-1,0,48,50
0,-1,8,48,50
0,-1,4,46,89
0,-1,34,46,89
0,-1,34,46,89
0,-1,47,46,89
0,-1,47,46,89
0,-1,6,42,181
0,-1,10,50,181
0,-1,1,50,181
0,-1,1,50,181
0,-1,16,50,181
0,-1,16,50,181
0,-1,16,50,181
0,-1,19,52,390
0,-1,20,52,390
0,-1,20,52,390
0,-1,24,57,339
0,-1,23,55,339
0,-1,53,55,339
0,-1,53,55,339
0,-1,19,51,339
0,-1,19,51,339
0,-1,18,51,276
0,-1,14,47,276
0,-1,48,47,276
0,-1,48,47,276
0,-1,48,47,276
0,-1,48,47,276
0,-1,48,47,276
0,-1,5,43,96
0,-1,5,47,96
0,-1,5,47,96
0,-1,5,47,96
0,-1,3,44,61
0,-1,1,47,61
0,-1,3,45,55
0,-1,3,41,55
0,-1,3,41,55
0,-1,3,41,55
0,-1,3,45,48
0,-1,2,43,48
0,-1,2,43,48
0,-1,1,45,46
0,-1,1,41,46
0,-1,4,41,46
0,-1,1,46,45
0,-1,1,46,45
0,-1,1,46,45
0,-1,1,46,45
0,-1,1,44,45
0,-1,1,44,45
0,-1,1,44,45
0,-1,2,48,45
0,-1,6,48,45
0,-1,3,44,39
0,-1,2,49,39
0,-1,2,49,39
0,-1,2,49,39
0,-1,3,46,41
0,-1,2,48,41
0,-1,2,48,41
0,-1,3,43,42
0,-1,2,43,42
0,-1,47,43,42
0,-1,8,43,42
0,-1,3,42,42
0,-1,3,44,42
0,-1,3,44,42
0,-1,3,44,42
0,-1,2,41,42
0,-1,2,41,42
0,-1,2,45,44
0,-1,2,45,44
0,-1,2,45,44
0,-1,1,47,48
0,-1,2,45,48
0,-1,2,45,48
0,-1,2,47,46
0,-1,1,46,46
0,-1,1,46,46
1,1.0,4,46,46
0,-1,2,48,46
0,-1,44,48,46
0,-1,10,48,105
0,-1,10,54,105
0,-1,7,58,105
0,-1,7,58,105
0,-1,13,52,105
0,-1,55,52,105
0,-1,55,52,105
0,-1,16,47,105
0,-1,9,50,105
0,-1,9,50,105
0,-1,20,53,243
0,-1,21,48,243
0,-1,2,48,243
0,-1,2,48,243
0,-1,16,48,243
0,-1,16,48,243
0,-1,16,48,243
0,-1,13,51,247
0,-1,12,48,247
0,-1,5,48,247
0,-1,12,50,300
0,-1,12,50,300
0,-1,12,50,300
0,-1,12,50,300
0,-1,12,48,300
0,-1,2,47,300
0,-1,2,47,300
0,-1,10,45,300
0,-1,8,45,300
0,-1,8,45,300
0,-1,6,40,300
0,-1,6,40,300
0,-1,6,40,300
0,-1,5,44,66
0,-1,5,41,66
0,-1,5,41,66
0,-1,3,46,56
0,-1,4,44,56
0,-1,41,44,56
0,-1,4,46,48
0,-1,4,44,48
0,-1,4,44,48
0,-1,4,44,48
0,-1,3,49,46
0,-1,3,45,46
0,-1,3,45,46
0,-1,0,47,46
0,-1,47,47,46
0,-1,1,42,39
0,-1,2,43,39
0,-1,2,43,39
0,-1,2,43,39
0,-1,2,40,39
0,-1,4,44,39
0,-1,4,44,39
0,-1,3,44,39
0,-1,41,44,39
0,-1,45,44,39
0,-1,2,44,45
0,-1,2,41,45
0,-1,2,41,45
0,-1,3,45,45
0,-1,3,45,45
0,-1,3,45,45
0,-1,0,47,48
0,-1,2,43,48
0,-1,43,43,48
0,-1,3,46,45
0,-1,2,46,45
0,-1,2,46,45
0,-1,2,46,45
0,-1,2,48,45
0,-1,6,48,45
0,-1,3,40,41
0,-1,3,44,41
0,-1,47,44,41
0,-1,47,44,41
1,1.0,2,41,42
0,-1,2,45,42
0,-1,2,45,42
0,-1,3,42,42
0,-1,3,42,42
0,-1,3,42,42
0,-1,4,46,42
0,-1,41,46,42
0,-1,41,46,42
0,-1,4,45,45
0,-1,3,46,45
0,-1,3,46,45
0,-1,2,49,53
0,-1,2,47,53
0,-1,4,47,53
0,-1,4,50,56
0,-1,3,47,56
0,-1,45,5,56
0,-1,45,5,56
0,-1,3,44,61
0,-1,1,47,61
0,-1,1,47,61
0,-1,6,45,109
0,-1,6,51,109
0,-1,2,51,109
0,-1,8,47,249
0,-1,10,46,249
0,-1,1,50,249
0,-1,1,50,249
0,-1,16,43,301
0,-1,15,43,301
0,-1,15,43,301
0,-1,15,43,301
0,-1,15,43,301
0,-1,15,43,301
0,-1,16,45,303
0,-1,15,45,303
0,-1,6,45,303
0,-1,16,52,344
0,-1,19,50,344
0,-1,48,50,344
0,-1,48,50,344
0,-1,15,46,344
0,-1,2,456,344
0,-1,2,456,344
0,-1,10,46,327
0,-1,9,49,327
0,-1,6,49,327
0,-1,6,49,327
0,-1,8,44,327
0,-1,8,44,327
0,-1,8,44,327
0,-1,6,40,114
0,-1,6,45,114
0,-1,6,45,114
0,-1,6,43,114
0,-1,42,43,114
0,-1,6,46,61
0,-1,5,45,61
0,-1,5,45,61
0,-1,5,45,61
0,-1,3,44,51
0,-1,3,44,51
0,-1,3,44,51
0,-1,2,47,51
0,-1,43,47,51
0,-1,2,47,51
0,-1,4,45,51
0,-1,4,45,51
0,-1,4,45,51
0,-1,4,43,46
0,-1,3,47,46
0,-1,3,47,46
0,-1,4,40,42
0,-1,4,44,42
0,-1,47,44,42
0,-1,5,42,46
0,-1,5,40,46
0,-1,5,40,46
0,-1,5,44,45
0,-1,5,40,45
0,-1,2,40,45
0,-1,7,44,45
0,-1,7,44,45
0,-1,7,44,45
0,-1,5,47,48
0,-1,5,44,48
0,-1,5,44,48
0,-1,5,45,46
0,-1,5,46,46
0,-1,4,46,46
0,-1,5,43,42
0,-1,55,43,42
0,-1,55,43,42
0,-1,44,43,42
0,-1,6,39,38
0,-1,7,43,38
0,-1,7,43,38
0,-1,6,43,44
0,-1,6,41,44
0,-1,5,41,44
0,-1,5,43,45
0,-1,5,40,45
1,1.0,42,40,45
0,-1,42,40,45
0,-1,6,44,50
0,-1,6,39,50
0,-1,7,48,104
0,-1,8,44,104
0,-1,45,44,104
0,-1,45,44,104
0,-1,15,50,104
0,-1,5,48,104
0,-1,5,48,104
0,-1,5,48,104
0,-1,19,50,104
0,-1,49,50,104
0,-1,49,50,104
0,-1,19,52,104
0,-1,19,52,104
0,-1,19,52,104
0,-1,17,47,239
0,-1,13,50,242
0,-1,13,46,242
0,-1,11,40,209
0,-1,11,44,209
0,-1,46,44,209
0,-1,43,44,209
0,-1,10,41,209
0,-1,0,45,209
0,-1,0,45,209
0,-1,10,41,128
0,-1,9,42,128
0,-1,9,42,128
0,-1,8,44,79
0,-1,8,39,79
0,-1,8,39,79
0,-1,10,42,58
0,-1,10,43,58
0,-1,10,43,58
0,-1,10,43,58
0,-1,10,42,46
0,-1,10,40,46
0,-1,10,40,46
0,-1,8,45,43
0,-1,8,43,43
0,-1,8,43,43
0,-1,8,46,41
0,-1,8,43,41
0,-1,8,43,41
0,-1,8,44,37
0,-1,8,46,37
0,-1,2,46,37
0,-1,9,40,37
0,-1,9,40,37
0,-1,45,40,37
0,-1,9,38,37
0,-1,10,42,37
0,-1,10,42,37
0,-1,8,43,40
0,-1,8,38,40
0,-1,3,38,40
0,-1,10,42,40
0,-1,0,41,40
0,-1,0,41,40
0,-1,11,45,41
0,-1,11,43,41
0,-1,0,43,41
0,-1,11,45,40
0,-1,11,44,40
0,-1,11,44,40
0,-1,11,44,40
0,-1,9,46,40
0,-1,0,42,40
0,-1,0,42,40
0,-1,10,43,39
0,-1,9,46,39
0,-1,10,40,40
0,-1,10,41,40
0,-1,10,41,40
0,-1,10,41,40
0,-1,11,39,40
0,-1,10,42,40
0,-1,6,42,40
0,-1,10,43,42
0,-1,10,38,42
0,-1,43,38,42
0,-1,10,42,40
0,-1,10,43,40
0,-1,0,41,40
0,-1,0,41,40
0,-1,10,42,41
0,-1,10,40,41
0,-1,0,40,41
0,-1,11,43,45
0,-1,13,42,45
0,-1,38,42,45
0,-1,38,42,45
0,-1,12,46,45
0,-1,2,43,45
0,-1,2,43,45
0,-1,11,43,43
0,-1,9,46,43
0,-1,43,46,43
0,-1,10,41,43
0,-1,0,45,43
0,-1,44,45,43
0,-1,9,39,42
0,-1,10,41,42
0,-1,5,41,42
0,-1,10,42,46
0,-1,10,38,46
0,-1,42,38,46
0,-1,42,38,46
0,-1,13,41,46
0,-1,2,39,46
0,-1,2,39,46
0,-1,9,41,46
0,-1,9,41,46
0,-1,9,44,45
0,-1,10,43,45
0,-1,10,43,45
0,-1,10,43,45
0,-1,10,44,45
0,-1,0,42,45
0,-1,0,42,45
0,-1,12,42,44
0,-1,10,44,44
0,-1,0,44,44
0,-1,0,44,44
0,-1,11,39,44
0,-1,0,43,44
0,-1,0,43,44
0,-1,9,38,43
0,-1,10,40,43
0,-1,5,40,43
0,-1,10,42,43
0,-1,10,42,43
0,-1,10,42,43
0,-1,10,41,43
0,-1,0,41,43
0,-1,0,41,43
0,-1,10,44,46
0,-1,9,42,46
0,-1,9,42,46
0,-1,9,43,42
0,-1,10,43,42
0,-1,10,43,42
0,-1,10,43,42
0,-1,9,44,42
1,2.0,9,44,42
0,-1,10,38,40
0,-1,10,43,40
0,-1,5,43,40
0,-1,10,41,44
0,-1,11,40,44
0,-1,0,45,44
0,-1,0,45,44
0,-1,111,38,41
0,-1,99,40,41
0,-1,44,40,41
0,-1,310,47,41
0,-1,333,48,41
0,-1,3,56,41
0,-1,3,56,41
0,-1,444,59,41
0,-1,4,59,41
0,-1,4,59,41
0,-1,760,148,41
0,-1,760,148,41
0,-1,760,148,41
0,-1,983,149,41
0,-1,4,158,41
0,-1,504,158,41
0,-1,504,158,41
0,-1,946,140,41
0,-1,946,140,41
0,-1,946,140,41
0,-1,823,108,41
0,-1,8,104,41
0,-1,10,93,41
0,-1,399,70,51
0,-1,320,65,51
0,-1,320,65,51
0,-1,320,65,51
0,-1,134,51,51
0,-1,8,53,51
0,-1,8,53,51
0,-1,59,49,51
0,-1,4,49,51
0,-1,33,52,56
0,-1,30,48,56
0,-1,30,48,56
0,-1,30,48,56
0,-1,16,49,54
0,-1,13,49,54
0,-1,13,49,54
0,-1,8,50,60
0,-1,7,47,60
0,-1,6,42,46
0,-1,7,46,46
0,-1,48,46,46
0,-1,48,46,46
0,-1,5,42,39
0,-1,6,47,39
0,-1,6,47,39
0,-1,5,41,44
0,-1,6,44,44
0,-1,8,44,44
0,-1,3,46,44
0,-1,3,46,44
0,-1,3,46,44
0,-1,3,45,49
0,-1,3,44,49
0,-1,3,44,49
0,-1,2,47,48
0,-1,3,45,48
0,-1,1,45,48
0,-1,3,48,48
0,-1,3,48,48
0,-1,3,48,48
0,-1,3,45,42
0,-1,3,48,42
0,-1,3,48,42
0,-1,2,42,40
0,-1,2,47,40
0,-1,7,47,40
0,-1,2,42,41
0,-1,3,44,41
0,-1,3,44,41
0,-1,3,44,41
0,-1,3,41,40
1,2.0,4,45,40
0,-1,4,45,40
0,-1,5,44,44
0,-1,35,46,44
0,-1,35,46,44
0,-1,35,46,44
0,-1,75,62,44
0,-1,8,62,44
0,-1,344,81,45
0,-1,346,98,45
0,-1,346,98,45
0,-1,346,98,45
0,-1,28,185,45
0,-1,49,206,45
0,-1,9,206,45
0,-1,726,191,52
0,-1,727,187,52
0,-1,727,187,52
0,-1,727,187,52
0,-1,717,189,52
0,-1,45,183,52
0,-1,75,183,52
0,-1,621,160,56
0,-1,593,153,56
0,-1,593,153,56
0,-1,593,153,56
0,-1,574,123,56
0,-1,31,127,56
0,-1,6,127,56
0,-1,390,94,47
0,-1,320,83,47
0,-1,75,83,47
0,-1,75,83,47
0,-1,75,83,47
0,-1,39,61,47
0,-1,39,61,47
0,-1,75,54,58
0,-1,61,53,58
0,-1,2,53,58
0,-1,35,47,68
0,-1,29,51,68
0,-1,45,51,68
0,-1,45,51,68
0,-1,20,47,68
0,-1,20,47,68
0,-1,13,44,77
0,-1,13,45,77
0,-1,49,45,77
0,-1,8,46,70
0,-1,8,41,70
0,-1,45,41,70
0,-1,6,45,60
0,-1,6,46,60
0,-1,6,46,60
0,-1,4,48,50
0,-1,4,44,50
0,-1,2,44,50
0,-1,4,47,46
0,-1,4,47,46
0,-1,45,47,46
0,-1,6,44,46
0,-1,4,47,46
0,-1,4,47,46
0,-1,4,47,46
0,-1,5,44,49
0,-1,4,44,49
0,-1,7,44,49
0,-1,4,42,43
0,-1,5,41,43
0,-1,45,41,43
0,-1,45,41,43
0,-1,4,40,39
0,-1,5,43,39
0,-1,5,43,39
0,-1,4,44,36
0,-1,4,39,36
0,-1,4,39,36
0,-1,3,42,36
0,-1,3,42,36
0,-1,40,42,36
0,-1,3,45,42
0,-1,3,44,42
0,-1,3,44,42
0,-1,4,47,46
0,-1,4,44,46
0,-1,4,44,46
0,-1,4,45,47
1,2.0,3,47,47
0,-1,43,47,47
0,-1,43,47,47
0,-1,4,46,46
0,-1,3,48,46
0,-1,38,69,43
0,-1,64,79,43
0,-1,94,79,43
0,-1,94,79,43
0,-1,111,102,43
0,-1,55,125,43
0,-1,37,125,43
0,-1,324,175,51
0,-1,391,182,51
0,-1,391,182,51
0,-1,213,182,51
0,-1,824,248,51
0,-1,3,247,51
0,-1,37,247,51
0,-1,967,261,58
0,-1,1023,254,58
0,-1,4,236,58
0,-1,4,236,58
0,-1,1003,231,57
0,-1,955,204,57
0,-1,96,204,57
0,-1,96,204,57
0,-1,822,162,57
0,-1,822,162,57
0,-1,822,162,57
0,-1,609,132,57
0,-1,30,121,57
0,-1,14,121,57
0,-1,290,84,45
0,-1,235,79,45
0,-1,76,79,45
0,-1,76,79,45
0,-1,3,54,45
0,-1,3,54,45
0,-1,58,52,50
0,-1,47,49,50
0,-1,5,49,50
0,-1,27,47,46
0,-1,24,44,46
0,-1,41,44,46
0,-1,41,44,46
0,-1,13,45,46
0,-1,13,45,46
0,-1,10,44,60
0,-1,7,49,60
0,-1,5,49,60
0,-1,6,42,62
0,-1,5,46,62
0,-1,48,46,62
0,-1,3,41,63
0,-1,4,42,63
0,-1,4,42,63
0,-1,3,44,58
0,-1,3,40,58
0,-1,3,40,58
0,-1,5,43,52
0,-1,6,44,52
0,-1,40,44,52
0,-1,40,44,52
0,-1,5,44,45
0,-1,5,43,45
0,-1,5,43,45
0,-1,5,45,52
0,-1,5,44,52
0,-1,5,44,52
0,-1,4,47,51
0,-1,5,43,51
0,-1,5,43,51
0,-1,5,45,47
0,-1,4,47,47
0,-1,4,47,47
0,-1,6,42,42
0,-1,5,46,42
0,-1,6,46,42
0,-1,6,41,45
0,-1,6,43,45
0,-1,47,43,45
0,-1,47,43,45
0,-1,6,40,41
0,-1,6,45,41
0,-1,7,42,46
0,-1,31,47,46
1,2.0,46,47,46
0,-1,46,47,46
0,-1,51,43,46
0,-1,9,48,46
0,-1,9,48,46
0,-1,174,64,45
0,-1,240,69,45
0,-1,87,69,45
0,-1,87,69,45
0,-1,291,139,45
0,-1,7,175,45
0,-1,7,175,45
0,-1,682,243,48
0,-1,673,221,48
0,-1,573,221,48
0,-1,573,221,48
0,-1,714,201,48
0,-1,5,199,48
0,-1,5,199,48
0,-1,550,178,63
0,-1,492,160,63
0,-1,41,160,63
0,-1,41,160,63
0,-1,228,93,63
0,-1,228,93,63
0,-1,123,69,59
0,-1,99,59,59
0,-1,99,59,59
0,-1,55,56,60
0,-1,45,52,60
0,-1,47,52,60
0,-1,27,53,67
0,-1,23,49,67
0,-1,23,49,67
0,-1,23,49,67
0,-1,13,49,62
0,-1,13,46,62
0,-1,13,46,62
0,-1,9,47,65
0,-1,7,44,65
0,-1,7,40,54
0,-1,9,44,54
0,-1,9,44,54
0,-1,9,44,54
0,-1,10,40,46
0,-1,9,45,46
0,-1,9,45,46
0,-1,8,42,46
0,-1,42,42,46
0,-1,6,46,49
0,-1,6,44,49
0,-1,6,44,49
0,-1,6,44,49
0,-1,5,44,45
0,-1,6,44,45
0,-1,6,44,45
0,-1,6,48,47
0,-1,6,44,47
0,-1,43,44,47
0,-1,7,47,48
0,-1,7,46,48
0,-1,7,46,48
0,-1,7,44,44
0,-1,6,47,44
0,-1,6,47,44
0,-1,7,39,41
0,-1,7,44,41
0,-1,46,44,41
0,-1,6,43,40
0,-1,7,42,40
0,-1,7,42,40
0,-1,7,45,44
0,-1,7,40,44
0,-1,3,40,44
0,-1,7,43,48
0,-1,7,44,48
1,2.0,40,44,48
0,-1,7,47,47
0,-1,7,43,47
0,-1,7,43,47
0,-1,7,43,47
0,-1,13,47,45
0,-1,53,48,45
0,-1,53,48,45
0,-1,192,62,45
0,-1,74,74,45
0,-1,74,74,45
0,-1,192,85,47
0,-1,256,88,47
0,-1,94,88,47
0,-1,94,88,47
0,-1,380,117,47
0,-1,4,122,47
0,-1,6,122,47
0,-1,362,100,53
0,-1,346,93,53
0,-1,88,93,53
0,-1,247,71,50
0,-1,198,65,50
0,-1,198,65,50
0,-1,106,61,58
0,-1,87,54,58
0,-1,87,54,58
0,-1,45,50,48
0,-1,38,49,48
0,-1,44,49,48
0,-1,21,51,54
0,-1,19,47,54
0,-1,19,47,54
0,-1,12,48,58
0,-1,8,49,58
0,-1,8,49,58
0,-1,5,42,61
0,-1,4,47,61
0,-1,7,47,61
0,-1,2,42,54
0,-1,3,45,54
0,-1,3,45,54
0,-1,3,46,49
0,-1,3,42,49
0,-1,3,42,49
0,-1,4,46,49
0,-1,3,44,49
0,-1,44,44,49
0,-1,3,47,45
0,-1,3,46,45
0,-1,3,46,45
0,-1,3,46,45
0,-1,2,44,49
0,-1,2,44,49
0,-1,2,44,49
0,-1,2,47,49
0,-1,3,44,49
0,-1,2,44,49
0,-1,2,46,49
0,-1,2,46,49
0,-1,2,46,49
0,-1,3,43,42
0,-1,3,47,42
0,-1,3,47,42
0,-1,2,41,43
0,-1,2,45,43
0,-1,7,45,43
0,-1,2,42,46
0,-1,1,41,46
0,-1,1,41,46
0,-1,1,41,46
0,-1,2,40,46
0,-1,2,40,46
0,-1,3,44,50
0,-1,3,44,50
0,-1,40,44,50
0,-1,3,47,42
1,2.0,3,42,42
0,-1,3,42,42
0,-1,3,46,44
0,-1,2,46,44
0,-1,4,46,44
0,-1,3,45,43
0,-1,9,53,43
0,-1,9,53,43
0,-1,9,53,43
0,-1,219,67,42
0,-1,229,68,42
0,-1,3,68,42
0,-1,244,57,42
0,-1,237,65,42
0,-1,237,65,42
0,-1,267,92,42
0,-1,88,106,42
0,-1,24,106,42
0,-1,24,106,42
0,-1,540,130,42
0,-1,540,130,42
0,-1,540,130,42
0,-1,368,88,42
0,-1,13,75,42
0,-1,13,75,42
0,-1,171,62,42
0,-1,171,62,42
0,-1,171,62,42
0,-1,74,55,42
0,-1,74,55,42
0,-1,74,55,42
0,-1,33,49,52
0,-1,27,50,52
0,-1,8,50,52
0,-1,19,44,52
0,-1,19,44,52
0,-1,47,44,52
0,-1,9,40,42
0,-1,9,40,42
0,-1,9,40,42
0,-1,9,40,42
0,-1,7,44,41
0,-1,6,41,41
0,-1,6,41,41
0,-1,5,45,36
0,-1,5,43,36
0,-1,3,43,36
0,-1,5,47,44
0,-1,5,46,44
0,-1,5,46,44
0,-1,5,46,44
0,-1,4,45,43
0,-1,4,45,43
0,-1,4,45,43
0,-1,3,47,43
0,-1,44,47,43
0,-1,3,43,45
0,-1,3,47,45
0,-1,3,47,45
0,-1,3,47,45
0,-1,4,44,41
0,-1,2,48,41
0,-1,2,48,41
0,-1,3,40,41
0,-1,4,45,41
0,-1,3,44,42
0,-1,4,44,42
0,-1,4,44,42
0,-1,4,44,42
0,-1,4,46,47
0,-1,4,41,47
0,-1,4,41,47
0,-1,4,45,47
0,-1,4,45,47
0,-1,4,45,47
0,-1,3,49,45
0,-1,4,44,45
0,-1,4,44,45
0,-1,3,47,41
0,-1,3,46,41
1,2.0,3,46,41
0,-1,5,43,41
0,-1,4,47,41
0,-1,4,47,41
0,-1,5,45,43
0,-1,8,41,42
0,-1,10,45,42
0,-1,10,45,42
0,-1,10,45,42
0,-1,13,44,46
0,-1,16,43,46
0,-1,45,43,46
0,-1,31,43,43
0,-1,39,42,41
0,-1,59,42,41
0,-1,9,44,41
0,-1,9,44,41
0,-1,159,68,50
0,-1,221,70,50
0,-1,72,70,50
0,-1,228,72,59
0,-1,218,65,59
0,-1,8,61,59
0,-1,8,61,59
0,-1,178,61,59
0,-1,8,61,59
0,-1,115,54,47
0,-1,111,59,47
0,-1,111,59,47
0,-1,111,59,47
0,-1,112,46,47
0,-1,9,46,47
0,-1,9,46,47
0,-1,49,41,47
0,-1,46,41,47
0,-1,25,43,62
0,-1,20,37,62
0,-1,20,37,62
0,-1,20,37,62
0,-1,10,39,56
0,-1,9,37,56
0,-1,9,37,56
0,-1,6,42,51
0,-1,6,40,51
0,-1,2,40,51
0,-1,5,45,48
0,-1,4,45,48
0,-1,40,45,48
0,-1,3,46,47
0,-1,5,43,47
0,-1,5,43,47
0,-1,2,45,46
0,-1,1,46,46
0,-1,3,46,46
0,-1,2,41,43
0,-1,2,45,43
0,-1,44,45,43
0,-1,44,45,43
0,-1,2,42,43
0,-1,1,46,43
0,-1,1,46,43
0,-1,2,40,44
0,-1,3,44,44
0,-1,6,44,44
0,-1,3,41,44
0,-1,3,41,44
0,-1,46,41,44
0,-1,3,44,45
0,-1,3,39,45
0,-1,3,39,45
0,-1,3,43,47
0,-1,3,43,47
0,-1,0,43,47
0,-1,1,45,50
0,-1,2,42,50
0,-1,40,42,50
0,-1,40,42,50
0,-1,2,45,49
0,-1,3,43,49
0,-1,3,43,49
0,-1,2,46,49
0,-1,3,46,49
0,-1,3,39,36
0,-1,3,44,36
0,-1,45,44,36
0,-1,45,44,36
0,-1,4,42,41
0,-1,34,48,41
1,2.0,34,48,41
0,-1,25,41,42
0,-1,26,44,42
0,-1,26,44,42
0,-1,201,48,44
0,-1,243,44,44
0,-1,68,47,44
0,-1,68,47,44
0,-1,389,56,45
0,-1,380,52,45
0,-1,57,52,45
0,-1,57,52,45
0,-1,422,77,45
0,-1,3,84,45
0,-1,3,84,45
0,-1,610,122,55
0,-1,690,123,55
0,-1,48,123,55
0,-1,48,123,55
0,-1,48,123,55
0,-1,23,190,55
0,-1,79,190,55
0,-1,1023,153,59
0,-1,1023,131,59
0,-1,113,131,59
0,-1,680,88,60
0,-1,569,84,60
0,-1,4,73,60
0,-1,4,73,60
0,-1,242,57,60
0,-1,58,57,60
0,-1,130,48,55
0,-1,104,44,55
0,-1,47,44,55
0,-1,47,44,55
0,-1,45,45,55
0,-1,6,45,55
0,-1,6,45,55
0,-1,21,47,71
0,-1,17,42,71
0,-1,12,48,58
0,-1,11,44,58
0,-1,11,44,58
0,-1,11,44,58
0,-1,5,47,47
0,-1,4,43,47
0,-1,4,43,47
0,-1,3,44,45
0,-1,2,46,45
0,-1,2,46,45
0,-1,2,46,45
0,-1,2,41,45
0,-1,46,41,45
0,-1,46,41,45
0,-1,2,38,48
0,-1,2,42,48
0,-1,2,42,48
0,-1,2,42,51
0,-1,1,40,51
0,-1,1,46,51
0,-1,1,43,51
0,-1,1,43,51
0,-1,1,43,51
0,-1,2,46,51
0,-1,1,44,51
0,-1,1,44,51
0,-1,0,47,50
0,-1,1,42,50
0,-1,2,42,50
0,-1,2,44,50
0,-1,2,44,50
0,-1,2,44,50
0,-1,2,42,44
0,-1,2,46,44
0,-1,2,46,44
0,-1,2,38,41
0,-1,2,43,41
0,-1,6,43,41
0,-1,3,42,44
1,2.0,3,40,44
0,-1,3,40,44
0,-1,3,40,44
0,-1,6,52,44
0,-1,6,52,44
0,-1,20,61,46
0,-1,33,66,46
0,-1,33,66,46
0,-1,33,66,46
0,-1,228,129,49
0,-1,284,152,49
0,-1,54,152,49
0,-1,54,152,49
0,-1,452,170,49
0,-1,452,170,49
0,-1,529,199,52
0,-1,581,182,52
0,-1,68,182,52
0,-1,68,182,52
0,-1,390,115,52
0,-1,390,115,52
0,-1,390,115,52
0,-1,288,71,52
0,-1,32,68,52
0,-1,32,68,52
0,-1,123,52,52
0,-1,123,52,52
0,-1,3,52,52
0,-1,55,46,52
0,-1,55,46,52
0,-1,55,46,52
0,-1,26,43,50
0,-1,24,43,50
0,-1,1,40,50
0,-1,15,45,57
0,-1,13,41,57
0,-1,40,41,57
0,-1,9,44,47
0,-1,7,45,47
0,-1,44,45,47
0,-1,44,45,47
0,-1,6,45,49
0,-1,7,42,49
0,-1,7,42,49
0,-1,6,43,50
0,-1,5,46,50
0,-1,2,46,50
0,-1,5,40,48
0,-1,4,44,48
0,-1,44,44,48
0,-1,4,39,44
0,-1,5,42,44
0,-1,5,42,44
0,-1,3,43,47
0,-1,4,39,47
0,-1,4,39,47
0,-1,5,42,46
0,-1,5,41,46
0,-1,41,4,46
0,-1,41,4,46
0,-1,5,45,50
0,-1,5,44,50
0,-1,5,44,50
0,-1,4,46,44
0,-1,5,44,44
0,-1,4,44,44
0,-1,4,44,42
0,-1,3,46,42
0,-1,3,46,42
0,-1,3,46,42
0,-1,4,45,41
0,-1,4,44,41
0,-1,4,44,41
0,-1,5,41,40
0,-1,4,46,40
0,-1,3,46,40
0,-1,5,39,40
0,-1,5,39,40
1,2.0,5,39,40
0,-1,6,41,42
0,-1,5,40,42
0,-1,5,40,42
0,-1,5,43,40
0,-1,7,46,40
0,-1,54,46,40
0,-1,54,46,40
0,-1,158,72,40
0,-1,47,62,40
0,-1,202,62,44
0,-1,280,61,44
0,-1,280,61,44
0,-1,280,61,44
0,-1,691,97,44
0,-1,41,107,44
0,-1,9,107,44
0,-1,862,110,57
0,-1,823,110,57
0,-1,105,110,57
0,-1,105,110,57
0,-1,70,96,57
0,-1,3,94,57
0,-1,500,78,49
0,-1,451,71,49
0,-1,71,71,49
0,-1,71,71,49
0,-1,258,53,49
0,-1,7,56,49
0,-1,7,56,49
0,-1,108,50,55
0,-1,87,44,55
0,-1,87,44,55
0,-1,48,44,45
0,-1,39,43,45
0,-1,41,43,45
0,-1,20,46,57
0,-1,18,43,57
0,-1,18,43,57
0,-1,11,48,61
0,-1,9,46,61
0,-1,9,46,61
0,-1,4,45,59
0,-1,4,48,59
0,-1,4,48,59
0,-1,2,41,52
0,-1,2,47,52
0,-1,2,47,52
0,-1,2,47,52
0,-1,1,41,54
0,-1,2,45,54
0,-1,2,45,54
0,-1,2,39,50
0,-1,1,43,50
0,-1,7,43,50
0,-1,1,43,49
0,-1,2,40,49
0,-1,44,40,49
0,-1,44,40,49
0,-1,2,43,48
0,-1,2,41,48
0,-1,2,41,48
0,-1,2,41,48
0,-1,2,44,48
0,-1,9,44,48
0,-1,2,47,49
0,-1,2,43,49
0,-1,44,43,49
0,-1,44,43,49
0,-1,3,46,44
0,-1,3,42,44
0,-1,4,42,43
0,-1,4,46,43
0,-1,5,46,43
0,-1,3,38,41
0,-1,4,42,41
0,-1,4,42,41
0,-1,4,42,41
0,-1,4,39,45
0,-1,4,43,45
1,2.0,4,43,45
0,-1,4,40,45
0,-1,40,40,45
0,-1,40,40,45
0,-1,116,53,45
0,-1,32,60,45
0,-1,0,60,45
0,-1,327,76,45
0,-1,327,76,45
0,-1,327,76,45
0,-1,451,138,45
0,-1,54,153,45
0,-1,46,153,45
0,-1,755,154,45
0,-1,645,151,45
0,-1,645,151,45
0,-1,645,151,45
0,-1,958,144,45
0,-1,31,152,45
0,-1,3,152,45
0,-1,826,142,50
0,-1,749,126,50
0,-1,749,126,50
0,-1,749,126,50
0,-1,520,86,50
0,-1,40,80,50
0,-1,40,80,50
0,-1,238,64,48
0,-1,192,55,48
0,-1,192,55,48
0,-1,102,54,48
0,-1,102,54,48
0,-1,102,54,48
0,-1,48,47,56
0,-1,41,43,56
0,-1,41,43,56
0,-1,23,44,60
0,-1,19,45,60
0,-1,43,45,60
0,-1,13,41,52
0,-1,11,44,52
0,-1,0,44,52
0,-1,0,44,52
0,-1,9,41,47
0,-1,8,45,47
0,-1,8,45,47
0,-1,7,39,41
0,-1,6,44,41
0,-1,5,44,41
0,-1,6,41,44
0,-1,6,41,44
0,-1,45,41,44
0,-1,6,44,44
0,-1,5,40,44
0,-1,5,40,44
0,-1,5,43,50
0,-1,6,43,50
0,-1,9,43,50
0,-1,6,46,51
0,-1,7,42,51
0,-1,7,40,51
0,-1,5,40,51
0,-1,5,40,51
0,-1,7,39,51
0,-1,7,39,51
0,-1,7,39,51
0,-1,7,43,50
0,-1,7,38,50
0,-1,7,38,50
0,-1,5,42,42
0,-1,6,42,42
0,-1,0,42,42
0,-1,6,44,42
0,-1,5,43,42
0,-1,40,43,42
0,-1,40,43,42
0,-1,6,43,43
0,-1,7,43,43
0,-1,7,43,43
0,-1,6,46,43
0,-1,2,46,43
0,-1,6,40,41
0,-1,6,45,41
0,-1,6,45,41
0,-1,6,45,41
0,-1,6,42,41
0,-1,6,42,41
0,-1,6,44,44
0,-1,6,39,44
0,-1,4,39,44
0,-1,6,43,44
0,-1,6,43,44
0,-1,6,43,44
0,-1,6,45,49
0,-1,6,43,49
0,-1,6,43,49
0,-1,6,46,45
0,-1,5,44,45
0,-1,44,44,45
0,-1,5,44,45
0,-1,4,47,45
0,-1,4,47,45
0,-1,5,40,40
0,-1,4,45,40
0,-1,5,45,40
0,-1,5,39,41
0,-1,5,41,41
0,-1,45,41,41
0,-1,6,44,43
0,-1,6,39,43
0,-1,6,39,43
0,-1,6,42,48
0,-1,6,42,48
0,-1,0,42,48
0,-1,5,46,49
0,-1,5,43,47
0,-1,5,40,47
0,-1,5,40,47
0,-1,5,44,49
0,-1,5,43,49
0,-1,5,43,49
0,-1,4,46,51
0,-1,5,42,51
0,-1,5,42,51
0,-1,6,43,49
0,-1,5,45,49
0,-1,43,45,49
0,-1,5,41,47
0,-1,4,46,47
0,-1,4,46,47
0,-1,4,46,47
0,-1,5,43,47
0,-1,4,46,47
0,-1,4,46,47
0,-1,6,39,47
0,-1,44,39,47
0,-1,5,42,39
0,-1,6,40,39
0,-1,6,40,39
0,-1,6,40,39
0,-1,6,43,47
0,-1,5,38,47
0,-1,5,38,47
0,-1,5,42,47
0,-1,42,42,47
0,-1,42,42,47
0,-1,4,45,44
0,-1,5,42,44
0,-1,5,42,44
0,-1,5,45,40
0,-1,6,44,40
0,-1,4,44,40
0,-1,6,42,43
0,-1,5,46,43
0,-1,5,46,43
0,-1,4,39,42
0,-1,5,43,42
0,-1,5,43,42
0,-1,5,41,42
0,-1,5,41,42
0,-1,5,41,42
0,-1,5,43,43
0,-1,5,38,43
0,-1,42,38,43
0,-1,42,38,43
0,-1,6,43,44
0,-1,5,39,44
0,-1,5,39,44
0,-1,5,42,44
0,-1,1,42,44
0,-1,5,45,42
0,-1,4,45,42
0,-1,44,45,42
1,3.0,44,45,42
0,-1,3,47,42
0,-1,3,47,42
0,-1,2,40,57
0,-1,6,43,57
0,-1,48,43,57
0,-1,48,43,57
0,-1,51,63,57
0,-1,6,63,57
0,-1,6,63,57
0,-1,6,63,57
0,-1,104,65,57
0,-1,104,65,57
0,-1,104,65,57
0,-1,142,77,57
0,-1,39,73,57
0,-1,2,73,57
0,-1,142,83,146
0,-1,148,85,146
0,-1,148,85,146
0,-1,75,85,146
0,-1,128,93,146
0,-1,11,82,146
0,-1,9,82,146
0,-1,83,71,98
0,-1,80,69,98
0,-1,3,69,98
0,-1,50,54,63
0,-1,41,56,63
0,-1,41,56,63
0,-1,25,45,53
0,-1,22,45,53
0,-1,8,45,53
0,-1,14,45,47
0,-1,13,39,47
0,-1,43,39,47
0,-1,43,39,47
0,-1,10,43,47
0,-1,10,43,47
0,-1,7,46,51
0,-1,7,42,51
0,-1,7,42,51
0,-1,6,45,46
0,-1,7,44,46
0,-1,43,44,46
0,-1,7,41,47
0,-1,5,45,47
0,-1,5,45,47
0,-1,5,45,47
0,-1,6,43,47
0,-1,6,45,47
0,-1,6,45,47
0,-1,6,40,47
0,-1,6,45,47
0,-1,6,43,48
0,-1,6,39,48
0,-1,6,39,48
0,-1,6,39,48
0,-1,7,42,47
0,-1,6,38,47
0,-1,6,38,47
0,-1,6,41,46
0,-1,6,40,46
0,-1,9,40,46
0,-1,6,44,46
0,-1,6,44,46
0,-1,6,44,46
0,-1,6,44,42
0,-1,6,41,42
0,-1,6,41,42
0,-1,6,42,43
0,-1,5,45,43
0,-1,40,45,43
0,-1,7,39,42
0,-1,6,43,42
0,-1,6,43,42
0,-1,6,43,42
0,-1,6,41,42
0,-1,5,45,42
0,-1,5,45,42
0,-1,5,37,42
0,-1,42,37,42
0,-1,6,42,42
0,-1,7,41,42
0,-1,7,41,42
0,-1,7,41,42
0,-1,6,42,46
0,-1,6,39,46
0,-1,6,39,46
0,-1,7,42,47
0,-1,7,43,47
0,-1,37,43,47
0,-1,37,43,47
0,-1,6,46,50
0,-1,6,41,50
0,-1,6,41,50
0,-1,7,44,46
1,3.0,7,44,46
0,-1,7,44,46
0,-1,8,40,43
0,-1,8,44,43
0,-1,41,44,43
0,-1,41,44,43
0,-1,39,56,43
0,-1,2,58,43
0,-1,72,62,99
0,-1,66,56,99
0,-1,61,56,99
0,-1,61,56,99
0,-1,92,69,99
0,-1,8,76,99
0,-1,8,76,99
0,-1,76,67,116
0,-1,63,60,116
0,-1,9,60,116
0,-1,40,54,116
0,-1,3,52,116
0,-1,3,52,116
0,-1,3,52,116
0,-1,21,44,116
0,-1,5,44,116
0,-1,14,44,49
0,-1,12,46,49
0,-1,43,46,49
0,-1,43,46,49
0,-1,8,45,49
0,-1,8,45,49
0,-1,8,39,42
0,-1,8,42,42
0,-1,8,42,42
0,-1,7,42,44
0,-1,7,39,44
0,-1,43,39,44
0,-1,7,41,44
0,-1,7,41,44
0,-1,7,41,44
0,-1,7,41,44
0,-1,7,43,43
0,-1,7,39,43
0,-1,6,46,47
0,-1,7,43,47
0,-1,43,43,47
0,-1,7,43,45
0,-1,6,45,45
0,-1,6,45,45
0,-1,6,45,45
0,-1,7,44,45
0,-1,6,44,45
0,-1,6,44,45
0,-1,7,41,42
0,-1,6,46,42
0,-1,3,46,42
0,-1,5,38,42
0,-1,5,38,42
0,-1,5,38,42
0,-1,6,42,40
0,-1,6,40,38
0,-1,6,44,38
0,-1,7,43,42
0,-1,6,39,42
0,-1,41,39,42
0,-1,6,44,45
0,-1,6,43,45
0,-1,6,43,45
0,-1,6,43,45
0,-1,5,41,45
0,-1,1,41,45
0,-1,1,41,45
0,-1,5,44,46
0,-1,6,43,46
0,-1,6,41,41
0,-1,5,46,41
0,-1,5,46,41
0,-1,5,46,41
0,-1,5,42,44
0,-1,5,45,44
0,-1,5,45,44
0,-1,5,39,42
0,-1,6,44,42
0,-1,44,44,42
0,-1,6,39,43
0,-1,6,41,43
0,-1,6,41,43
0,-1,6,43,46
0,-1,6,37,42
0,-1,6,42,42
0,-1,6,42,42
0,-1,6,42,46
0,-1,6,40,46
0,-1,6,45,47
0,-1,6,43,47
0,-1,6,43,47
1,3.0,6,43,47
0,-1,7,43,50
0,-1,6,43,50
0,-1,6,43,50
0,-1,6,47,52
0,-1,7,43,52
0,-1,2,43,52
0,-1,8,46,64
0,-1,8,46,64
0,-1,8,47,64
0,-1,1,42,64
0,-1,1,42,64
0,-1,33,61,88
0,-1,48,57,88
0,-1,1,57,88
0,-1,1,57,88
0,-1,62,64,88
0,-1,62,64,88
0,-1,62,64,88
0,-1,99,64,102
0,-1,92,65,102
0,-1,2,65,102
0,-1,2,65,102
0,-1,82,57,102
0,-1,82,57,102
0,-1,82,57,102
0,-1,39,49,102
0,-1,7,499,102
0,-1,7,499,102
0,-1,35,52,58
0,-1,30,50,58
0,-1,44,50,58
0,-1,17,49,49
0,-1,16,45,49
0,-1,16,45,49
0,-1,12,45,55
0,-1,10,48,55
0,-1,3,48,55
0,-1,9,41,50
0,-1,8,45,50
0,-1,6,45,50
0,-1,7,40,45
0,-1,7,42,45
0,-1,7,42,45
0,-1,7,42,45
0,-1,6,38,40
0,-1,7,42,40
0,-1,7,42,40
0,-1,7,42,40
0,-1,39,42,40
0,-1,4,42,40
0,-1,7,43,40
0,-1,7,43,40
0,-1,7,43,40
0,-1,6,45,47
0,-1,5,44,47
0,-1,5,44,47
0,-1,4,46,41
0,-1,5,46,41
0,-1,43,46,41
0,-1,4,40,39
0,-1,5,45,39
0,-1,5,45,39
0,-1,5,45,39
0,-1,5,41,42
0,-1,5,45,42
0,-1,5,44,43
0,-1,5,39,43
0,-1,43,39,43
0,-1,43,39,43
0,-1,6,43,46
0,-1,5,39,46
0,-1,5,39,46
0,-1,5,42,44
0,-1,5,40,44
0,-1,5,45,44
0,-1,5,44,44
0,-1,5,44,44
0,-1,5,44,44
0,-1,5,46,46
0,-1,5,42,46
0,-1,5,42,46
0,-1,5,44,42
0,-1,5,46,42
0,-1,2,46,42
0,-1,5,41,42
0,-1,5,45,42
0,-1,44,45,42
0,-1,44,45,42
0,-1,6,42,41
0,-1,5,46,41
0,-1,6,42,44
0,-1,6,39,44
0,-1,4,39,44
0,-1,6,42,44
0,-1,5,41,44
0,-1,5,41,44
0,-1,5,41,44
1,3.0,5,43,43
0,-1,4,39,43
0,-1,4,39,43
0,-1,5,43,39
0,-1,5,44,39
0,-1,7,43,42
0,-1,6,45,47
0,-1,7,43,47
0,-1,42,43,47
0,-1,14,53,72
0,-1,16,53,72
0,-1,8,53,72
0,-1,87,75,82
0,-1,101,71,82
0,-1,101,71,82
0,-1,101,71,82
0,-1,165,81,82
0,-1,44,82,82
0,-1,44,82,82
0,-1,106,68,82
0,-1,70,68,82
0,-1,70,68,82
0,-1,76,59,82
0,-1,2,54,82
0,-1,2,54,82
0,-1,35,56,82
0,-1,50,56,82
0,-1,22,53,49
0,-1,19,50,49
0,-1,19,50,49
0,-1,19,50,49
0,-1,13,48,47
0,-1,12,43,47
0,-1,12,43,47
0,-1,9,44,44
0,-1,8,46,44
0,-1,2,46,44
0,-1,8,41,44
0,-1,8,41,44
0,-1,8,41,44
0,-1,7,39,41
0,-1,6,42,41
0,-1,6,42,41
0,-1,6,44,45
0,-1,7,40,45
0,-1,4,40,45
0,-1,6,43,44
0,-1,7,41,44
0,-1,41,41,44
0,-1,41,41,44
0,-1,6,42,43
0,-1,6,39,43
0,-1,6,46,44
0,-1,6,42,44
0,-1,3,42,44
0,-1,6,44,42
0,-1,6,47,42
0,-1,6,47,42
0,-1,6,47,42
0,-1,6,45,44
0,-1,6,44,44
0,-1,6,44,44
0,-1,6,39,42
0,-1,6,42,42
0,-1,6,42,42
0,-1,7,42,45
0,-1,7,38,45
0,-1,7,38,45
0,-1,7,38,45
0,-1,7,41,47
0,-1,6,40,47
0,-1,6,40,47
0,-1,6,43,46
0,-1,6,39,46
0,-1,5,45,47
0,-1,5,45,47
0,-1,6,43,47
0,-1,6,43,47
0,-1,6,43,47
0,-1,6,45,48
0,-1,7,41,48
0,-1,7,41,48
0,-1,7,44,46
0,-1,7,44,46
0,-1,2,44,46
0,-1,7,41,45
0,-1,6,45,45
0,-1,6,45,45
0,-1,6,45,45
0,-1,7,43,46
0,-1,6,45,46
0,-1,7,41,46
0,-1,7,39,46
0,-1,43,39,46
0,-1,7,42,46
0,-1,7,38,46
1,3.0,7,38,46
0,-1,7,38,46
0,-1,7,43,48
0,-1,7,39,48
0,-1,7,39,48
0,-1,7,46,76
0,-1,8,43,76
0,-1,47,43,76
0,-1,47,43,76
0,-1,50,48,76
0,-1,3,51,76
0,-1,3,51,76
0,-1,93,66,101
0,-1,124,72,101
0,-1,124,72,101
0,-1,124,72,101
0,-1,155,109,101
0,-1,48,98,101
0,-1,48,98,101
0,-1,128,85,101
0,-1,128,85,101
0,-1,95,67,86
0,-1,81,57,86
0,-1,8,57,86
0,-1,8,57,86
0,-1,38,47,59
0,-1,33,45,59
0,-1,8,45,59
0,-1,21,45,59
0,-1,21,45,59
0,-1,43,45,59
0,-1,12,44,59
0,-1,2,44,59
0,-1,2,44,59
0,-1,9,46,48
0,-1,9,42,48
0,-1,9,42,48
0,-1,12,44,43
0,-1,11,45,43
0,-1,11,45,43
0,-1,11,45,43
0,-1,46,45,45
0,-1,37,44,45
0,-1,37,44,45
0,-1,22,42,45
0,-1,46,42,45
0,-1,46,42,45
0,-1,12,39,45
0,-1,1,43,45
0,-1,1,43,45
0,-1,11,41,45
0,-1,10,40,45
0,-1,7,44,47
0,-1,7,43,47
0,-1,39,43,47
0,-1,7,45,48
0,-1,7,42,48
0,-1,7,42,48
0,-1,7,42,48
0,-1,5,45,48
0,-1,6,41,48
0,-1,6,41,48
0,-1,6,43,42
0,-1,5,44,42
0,-1,2,44,42
0,-1,5,40,42
0,-1,5,45,42
0,-1,5,45,42
0,-1,5,45,42
0,-1,7,41,42
0,-1,7,41,42
0,-1,6,41,43
0,-1,6,39,43
0,-1,44,39,43
0,-1,6,41,43
0,-1,7,39,43
0,-1,7,39,43
0,-1,7,39,43
0,-1,6,42,43
0,-1,6,37,43
0,-1,6,37,43
0,-1,7,41,43
0,-1,7,41,43
0,-1,7,43,46
0,-1,6,44,46
0,-1,6,44,46
1,3.0,6,44,46
0,-1,6,45,55
0,-1,6,42,55
0,-1,6,42,55
0,-1,37,43,54
0,-1,46,45,54
0,-1,46,45,54
0,-1,46,45,54
0,-1,80,86,54
0,-1,0,86,54
0,-1,78,86,54
0,-1,78,86,54
0,-1,136,88,54
0,-1,136,88,54
0,-1,136,88,54
0,-1,114,88,54
0,-1,4,8,88
0,-1,3,8,88
0,-1,8,8,88
0,-1,74,77,88
0,-1,67,77,88
0,-1,67,77,88
0,-1,36,56,88
0,-1,9,53,88
0,-1,9,53,88
0,-1,19,51,55
0,-1,18,47,55
0,-1,6,47,55
0,-1,13,45,47
0,-1,12,46,47
0,-1,12,46,47
0,-1,12,46,47
0,-1,8,40,43
0,-1,7,45,43
0,-1,7,45,43
0,-1,7,38,41
0,-1,7,42,41
0,-1,7,42,41
0,-1,7,41,41
0,-1,3,39,41
0,-1,3,39,41
0,-1,104,40,44
0,-1,138,42,44
0,-1,41,42,44
0,-1,75,45,44
0,-1,75,45,44
0,-1,75,45,44
0,-1,35,44,45
0,-1,29,42,45
0,-1,21,36,40
0,-1,19,41,40
0,-1,44,41,40
0,-1,44,41,40
0,-1,13,37,40
0,-1,1,42,40
0,-1,1,42,40
0,-1,10,38,42
0,-1,9,398,42
0,-1,9,398,42
0,-1,8,42,44
0,-1,7,41,44
0,-1,37,41,44
0,-1,5,44,44
0,-1,7,41,44
0,-1,7,41,44
0,-1,7,41,44
0,-1,6,44,45
0,-1,6,40,45
0,-1,6,40,45
0,-1,7,43,44
0,-1,6,42,44
0,-1,1,42,44
0,-1,6,40,43
0,-1,6,45,43
0,-1,6,45,43
0,-1,7,38,41
0,-1,8,43,41
0,-1,8,43,41
0,-1,7,39,42
0,-1,8,39,42
0,-1,43,39,42
0,-1,7,41,42
0,-1,6,37,42
0,-1,6,37,42
0,-1,6,40,44
0,-1,6,41,44
0,-1,7,41,44
1,3.0,6,44,48
0,-1,6,41,48
0,-1,40,41,48
0,-1,7,44,54
0,-1,6,44,54
0,-1,6,44,54
0,-1,6,44,54
0,-1,7,44,64
0,-1,18,43,64
0,-1,7,43,64
0,-1,63,54,67
0,-1,95,53,67
0,-1,95,53,67
0,-1,127,55,101
0,-1,152,65,101
0,-1,61,65,101
0,-1,160,60,92
0,-1,174,51,92
0,-1,9,61,92
0,-1,9,61,92
0,-1,183,61,131
0,-1,175,54,131
0,-1,8,54,131
0,-1,8,54,131
0,-1,8,56,131
0,-1,8,56,131
0,-1,85,59,131
0,-1,0,56,131
0,-1,0,56,131
0,-1,40,51,64
0,-1,44,45,64
0,-1,4,45,64
0,-1,41,46,51
0,-1,33,46,51
0,-1,33,46,51
0,-1,33,46,51
0,-1,19,46,46
0,-1,17,43,46
0,-1,14,39,44
0,-1,13,42,44
0,-1,45,42,44
0,-1,45,42,44
0,-1,9,38,44
0,-1,9,38,44
0,-1,9,38,44
0,-1,7,39,42
0,-1,7,40,42
0,-1,7,40,42
0,-1,6,42,43
0,-1,6,38,43
0,-1,2,38,43
0,-1,6,43,48
0,-1,6,43,48
0,-1,39,43,48
0,-1,39,43,48
0,-1,7,42,45
0,-1,7,41,45
0,-1,7,45,45
0,-1,7,44,45
0,-1,3,44,45
0,-1,7,41,47
0,-1,5,46,50
0,-1,7,41,50
0,-1,7,41,50
0,-1,8,43,44
0,-1,7,45,44
0,-1,7,45,44
0,-1,8,40,42
0,-1,8,44,42
0,-1,3,44,42
0,-1,7,37,42
0,-1,7,40,42
0,-1,44,40,42
0,-1,6,42,45
0,-1,7,38,45
0,-1,7,38,45
0,-1,6,41,44
0,-1,7,40,44
0,-1,9,40,44
0,-1,6,43,46
0,-1,6,42,46
0,-1,6,42,46
0,-1,6,42,46
0,-1,6,41,46
0,-1,6,41,46
0,-1,8,42,47
0,-1,6,45,47
0,-1,1,45,47
0,-1,8,40,47
0,-1,7,44,47
0,-1,7,44,47
1,3.0,7,44,47
0,-1,8,40,47
0,-1,8,40,47
0,-1,35,51,72
0,-1,45,60,72
0,-1,45,60,72
0,-1,45,60,72
0,-1,112,59,114
0,-1,133,61,114
0,-1,6,61,114
0,-1,6,61,114
0,-1,137,79,114
0,-1,137,79,114
0,-1,137,79,114
0,-1,159,68,114
0,-1,45,6,68
0,-1,9,6,68
0,-1,7,6,68
0,-1,7,6,68
0,-1,108,72,68
0,-1,65,72,68
0,-1,65,72,68
0,-1,83,65,68
0,-1,9,59,68
0,-1,9,59,68
0,-1,45,52,52
0,-1,36,52,52
0,-1,8,52,52
0,-1,23,43,45
0,-1,19,46,45
0,-1,19,46,45
0,-1,19,46,45
0,-1,19,46,45
0,-1,12,41,45
0,-1,12,41,45
0,-1,9,43,42
0,-1,9,38,42
0,-1,1,38,42
0,-1,8,41,38
0,-1,8,42,38
0,-1,8,42,38
0,-1,8,42,38
0,-1,9,40,39
0,-1,9,39,39
0,-1,8,43,40
0,-1,7,42,40
0,-1,2,42,40
0,-1,7,41,40
0,-1,6,44,40
0,-1,6,44,40
0,-1,7,37,40
0,-1,7,42,40
0,-1,7,42,40
0,-1,7,39,43
0,-1,7,39,43
0,-1,3,39,43
0,-1,7,41,43
0,-1,7,41,43
0,-1,7,41,43
0,-1,7,41,43
0,-1,5,41,43
0,-1,5,41,43
0,-1,5,44,44
0,-1,6,41,44
0,-1,40,41,44
0,-1,7,43,45
0,-1,6,42,45
0,-1,6,42,45
0,-1,6,42,45
0,-1,8,43,45
0,-1,0,43,45
0,-1,8,36,43
0,-1,8,41,43
0,-1,43,41,43
0,-1,8,39,44
0,-1,8,38,44
0,-1,8,38,44
0,-1,8,38,44
0,-1,8,36,44
0,-1,40,36,44
0,-1,9,40,44
0,-1,8,41,44
0,-1,36,41,44
0,-1,36,41,44
0,-1,8,39,42
0,-1,8,39,42
0,-1,8,39,42
0,-1,7,42,42
0,-1,1,42,42
0,-1,9,40,39
0,-1,8,44,39
0,-1,8,44,39
0,-1,8,44,39
0,-1,10,41,40
0,-1,8,44,40
0,-1,8,44,40
0,-1,9,38,41
1,3.0,9,42,41
0,-1,8,41,45
0,-1,9,39,45
0,-1,5,56,45
0,-1,5,56,45
0,-1,105,103,126
0,-1,108,116,126
0,-1,108,116,126
0,-1,108,116,126
0,-1,142,95,126
0,-1,3,95,126
0,-1,3,95,126
0,-1,150,81,126
0,-1,74,81,126
0,-1,74,81,126
0,-1,162,87,126
0,-1,45,79,126
0,-1,45,79,126
0,-1,132,76,161
0,-1,126,83,161
0,-1,70,83,161
0,-1,70,83,161
0,-1,70,83,161
0,-1,70,83,161
0,-1,45,48,80
0,-1,39,49,80
0,-1,1,49,80
0,-1,30,48,61
0,-1,27,42,61
0,-1,45,42,61
0,-1,45,42,61
0,-1,22,43,61
0,-1,22,43,61
0,-1,16,45,48
0,-1,14,41,48
0,-1,9,41,48
0,-1,12,43,43
0,-1,11,42,43
0,-1,11,42,43
0,-1,11,42,43
0,-1,10,45,43
0,-1,10,45,43
0,-1,9,37,43
0,-1,10,42,43
0,-1,4,42,43
0,-1,4,42,43
0,-1,9,38,43
0,-1,9,38,43
0,-1,5,38,43
0,-1,8,40,43
0,-1,8,37,43
0,-1,0,37,43
0,-1,0,37,43
0,-1,7,41,43
0,-1,7,41,43
0,-1,7,44,45
0,-1,8,40,45
0,-1,8,40,45
0,-1,8,40,45
0,-1,7,42,44
0,-1,8,40,44
0,-1,8,40,44
0,-1,8,40,41
0,-1,8,44,41
0,-1,40,44,41
0,-1,8,37,39
0,-1,8,41,39
0,-1,8,41,39
0,-1,8,41,39
0,-1,8,37,38
0,-1,8,41,38
0,-1,8,41,38
0,-1,8,36,38
0,-1,8,36,38
0,-1,8,41,40
0,-1,8,41,40
0,-1,8,41,40
0,-1,8,41,40
0,-1,8,40,40
0,-1,8,39,40
0,-1,8,39,40
0,-1,7,43,41
0,-1,8,40,41
0,-1,37,40,41
0,-1,8,43,40
0,-1,8,41,40
0,-1,8,41,40
0,-1,8,41,40
0,-1,7,44,40
0,-1,0,44,40
0,-1,9,38,39
0,-1,9,42,39
0,-1,43,42,39
0,-1,7,37,41
0,-1,8,39,41
0,-1,8,39,41
0,-1,8,39,41
0,-1,8,36,47
0,-1,8,41,47
0,-1,8,41,47
0,-1,8,39,51
1,3.0,8,37,51
0,-1,41,37,51
0,-1,14,45,65
0,-1,54,58,65
0,-1,54,58,65
0,-1,163,99,84
0,-1,164,99,84
0,-1,164,99,84
0,-1,164,99,84
0,-1,84,98,84
0,-1,93,94,84
0,-1,93,94,84
0,-1,166,77,108
0,-1,161,72,108
0,-1,161,72,108
0,-1,161,72,108
0,-1,34,68,108
0,-1,9,68,108
0,-1,9,68,108
0,-1,106,50,84
0,-1,99,62,84
0,-1,3,62,84
0,-1,68,50,72
0,-1,59,50,72
0,-1,59,50,72
0,-1,59,50,72
0,-1,34,44,72
0,-1,6,44,72
0,-1,39,45,48
0,-1,62,45,48
0,-1,43,45,48
0,-1,43,45,48
0,-1,33,42,48
0,-1,7,41,48
0,-1,7,41,48
0,-1,16,44,43
0,-1,15,42,43
0,-1,8,42,43
0,-1,12,44,44
0,-1,12,42,44
0,-1,41,42,44
0,-1,41,42,44
0,-1,9,44,44
0,-1,9,44,44
0,-1,9,37,37
0,-1,10,41,37
0,-1,10,41,37
0,-1,8,38,38
0,-1,8,39,38
0,-1,43,39,38
0,-1,7,40,43
0,-1,9,36,43
0,-1,9,36,43
0,-1,9,40,42
0,-1,8,40,42
0,-1,7,40,42
0,-1,8,43,45
0,-1,9,40,45
0,-1,38,40,45
0,-1,8,43,44
0,-1,7,41,44
0,-1,7,41,44
0,-1,8,40,42
0,-1,7,43,42
0,-1,0,43,42
0,-1,8,36,43
0,-1,8,41,43
0,-1,42,41,43
0,-1,42,41,43
0,-1,8,38,43
0,-1,8,38,43
0,-1,8,40,42
0,-1,8,36,42
0,-1,0,36,42
0,-1,7,40,39
0,-1,7,41,39
0,-1,7,41,39
0,-1,7,41,39
0,-1,8,40,38
0,-1,8,38,38
0,-1,8,38,38
0,-1,8,42,38
0,-1,1,42,38
0,-1,9,40,39
0,-1,8,44,39
0,-1,8,44,39
0,-1,8,44,39
0,-1,9,42,39
0,-1,7,43,39
0,-1,7,43,39
0,-1,9,39,39
0,-1,8,43,39
0,-1,2,43,39
0,-1,2,43,39
1,3.0,9,40,39
0,-1,9,40,39
0,-1,9,40,39
0,-1,9,38,56
0,-1,8,42,56
0,-1,8,42,56
0,-1,28,44,59
0,-1,46,51,59
0,-1,51,51,59
0,-1,112,71,59
0,-1,20,76,59
0,-1,6,76,59
0,-1,157,105,114
0,-1,179,110,114
0,-1,179,110,114
0,-1,179,110,114
0,-1,260,155,114
0,-1,80,142,114
0,-1,29,142,114
0,-1,29,142,114
0,-1,303,132,114
0,-1,303,132,114
0,-1,303,132,114
0,-1,208,125,114
0,-1,8,125,114
0,-1,8,125,114
0,-1,177,92,114
0,-1,177,92,114
0,-1,177,92,114
0,-1,119,79,114
0,-1,40,76,114
0,-1,40,76,114
0,-1,74,56,114
0,-1,54,56,114
0,-1,56,47,51
0,-1,51,45,51
0,-1,51,45,51
0,-1,51,45,51
0,-1,34,42,44
0,-1,32,42,44
0,-1,32,42,44
0,-1,19,44,47
0,-1,18,40,47
0,-1,39,40,47
0,-1,13,42,39
0,-1,11,42,39
0,-1,0,41,39
0,-1,10,39,38
0,-1,8,43,38
0,-1,8,43,38
0,-1,8,36,35
0,-1,8,40,35
0,-1,43,40,35
0,-1,7,40,39
0,-1,8,37,39
0,-1,8,37,39
0,-1,8,37,39
0,-1,7,37,39
0,-1,7,39,39
0,-1,7,39,39
0,-1,7,40,39
0,-1,36,40,39
0,-1,0,40,39
0,-1,7,39,39
0,-1,7,39,39
0,-1,7,39,39
0,-1,7,42,43
0,-1,7,40,43
0,-1,7,40,43
0,-1,8,43,41
0,-1,7,41,41
0,-1,1,41,41
0,-1,8,40,38
0,-1,6,44,38
0,-1,6,44,38
0,-1,6,44,38
0,-1,7,42,37
0,-1,6,43,37
0,-1,7,38,36
0,-1,8,39,36
0,-1,42,39,36
0,-1,8,40,39
0,-1,8,36,39
0,-1,8,36,39
0,-1,8,36,39
0,-1,6,40,41
0,-1,7,37,41
0,-1,7,37,41
0,-1,7,39,38
0,-1,7,37,38
0,-1,7,42,42
0,-1,6,42,42
0,-1,6,42,42
0,-1,6,42,42
0,-1,6,42,42
0,-1,6,42,40
0,-1,7,39,39
0,-1,7,40,39
0,-1,8,41,40
0,-1,7,43,40
0,-1,40,43,40
0,-1,8,38,38
0,-1,7,43,38
0,-1,7,43,38
0,-1,7,43,38
0,-1,8,40,37
0,-1,6,43,37
0,-1,6,43,37
0,-1,7,41,42
0,-1,9,38,42
0,-1,42,38,42
0,-1,8,41,45
0,-1,8,40,45
0,-1,8,40,45
0,-1,8,40,45
0,-1,8,42,47
0,-1,8,38,47
0,-1,8,38,47
0,-1,8,44,42
0,-1,7,41,42
0,-1,42,41,42
0,-1,42,41,42
0,-1,7,44,42
0,-1,7,44,42
0,-1,7,44,42
0,-1,8,43,48
0,-1,7,43,48
0,-1,7,43,48
0,-1,8,40,48
0,-1,8,44,48
0,-1,40,44,48
0,-1,7,37,42
0,-1,7,41,42
0,-1,7,41,42
0,-1,7,38,44
0,-1,8,38,44
0,-1,2,38,44
0,-1,7,40,43
0,-1,7,37,43
0,-1,39,37,43
0,-1,7,41,45
0,-1,7,41,45
0,-1,7,41,45
0,-1,7,41,45
0,-1,8,40,45
0,-1,9,40,45
0,-1,8,42,42
0,-1,6,43,42
0,-1,41,43,42
0,-1,41,43,42
0,-1,7,44,38
0,-1,6,41,38
0,-1,6,41,38
0,-1,6,41,40
0,-1,5,43,40
0,-1,5,43,40
0,-1,6,38,38
0,-1,6,42,38
0,-1,42,42,38
0,-1,7,37,44
0,-1,8,39,44
0,-1,8,39,44
0,-1,8,39,44
0,-1,7,37,44
0,-1,2,37,44
0,-1,5,41,40
0,-1,6,40,40
0,-1,39,40,40
0,-1,39,40,40
0,-1,3,43,42
0,-1,3,39,42
0,-1,3,39,42
0,-1,3,43,42
0,-1,4,44,42
0,-1,4,44,42
0,-1,1,47,42
0,-1,43,47,42
0,-1,43,47,42
0,-1,2,46,45
0,-1,3,47,45
0,-1,3,47,45
0,-1,5,43,53
0,-1,5,46,53
0,-1,4,46,53
0,-1,4,38,47
0,-1,4,42,47
0,-1,4,42,47
0,-1,5,41,48
0,-1,5,39,48
0,-1,5,39,48
0,-1,4,42,45
0,-1,4,38,45
0,-1,1,38,45
0,-1,4,41,53
0,-1,8,44,53
0,-1,39,44,53
0,-1,6,45,51
0,-1,7,41,51
0,-1,7,41,51
0,-1,5,42,46
0,-1,5,43,46
0,-1,1,43,46
0,-1,10,39,44
0,-1,9,43,44
0,-1,9,43,44
0,-1,19,36,40
0,-1,17,40,40
0,-1,4,40,40
0,-1,11,41,43
0,-1,11,37,43
0,-1,11,37,43
0,-1,9,40,45
0,-1,9,39,45
0,-1,0,39,45
0,-1,10,42,49
0,-1,10,40,49
0,-1,37,40,49
0,-1,8,42,46
0,-1,9,40,46
0,-1,41,40,46
0,-1,41,40,46
0,-1,7,44,50
0,-1,7,40,50
0,-1,9,38,45
0,-1,8,42,45
0,-1,2,42,45
0,-1,7,36,44
0,-1,9,39,44
0,-1,9,39,44
0,-1,9,39,44
0,-1,9,36,44
0,-1,9,40,44
0,-1,9,40,44
0,-1,7,39,47
0,-1,8,37,47
0,-1,1,37,47
0,-1,9,40,47
0,-1,9,40,47
0,-1,39,40,47
0,-1,39,40,47
0,-1,8,43,47
0,-1,8,43,47
0,-1,8,43,47
0,-1,9,41,47
0,-1,0,41,47
0,-1,7,42,44
0,-1,5,42,44
0,-1,5,42,44
0,-1,5,42,44
0,-1,5,42,47
0,-1,5,41,47
0,-1,16,36,43
0,-1,14,40,43
0,-1,14,40,43
0,-1,9,40,47
0,-1,9,37,47
0,-1,9,37,47
0,-1,9,37,47
0,-1,7,37,47
0,-1,7,37,47
0,-1,7,37,47
0,-1,6,40,47
0,-1,36,40,47
0,-1,7,44,47
0,-1,9,40,47
0,-1,9,40,47
0,-1,9,40,47
0,-1,7,44,47
0,-1,1,44,47
0,-1,5,39,46
0,-1,4,42,46
0,-1,41,42,46
0,-1,41,42,46
0,-1,6,40,50
0,-1,5,42,50
0,-1,5,42,50
0,-1,5,36,53
0,-1,6,40,53
0,-1,6,40,53
0,-1,5,39,51
0,-1,5,38,51
0,-1,38,38,51
0,-1,38,38,51
0,-1,4,40,44
0,-1,4,35,44
0,-1,4,35,44
0,-1,4,39,54
0,-1,5,39,54
0,-1,6,39,54
0,-1,5,42,51
0,-1,6,39,51
0,-1,38,39,51
0,-1,5,43,50
0,-1,4,41,50
0,-1,4,41,50
0,-1,4,41,50
0,-1,2,44,50
0,-1,0,44,50
0,-1,3,37,45
0,-1,3,41,45
0,-1,43,41,45
0,-1,43,41,45
0,-1,13,41,56
1,4.0,16,45,56
0,-1,16,45,56
0,-1,29,42,56
0,-1,44,42,56
0,-1,44,42,56
0,-1,43,47,56
0,-1,6,46,56
0,-1,6,46,56
0,-1,52,45,151
0,-1,59,46,151
0,-1,43,46,151
0,-1,43,46,151
0,-1,47,42,151
0,-1,47,42,151
0,-1,86,48,114
0,-1,78,49,114
0,-1,8,49,114
0,-1,8,49,114
0,-1,85,52,114
0,-1,85,52,114
0,-1,85,52,114
0,-1,38,45,62
0,-1,30,48,62
0,-1,23,43,53
0,-1,19,38,53
0,-1,42,38,53
0,-1,42,38,53
0,-1,9,40,53
0,-1,9,40,53
0,-1,9,40,53
0,-1,5,41,49
0,-1,5,38,49
0,-1,5,38,49
0,-1,3,41,49
0,-1,40,41,49
0,-1,4,41,50
0,-1,3,43,50
0,-1,3,43,50
0,-1,3,43,50
0,-1,3,41,46
0,-1,2,42,46
0,-1,3,37,43
0,-1,4,39,43
0,-1,43,39,43
0,-1,3,41,43
0,-1,4,35,43
0,-1,4,35,43
0,-1,4,35,43
0,-1,5,39,43
0,-1,5,37,43
0,-1,5,37,43
0,-1,4,40,43
0,-1,36,40,43
0,-1,36,40,43
0,-1,3,41,46
0,-1,4,40,46
0,-1,4,40,46
0,-1,3,43,48
0,-1,4,38,48
0,-1,4,38,48
0,-1,3,42,44
0,-1,4,43,44
0,-1,40,43,44
0,-1,5,38,46
0,-1,4,42,46
0,-1,4,42,46
0,-1,3,36,40
0,-1,3,40,40
0,-1,4,40,40
0,-1,3,40,36
0,-1,4,37,36
0,-1,41,37,36
0,-1,41,37,36
0,-1,3,38,36
0,-1,3,38,36
0,-1,3,38,36
0,-1,3,40,43
0,-1,3,35,43
0,-1,3,35,43
0,-1,2,44,48
0,-1,3,39,48
0,-1,40,39,48
0,-1,40,39,48
0,-1,3,42,51
0,-1,3,39,51
0,-1,3,39,51
0,-1,3,42,49
0,-1,4,42,49
0,-1,1,42,49
0,-1,4,40,42
0,-1,2,43,42
0,-1,40,43,42
0,-1,40,43,42
0,-1,32,42,52
0,-1,35,44,52
0,-1,35,44,52
0,-1,74,38,78
1,4.0,65,43,78
0,-1,65,43,78
0,-1,65,43,78
0,-1,73,40,78
0,-1,73,40,78
0,-1,86,43,155
0,-1,78,41,155
0,-1,3,41,155
0,-1,3,41,155
0,-1,141,48,155
0,-1,4,43,155
0,-1,4,43,155
0,-1,171,45,117
0,-1,174,44,117
0,-1,42,44,117
0,-1,93,46,117
0,-1,93,46,117
0,-1,93,46,117
0,-1,56,48,72
0,-1,46,47,72
0,-1,46,47,72
0,-1,28,42,51
0,-1,22,46,51
0,-1,43,46,51
0,-1,14,37,50
0,-1,12,41,50
0,-1,12,41,50
0,-1,12,41,50
0,-1,8,37,44
0,-1,7,42,44
0,-1,5,40,42
0,-1,5,38,42
0,-1,9,38,42
0,-1,4,41,48
0,-1,4,41,48
0,-1,4,41,48
0,-1,4,41,48
0,-1,5,39,48
0,-1,5,39,48
0,-1,5,41,45
0,-1,4,42,53
0,-1,4,39,53
0,-1,4,38,45
0,-1,4,42,45
0,-1,4,42,45
0,-1,40,42,45
0,-1,4,39,38
0,-1,3,43,38
0,-1,3,43,38
0,-1,4,36,36
0,-1,5,41,36
0,-1,2,41,36
0,-1,4,37,42
0,-1,4,38,42
0,-1,4,38,42
0,-1,4,38,42
0,-1,4,35,38
0,-1,5,39,38
0,-1,3,39,42
0,-1,4,40,42
0,-1,6,40,42
0,-1,3,42,40
0,-1,3,39,40
0,-1,3,39,40
0,-1,3,39,40
0,-1,4,41,44
0,-1,4,40,44
0,-1,4,40,44
0,-1,3,44,44
0,-1,3,39,44
0,-1,0,39,44
0,-1,4,41,41
0,-1,3,44,41
0,-1,39,44,41
0,-1,39,44,41
0,-1,4,42,41
0,-1,4,42,41
0,-1,4,36,41
0,-1,4,39,41
0,-1,3,39,41
0,-1,4,40,41
0,-1,5,36,41
0,-1,5,36,41
0,-1,5,36,41
0,-1,3,38,41
0,-1,3,38,41
0,-1,3,38,41
0,-1,4,40,41
0,-1,36,40,41
0,-1,3,43,44
0,-1,3,40,44
0,-1,3,40,44
0,-1,3,40,44
0,-1,3,42,43
0,-1,3,38,43
0,-1,3,38,43
0,-1,3,42,36
0,-1,3,42,36
0,-1,4,36,39
0,-1,4,40,39
0,-1,4,40,39
0,-1,4,40,39
0,-1,4,36,41
0,-1,4,40,41
0,-1,4,40,41
0,-1,4,39,45
0,-1,4,38,45
0,-1,42,38,45
0,-1,3,41,42
0,-1,3,37,42
0,-1,3,37,42
0,-1,3,37,42
0,-1,3,40,42
0,-1,3,40,42
0,-1,3,43,42
0,-1,3,39,42
0,-1,38,39,42
0,-1,3,41,42
0,-1,2,42,42
0,-1,2,42,42
0,-1,5,39,45
0,-1,4,43,45
0,-1,1,43,45
0,-1,4,36,37
0,-1,4,41,37
0,-1,44,41,37
0,-1,4,39,44
0,-1,3,37,44
0,-1,3,37,44
0,-1,3,37,44
0,-1,3,37,48
0,-1,3,39,48
0,-1,3,39,48
0,-1,3,41,46
0,-1,2,36,46
0,-1,40,36,46
0,-1,3,39,40
0,-1,3,40,40
0,-1,3,40,40
0,-1,2,42,44
0,-1,3,40,44
0,-1,8,40,44
0,-1,2,43,41
0,-1,2,42,41
0,-1,43,42,41
0,-1,18,44,57
0,-1,16,45,57
0,-1,16,45,57
1,4.0,47,44,76
0,-1,52,47,83
0,-1,72,49,83
0,-1,72,49,83
0,-1,138,40,83
0,-1,34,48,83
0,-1,34,48,83
0,-1,156,44,138
0,-1,236,58,138
0,-1,236,58,138
0,-1,236,58,138
0,-1,14,59,138
0,-1,14,59,138
0,-1,133,63,79
0,-1,113,59,79
0,-1,1,59,79
0,-1,63,52,61
0,-1,52,47,61
0,-1,52,47,61
0,-1,52,47,61
0,-1,24,45,61
0,-1,0,43,61
0,-1,0,43,61
0,-1,12,43,51
0,-1,10,42,51
0,-1,10,42,51
0,-1,8,40,51
0,-1,43,40,51
0,-1,43,40,51
0,-1,5,37,47
0,-1,6,41,47
0,-1,6,41,47
0,-1,6,38,46
0,-1,5,38,46
0,-1,2,38,46
0,-1,5,40,46
0,-1,4,35,46
0,-1,39,35,46
0,-1,5,39,42
0,-1,4,39,42
0,-1,4,39,42
0,-1,2,43,45
0,-1,4,39,45
0,-1,8,39,45
0,-1,4,42,51
0,-1,3,41,51
0,-1,40,41,51
0,-1,40,41,51
0,-1,3,43,48
0,-1,3,40,48
0,-1,5,36,43
0,-1,4,41,43
0,-1,3,41,43
0,-1,3,41,43
0,-1,4,38,44
0,-1,5,37,44
0,-1,5,42,44
0,-1,5,42,44
0,-1,4,36,35
0,-1,4,38,35
0,-1,4,38,35
0,-1,4,39,43
0,-1,4,35,43
0,-1,0,35,43
0,-1,4,38,43
0,-1,4,38,43
0,-1,4,38,43
0,-1,4,41,39
0,-1,5,40,39
0,-1,5,40,39
0,-1,4,43,40
0,-1,4,39,40
0,-1,0,39,40
0,-1,4,41,40
0,-1,4,41,40
0,-1,4,41,40
0,-1,4,38,40
0,-1,3,42,40
0,-1,3,42,40
0,-1,3,37,39
0,-1,3,39,39
0,-1,4,39,39
0,-1,3,41,43
0,-1,3,36,43
0,-1,3,36,43
0,-1,3,36,43
0,-1,4,40,41
0,-1,4,38,41
0,-1,4,43,43
0,-1,4,41,43
0,-1,37,41,43
0,-1,3,43,41
0,-1,3,41,41
0,-1,3,41,41
0,-1,3,41,41
0,-1,2,43,42
0,-1,3,39,42
0,-1,3,39,42
0,-1,4,42,42
0,-1,3,43,42
0,-1,3,36,42
0,-1,4,39,42
0,-1,4,39,42
0,-1,4,39,42
0,-1,3,36,39
0,-1,4,41,39
0,-1,4,41,39
0,-1,3,40,47
0,-1,3,37,47
0,-1,2,37,47
0,-1,3,40,47
0,-1,4,37,47
0,-1,4,37,47
0,-1,4,37,47
0,-1,4,41,47
0,-1,4,41,47
0,-1,4,42,74
0,-1,11,38,74
0,-1,11,38,74
1,4.0,11,38,74
0,-1,35,44,74
0,-1,8,45,74
0,-1,8,45,74
0,-1,58,52,149
0,-1,54,55,149
0,-1,51,55,149
0,-1,51,55,149
0,-1,56,45,149
0,-1,1,41,149
0,-1,135,41,149
0,-1,62,39,125
0,-1,144,59,125
0,-1,64,59,125
0,-1,64,59,125
0,-1,102,52,125
0,-1,7,52,125
0,-1,7,52,125
0,-1,74,46,72
0,-1,60,42,72
0,-1,6,42,72
0,-1,56,44,67
0,-1,49,41,67
0,-1,41,41,67
0,-1,41,41,67
0,-1,3,42,67
0,-1,3,42,67
0,-1,14,44,43
0,-1,13,40,42
0,-1,11,41,42
0,-1,10,41,43
0,-1,10,41,43
0,-1,7,43,43
0,-1,39,43,43
0,-1,6,37,42
0,-1,6,41,42
0,-1,6,41,42
0,-1,6,41,42
0,-1,6,38,46
0,-1,5,42,46
0,-1,5,42,46
0,-1,6,35,46
0,-1,6,39,46
0,-1,43,39,46
0,-1,5,39,47
0,-1,5,37,47
0,-1,5,37,47
0,-1,5,37,47
0,-1,5,37,45
0,-1,5,38,45
0,-1,5,38,45
0,-1,4,40,46
0,-1,5,35,46
0,-1,0,35,46
0,-1,5,40,46
0,-1,5,40,46
0,-1,5,40,46
0,-1,5,43,44
0,-1,5,40,44
0,-1,5,40,44
0,-1,4,43,44
0,-1,3,41,44
0,-1,0,41,44
0,-1,5,40,42
0,-1,4,44,42
0,-1,4,44,42
0,-1,5,37,46
0,-1,5,41,46
0,-1,5,41,46
0,-1,5,37,47
0,-1,5,38,47
0,-1,43,38,47
0,-1,5,40,48
0,-1,5,36,48
0,-1,5,36,48
0,-1,5,36,48
0,-1,5,40,46
0,-1,5,36,46
0,-1,5,36,46
0,-1,6,39,46
0,-1,38,39,46
0,-1,4,42,51
0,-1,3,40,51
0,-1,3,40,51
0,-1,3,40,51
0,-1,4,42,46
0,-1,5,38,46
0,-1,5,38,46
0,-1,5,41,46
0,-1,5,43,46
0,-1,39,43,46
0,-1,6,38,45
0,-1,6,43,45
0,-1,6,43,45
0,-1,5,36,44
0,-1,6,39,44
0,-1,3,39,44
0,-1,5,40,46
0,-1,5,36,46
0,-1,41,36,46
0,-1,6,39,41
0,-1,5,38,41
0,-1,5,38,41
0,-1,4,42,44
0,-1,4,40,44
0,-1,5,40,44
0,-1,4,43,48
0,-1,4,39,48
0,-1,40,39,48
0,-1,40,39,48
0,-1,3,43,48
0,-1,4,39,48
0,-1,4,39,48
0,-1,4,41,44
0,-1,4,41,44
0,-1,1,41,44
0,-1,4,36,40
0,-1,4,39,40
0,-1,43,39,40
0,-1,43,39,40
0,-1,7,36,44
0,-1,22,43,44
0,-1,22,43,44
1,4.0,32,43,44
0,-1,32,43,44
0,-1,32,43,44
0,-1,54,45,44
0,-1,2,43,44
0,-1,2,43,44
0,-1,39,46,148
0,-1,40,44,148
0,-1,42,44,148
0,-1,38,51,148
0,-1,38,51,148
0,-1,7,46,148
0,-1,7,46,148
0,-1,172,46,94
0,-1,165,48,94
0,-1,44,48,94
0,-1,44,48,94
0,-1,108,43,94
0,-1,108,43,94
0,-1,100,37,70
0,-1,83,35,70
0,-1,0,35,70
0,-1,47,37,58
0,-1,42,35,58
0,-1,42,35,58
0,-1,42,35,58
0,-1,24,39,58
0,-1,0,35,58
0,-1,0,35,58
0,-1,14,42,45
0,-1,13,38,45
0,-1,39,38,45
0,-1,11,40,42
0,-1,8,42,42
0,-1,39,42,42
0,-1,39,42,42
0,-1,7,41,42
0,-1,7,40,42
0,-1,7,35,41
0,-1,7,39,41
0,-1,2,39,41
0,-1,8,39,41
0,-1,7,37,41
0,-1,7,37,41
0,-1,7,37,41
0,-1,6,39,41
0,-1,7,38,41
0,-1,7,38,41
0,-1,5,40,44
0,-1,5,36,44
0,-1,9,36,44
0,-1,6,40,44
0,-1,6,40,44
0,-1,6,40,44
0,-1,5,43,43
0,-1,6,39,43
0,-1,6,39,43
0,-1,6,42,42
0,-1,5,42,42
0,-1,9,42,42
0,-1,7,38,45
0,-1,7,42,45
0,-1,7,42,45
0,-1,7,35,45
0,-1,7,39,45
0,-1,7,39,45
0,-1,6,37,43
0,-1,7,36,43
0,-1,0,36,43
0,-1,6,39,46
0,-1,6,35,46
0,-1,6,35,46
0,-1,7,39,48
0,-1,7,39,48
0,-1,7,39,48
0,-1,6,42,48
0,-1,7,38,48
0,-1,38,38,48
0,-1,6,41,43
0,-1,6,41,43
0,-1,6,41,43
0,-1,6,39,42
0,-1,6,42,42
0,-1,6,42,42
0,-1,6,35,38
0,-1,6,39,38
0,-1,43,39,38
0,-1,6,39,41
0,-1,6,36,41
1,4.0,6,36,41
0,-1,6,36,41
0,-1,16,39,41
0,-1,41,39,41
0,-1,40,46,93
0,-1,43,45,93
0,-1,43,45,93
0,-1,43,45,93
0,-1,52,44,93
0,-1,5,44,93
0,-1,5,44,93
0,-1,54,54,93
0,-1,54,54,93
0,-1,54,54,93
0,-1,63,43,123
0,-1,51,46,123
0,-1,51,46,123
0,-1,97,42,99
0,-1,96,48,99
0,-1,96,48,99
0,-1,96,48,99
0,-1,103,44,99
0,-1,103,44,99
0,-1,60,44,68
0,-1,50,38,68
0,-1,42,38,68
0,-1,32,39,57
0,-1,27,40,57
0,-1,27,40,57
0,-1,27,40,57
0,-1,15,39,47
0,-1,13,38,47
0,-1,13,38,47
0,-1,8,41,47
0,-1,8,40,47
0,-1,6,40,47
0,-1,7,42,47
0,-1,7,42,47
0,-1,7,42,47
0,-1,7,40,39
0,-1,5,43,39
0,-1,5,43,39
0,-1,7,37,39
0,-1,7,41,39
0,-1,1,41,39
0,-1,7,36,40
0,-1,7,38,40
0,-1,42,38,40
0,-1,42,38,40
0,-1,7,35,40
0,-1,7,35,40
0,-1,7,39,38
0,-1,7,38,38
0,-1,7,38,38
0,-1,5,41,38
0,-1,6,39,38
0,-1,6,39,38
0,-1,6,39,38
0,-1,7,39,42
0,-1,6,40,42
0,-1,6,40,42
0,-1,5,43,42
0,-1,5,38,42
0,-1,9,38,42
0,-1,9,38,42
0,-1,6,41,43
0,-1,5,42,43
0,-1,5,42,43
0,-1,5,42,43
0,-1,5,43,43
0,-1,5,43,43
0,-1,6,36,38
0,-1,7,40,38
0,-1,4,40,38
0,-1,6,39,40
0,-1,6,37,40
0,-1,6,37,40
0,-1,6,37,40
0,-1,6,38,43
0,-1,7,39,43
0,-1,7,39,43
0,-1,6,41,42
0,-1,7,36,42
0,-1,0,36,42
0,-1,7,39,42
0,-1,6,39,42
0,-1,37,39,42
0,-1,6,43,42
0,-1,7,40,42
0,-1,7,40,42
0,-1,6,42,42
0,-1,6,41,42
0,-1,1,41,42
0,-1,7,40,42
0,-1,7,40,42
0,-1,7,40,42
0,-1,7,37,41
0,-1,7,41,41
0,-1,7,41,41
0,-1,7,37,41
0,-1,38,37,41
0,-1,2,37,41
0,-1,7,40,41
0,-1,7,40,41
0,-1,7,40,41
0,-1,7,39,42
0,-1,6,40,42
0,-1,6,40,42
0,-1,5,43,42
0,-1,7,39,42
0,-1,37,39,42
0,-1,6,42,44
0,-1,5,41,44
0,-1,5,41,44
0,-1,7,39,43
0,-1,5,43,43
0,-1,5,43,43
1,4.0,15,36,44
0,-1,14,41,44
0,-1,14,41,44
0,-1,14,41,44
0,-1,78,37,81
0,-1,105,46,81
0,-1,1,46,81
0,-1,1,46,81
0,-1,80,46,81
0,-1,80,46,81
0,-1,80,46,81
0,-1,112,44,81
0,-1,2,46,81
0,-1,127,46,119
0,-1,142,48,119
0,-1,142,48,119
0,-1,142,48,119
0,-1,198,51,119
0,-1,18,49,119
0,-1,7,49,119
0,-1,133,50,133
0,-1,187,45,133
0,-1,187,45,133
0,-1,187,45,133
0,-1,80,48,133
0,-1,80,48,133
0,-1,165,39,90
0,-1,162,41,90
0,-1,42,41,90
0,-1,42,41,90
0,-1,76,38,90
0,-1,76,38,90
0,-1,76,38,90
0,-1,52,35,90
0,-1,9,35,90
0,-1,31,39,46
0,-1,26,40,46
0,-1,36,40,46
0,-1,36,40,46
0,-1,16,39,46
0,-1,4,38,46
0,-1,4,38,46
0,-1,10,42,43
0,-1,10,40,43
0,-1,9,38,40
0,-1,8,43,40
0,-1,40,43,40
0,-1,8,36,36
0,-1,8,40,36
0,-1,8,40,36
0,-1,7,39,40
0,-1,7,37,40
0,-1,1,37,40
0,-1,1,37,40
0,-1,6,36,40
0,-1,38,36,40
0,-1,38,36,40
0,-1,7,40,37
0,-1,7,35,37
0,-1,7,35,37
0,-1,7,39,36
0,-1,7,39,36
0,-1,7,39,36
0,-1,8,41,37
0,-1,6,42,37
0,-1,6,42,37
0,-1,6,42,37
0,-1,6,42,37
0,-1,6,42,37
0,-1,7,35,38
0,-1,7,39,38
0,-1,3,39,38
0,-1,6,39,38
0,-1,7,36,38
0,-1,7,36,38
0,-1,7,36,38
0,-1,6,37,38
0,-1,7,38,38
0,-1,6,41,40
0,-1,6,40,40
0,-1,36,40,40
0,-1,6,43,40
0,-1,7,39,39
0,-1,6,39,39
0,-1,6,39,39
0,-1,6,42,45
0,-1,6,39,45
0,-1,6,39,45
0,-1,7,42,45
0,-1,6,41,45
0,-1,0,41,45
0,-1,8,39,45
0,-1,8,39,45
0,-1,8,39,45
0,-1,7,36,64
0,-1,7,40,64
1,4.0,7,40,64
0,-1,10,39,59
0,-1,13,38,59
0,-1,13,38,59
0,-1,13,38,59
0,-1,32,40,59
0,-1,8,44,59
0,-1,8,44,59
0,-1,45,50,124
0,-1,48,44,124
0,-1,49,44,124
0,-1,49,44,124
0,-1,37,45,124
0,-1,37,45,124
0,-1,37,45,124
0,-1,33,43,124
0,-1,27,43,124
0,-1,27,43,124
0,-1,27,43,124
0,-1,27,43,124
0,-1,27,43,124
0,-1,46,44,77
0,-1,37,43,77
0,-1,37,43,77
0,-1,37,43,77
0,-1,19,44,77
0,-1,41,44,77
0,-1,14,37,47
0,-1,13,41,47
0,-1,13,41,47
0,-1,13,41,47
0,-1,10,37,40
0,-1,9,42,40
0,-1,9,42,40
0,-1,7,36,39
0,-1,8,39,39
0,-1,3,39,39
0,-1,6,40,43
0,-1,7,36,43
0,-1,40,36,43
0,-1,6,39,44
0,-1,6,39,44
0,-1,6,39,44
0,-1,6,39,44
0,-1,7,39,43
0,-1,7,36,43
0,-1,6,43,43
0,-1,6,40,43
0,-1,40,40,43
0,-1,40,40,43
0,-1,6,43,46
0,-1,6,39,46
0,-1,6,39,46
0,-1,8,40,56
0,-1,7,41,56
0,-1,9,41,56
0,-1,8,38,48
0,-1,7,42,48
0,-1,41,42,48
0,-1,7,35,44
0,-1,7,40,44
0,-1,7,40,44
0,-1,7,39,44
0,-1,7,36,44
0,-1,0,36,44
0,-1,6,39,44
0,-1,7,37,44
0,-1,37,37,44
0,-1,37,37,44
0,-1,7,40,42
0,-1,8,36,42
0,-1,8,36,42
0,-1,6,39,42
0,-1,0,39,42
0,-1,7,39,42
0,-1,5,42,46
0,-1,6,39,46
0,-1,37,39,46
0,-1,6,42,49
0,-1,5,41,49
0,-1,5,41,49
0,-1,7,39,47
0,-1,6,42,47
0,-1,9,42,47
0,-1,7,36,40
0,-1,7,40,40
0,-1,42,40,40
0,-1,42,40,40
0,-1,7,38,49
0,-1,7,42,49
0,-1,7,42,49
0,-1,7,42,49
0,-1,6,36,50
0,-1,6,39,50
0,-1,5,40,49
0,-1,6,40,49
0,-1,35,40,49
1,4.0,35,40,49
0,-1,6,39,66
0,-1,18,41,66
0,-1,18,41,66
0,-1,39,44,66
0,-1,39,44,66
0,-1,39,44,66
0,-1,42,44,105
0,-1,41,44,105
0,-1,41,44,105
0,-1,55,41,137
0,-1,48,44,137
0,-1,41,44,137
0,-1,0,44,137
0,-1,0,44,137
0,-1,77,45,137
0,-1,77,45,137
0,-1,77,45,137
0,-1,71,45,94
0,-1,128,58,94
0,-1,53,58,94
0,-1,190,48,96
0,-1,173,51,96
0,-1,173,51,96
0,-1,173,51,96
0,-1,182,52,72
0,-1,147,45,72
0,-1,7,45,72
0,-1,84,46,63
0,-1,87,45,63
0,-1,41,45,63
0,-1,55,46,48
0,-1,46,41,48
0,-1,46,41,48
0,-1,46,41,48
0,-1,22,44,45
0,-1,20,41,45
0,-1,20,41,45
0,-1,14,43,42
0,-1,12,42,42
0,-1,12,42,42
0,-1,10,40,42
0,-1,10,40,42
0,-1,10,40,42
0,-1,8,35,44
0,-1,8,40,44
0,-1,8,40,44
0,-1,7,37,41
0,-1,8,37,41
0,-1,1,37,41
0,-1,6,40,40
0,-1,6,36,40
0,-1,6,36,40
0,-1,6,36,40
0,-1,6,40,40
0,-1,6,40,40
0,-1,6,43,42
0,-1,7,38,42
0,-1,38,38,42
0,-1,7,41,40
0,-1,6,42,40
0,-1,6,42,40
0,-1,6,42,40
0,-1,7,42,44
0,-1,6,40,44
0,-1,6,40,44
0,-1,8,40,44
0,-1,6,43,44
0,-1,8,43,44
0,-1,8,37,44
0,-1,8,37,44
0,-1,8,37,44
0,-1,8,37,44
0,-1,7,38,44
0,-1,7,38,44
0,-1,6,40,44
0,-1,7,35,44
0,-1,39,35,44
0,-1,6,39,45
0,-1,6,39,45
0,-1,6,39,45
0,-1,6,39,45
0,-1,7,40,45
0,-1,7,40,45
0,-1,7,40,45
0,-1,7,41,45
0,-1,41,41,45
0,-1,8,40,45
0,-1,6,44,45
0,-1,6,44,45
0,-1,6,44,45
0,-1,7,41,45
0,-1,2,41,45
0,-1,6,38,46
0,-1,7,38,46
0,-1,42,38,46
1,4.0,5,40,45
0,-1,6,36,45
0,-1,6,36,45
0,-1,6,36,45
0,-1,24,37,83
0,-1,23,32,83
0,-1,34,32,83
0,-1,34,32,83
0,-1,43,37,83
0,-1,43,37,83
0,-1,43,37,83
0,-1,41,40,123
0,-1,55,36,123
0,-1,8,36,123
0,-1,36,40,130
0,-1,33,38,130
0,-1,33,38,130
0,-1,33,38,130
0,-1,112,45,130
0,-1,112,45,130
0,-1,59,44,73
0,-1,53,48,73
0,-1,42,48,73
0,-1,38,39,58
0,-1,32,43,58
0,-1,6,43,58
0,-1,6,43,58
0,-1,18,39,58
0,-1,2,39,58
0,-1,13,40,44
0,-1,12,36,44
0,-1,12,36,44
0,-1,12,36,44
0,-1,8,40,44
0,-1,8,40,44
0,-1,6,43,44
0,-1,7,39,44
0,-1,8,39,44
0,-1,7,41,42
0,-1,6,41,42
0,-1,40,41,42
0,-1,40,41,42
0,-1,7,43,44
0,-1,8,40,44
0,-1,8,40,44
0,-1,9,40,42
0,-1,6,43,42
0,-1,6,38,42
0,-1,7,37,42
0,-1,41,37,42
0,-1,41,37,42
0,-1,7,35,40
0,-1,7,38,40
0,-1,7,38,40
0,-1,6,39,43
0,-1,7,35,43
0,-1,9,35,43
0,-1,6,39,38
0,-1,6,38,38
0,-1,36,38,38
0,-1,5,41,38
0,-1,6,39,38
0,-1,6,39,38
0,-1,6,42,43
0,-1,5,40,43
0,-1,0,40,43
0,-1,6,39,46
0,-1,5,42,46
0,-1,38,42,46
0,-1,38,42,46
0,-1,6,40,41
0,-1,5,41,41
0,-1,5,41,41
0,-1,6,37,41
0,-1,6,41,41
0,-1,6,41,41
0,-1,7,35,39
0,-1,7,39,39
0,-1,7,39,39
0,-1,5,38,44
0,-1,7,36,44
0,-1,7,36,44
0,-1,7,38,39
0,-1,7,36,39
0,-1,7,36,39
0,-1,6,40,44
0,-1,7,40,44
0,-1,34,40,44
0,-1,34,40,44
0,-1,6,38,47
0,-1,6,39,47
0,-1,6,39,47
0,-1,6,42,47
0,-1,9,42,47
0,-1,7,37,43
0,-1,6,42,43
0,-1,40,42,43
0,-1,40,42,43
0,-1,40,42,43
0,-1,7,39,44
1,4.0,6,43,44
0,-1,6,43,44
0,-1,13,38,45
0,-1,19,41,45
0,-1,42,41,45
0,-1,25,42,82
0,-1,31,44,82
0,-1,31,44,82
0,-1,31,44,82
0,-1,44,47,105
0,-1,44,44,105
0,-1,6,44,105
0,-1,41,39,105
0,-1,41,39,105
0,-1,41,39,105
0,-1,47,44,148
0,-1,41,43,148
0,-1,41,43,148
0,-1,41,43,148
0,-1,93,40,148
0,-1,40,40,148
0,-1,40,40,148
0,-1,119,52,148
0,-1,4,52,148
0,-1,70,48,63
0,-1,58,49,63
0,-1,48,49,63
0,-1,44,39,59
0,-1,42,42,59
0,-1,42,42,59
0,-1,42,42,59
0,-1,21,36,46
0,-1,18,40,46
0,-1,18,40,46
0,-1,12,39,49
0,-1,12,37,49
0,-1,41,57,49
0,-1,41,57,49
0,-1,9,39,49
0,-1,9,39,49
0,-1,9,39,49
0,-1,7,39,47
0,-1,7,39,47
0,-1,7,39,47
0,-1,6,42,46
0,-1,6,38,46
0,-1,7,36,42
0,-1,6,40,42
0,-1,6,40,42
0,-1,6,40,42
0,-1,6,37,42
0,-1,6,41,42
0,-1,6,41,42
0,-1,7,35,39
0,-1,7,39,39
0,-1,2,39,39
0,-1,6,38,43
0,-1,7,35,43
0,-1,7,35,43
0,-1,7,35,43
0,-1,6,37,40
0,-1,7,37,40
0,-1,5,40,39
0,-1,5,40,39
0,-1,35,40,39
0,-1,5,43,40
0,-1,5,39,40
0,-1,5,39,40
0,-1,5,39,40
0,-1,5,42,40
0,-1,6,39,40
0,-1,6,39,40
0,-1,7,37,36
0,-1,6,41,36
0,-1,41,41,36
0,-1,6,35,41
0,-1,7,38,41
0,-1,7,38,41
0,-1,7,38,41
0,-1,6,35,41
0,-1,5,40,41
0,-1,6,39,39
0,-1,5,37,41
0,-1,7,37,41
0,-1,7,37,41
0,-1,5,39,42
0,-1,5,35,42
0,-1,5,35,42
0,-1,5,39,45
0,-1,6,39,45
1,4.0,6,35,45
0,-1,6,35,45
0,-1,7,37,49
0,-1,11,38,49
0,-1,37,38,49
0,-1,27,41,64
0,-1,32,39,64
0,-1,1,36,64
0,-1,28,43,102
0,-1,31,44,102
0,-1,43,44,102
0,-1,43,44,102
0,-1,44,53,102
0,-1,44,53,102
0,-1,44,53,102
0,-1,36,46,147
0,-1,31,48,147
0,-1,5,48,147
0,-1,110,46,147
0,-1,110,46,147
0,-1,110,46,147
0,-1,121,48,96
0,-1,139,46,96
0,-1,47,46,96
0,-1,116,44,88
0,-1,101,38,88
0,-1,40,38,88
0,-1,40,38,88
0,-1,60,43,88
0,-1,1,38,88
0,-1,1,38,88
0,-1,29,39,57
0,-1,24,41,57
0,-1,18,42,48
0,-1,15,42,48
0,-1,15,42,48
0,-1,15,42,48
0,-1,10,41,43
0,-1,9,40,43
0,-1,9,40,43
0,-1,9,38,42
0,-1,7,42,42
0,-1,7,42,42
0,-1,7,34,37
0,-1,7,39,37
0,-1,41,39,37
0,-1,7,36,41
0,-1,7,37,41
0,-1,7,37,41
0,-1,7,37,41
0,-1,7,35,41
0,-1,8,35,41
0,-1,6,38,47
0,-1,6,38,47
0,-1,35,38,47
0,-1,35,38,47
0,-1,7,38,44
0,-1,7,36,44
0,-1,7,36,44
0,-1,6,39,47
0,-1,7,38,47
0,-1,7,38,47
0,-1,6,42,46
0,-1,6,38,46
0,-1,38,38,46
0,-1,7,39,46
0,-1,5,41,46
0,-1,5,41,46
0,-1,7,35,36
0,-1,7,40,36
0,-1,0,40,36
0,-1,5,34,40
0,-1,6,37,40
0,-1,41,37,40
0,-1,41,37,40
0,-1,5,34,40
0,-1,5,34,40
0,-1,5,34,40
0,-1,6,37,40
0,-1,6,37,40
0,-1,5,40,50
0,-1,6,39,50
0,-1,36,39,50
0,-1,36,39,50
0,-1,5,39,44
0,-1,5,39,44
0,-1,5,39,44
0,-1,5,42,44
0,-1,7,42,44
0,-1,7,36,39
0,-1,6,40,39
0,-1,6,40,39
0,-1,6,40,39
0,-1,7,38,39
0,-1,7,38,39
0,-1,7,38,39
0,-1,7,34,39
0,-1,8,34,39
0,-1,7,38,38
0,-1,6,38,38
0,-1,6,38,38
0,-1,6,38,38
1,4.0,7,39,41
0,-1,7,35,41
0,-1,7,35,41
0,-1,10,39,44
0,-1,16,39,44
0,-1,36,39,44
0,-1,36,39,44
0,-1,35,38,44
0,-1,5,39,44
0,-1,34,37,109
0,-1,39,42,109
0,-1,37,42,109
0,-1,37,42,109
0,-1,37,40,109
0,-1,0,46,109
0,-1,31,43,120
0,-1,40,46,120
0,-1,7,46,120
0,-1,7,46,120
0,-1,52,39,120
0,-1,52,39,120
0,-1,52,39,120
0,-1,75,46,120
0,-1,9,46,120
0,-1,54,45,94
0,-1,45,39,94
0,-1,45,39,94
0,-1,45,39,94
0,-1,45,39,94
0,-1,24,42,94
0,-1,2,38,94
0,-1,2,38,94
0,-1,16,41,58
0,-1,13,40,58
0,-1,9,40,58
0,-1,10,38,51
0,-1,9,42,51
0,-1,39,42,51
0,-1,9,35,42
0,-1,9,39,42
0,-1,9,39,42
0,-1,7,37,43
0,-1,8,37,43
0,-1,0,37,43
0,-1,7,38,41
0,-1,8,35,41
0,-1,37,35,41
0,-1,37,35,41
0,-1,6,39,42
0,-1,7,35,42
0,-1,7,35,42
0,-1,7,38,40
0,-1,7,37,40
0,-1,7,37,40
0,-1,6,40,40
0,-1,38,40,40
0,-1,38,40,40
0,-1,7,40,38
0,-1,7,38,38
0,-1,7,38,38
0,-1,7,39,41
0,-1,6,41,41
0,-1,7,41,41
0,-1,8,36,37
0,-1,8,40,37
0,-1,41,40,37
0,-1,8,35,42
0,-1,8,37,42
0,-1,8,37,42
0,-1,8,37,42
0,-1,8,34,39
0,-1,8,38,39
0,-1,8,38,39
0,-1,7,37,39
0,-1,36,37,39
0,-1,36,37,39
0,-1,7,38,38
0,-1,7,36,38
0,-1,7,36,38
0,-1,6,39,39
0,-1,7,40,39
0,-1,5,40,39
0,-1,6,42,43
0,-1,6,38,43
0,-1,6,38,43
0,-1,7,40,44
0,-1,6,41,44
0,-1,6,41,44
0,-1,8,37,38
0,-1,8,42,38
0,-1,0,42,38
0,-1,7,34,38
0,-1,8,39,38
0,-1,42,39,38
0,-1,7,38,40
0,-1,8,35,40
0,-1,8,35,40
0,-1,8,38,40
0,-1,8,36,40
0,-1,7,36,40
0,-1,8,39,43
0,-1,8,39,43
0,-1,34,39,43
0,-1,34,39,43
0,-1,8,38,43
0,-1,8,38,43
0,-1,8,41,43
0,-1,6,41,43
0,-1,9,41,43
0,-1,8,38,43
