0,-1,119,147,3
0,-1,123,158,3
0,-1,66,158,3
0,-1,66,158,3
0,-1,117,153,3
0,-1,115,149,3
0,-1,115,149,3
0,-1,115,149,3
0,-1,116,154,2
0,-1,116,149,2
0,-1,18,1149,2
0,-1,50,1149,2
0,-1,123,161,1
0,-1,117,156,1
0,-1,117,156,1
0,-1,117,156,1
0,-1,122,155,1
0,-1,16,155,1
0,-1,4,155,1
0,-1,118,165,1
0,-1,118,165,1
0,-1,118,165,1
0,-1,117,156,4
0,-1,117,164,4
0,-1,3,151,4
0,-1,115,148,4
0,-1,118,159,4
0,-1,162,159,4
0,-1,113,147,4
0,-1,114,151,4
0,-1,114,151,4
0,-1,114,151,4
0,-1,111,144,4
0,-1,15,153,4
0,-1,64,153,4
0,-1,114,157,4
0,-1,114,157,4
0,-1,114,157,4
0,-1,118,152,4
0,-1,17,155,4
0,-1,47,155,4
0,-1,119,165,2
0,-1,116,153,2
0,-1,116,153,2
0,-1,116,153,2
0,-1,117,160,2
0,-1,19,164,2
0,-1,6,164,2
0,-1,118,153,3
0,-1,118,164,3
0,-1,160,164,3
0,-1,115,146,4
0,-1,119,155,4
0,-1,9,167,4
0,-1,9,167,4
0,-1,116,158,2
0,-1,116,147,2
0,-1,157,147,2
0,-1,117,154,4
0,-1,115,154,4
0,-1,115,154,4
0,-1,115,154,4
0,-1,115,153,4
0,-1,14,150,4
0,-1,50,150,4
0,-1,121,162,3
0,-1,116,156,3
0,-1,116,156,3
0,-1,116,156,3
0,-1,118,160,3
0,-1,7,160,3
0,-1,5,160,3
0,-1,116,166,3
0,-1,154,166,3
0,-1,154,166,3
0,-1,114,157,3
0,-1,6,166,3
0,-1,4,166,3
0,-1,115,149,7
0,-1,120,161,7
0,-1,65,161,7
0,-1,65,161,7
0,-1,114,152,7
0,-1,114,152,7
0,-1,114,152,7
0,-1,115,148,7
0,-1,16,154,7
0,-1,65,154,7
0,-1,113,158,8
0,-1,112,146,8
0,-1,112,146,8
0,-1,112,146,8
0,-1,12,158,8
0,-1,8,147,8
0,-1,113,168,7
0,-1,111,154,7
0,-1,155,154,7
0,-1,155,154,7
0,-1,115,166,7
0,-1,3,156,7
0,-1,2,156,7
0,-1,115,164,7
0,-1,119,164,7
0,-1,113,148,6
0,-1,116,155,6
0,-1,7,167,6
0,-1,7,167,6
0,-1,116,146,12
0,-1,118,156,12
0,-1,65,156,12
0,-1,65,156,12
0,-1,135,153,12
0,-1,135,153,12
1,1.0,135,153,12
0,-1,156,221,12
0,-1,756,221,12
0,-1,756,221,12
0,-1,151,212,12
0,-1,7,199,12
0,-1,7,199,12
0,-1,161,216,56
0,-1,154,216,56
0,-1,454,216,56
0,-1,454,216,56
0,-1,139,180,56
0,-1,6,186,56
0,-1,6,186,56
0,-1,131,161,18
0,-1,132,165,18
0,-1,75,165,18
0,-1,75,165,18
0,-1,122,151,18
0,-1,122,151,18
0,-1,122,151,18
0,-1,119,160,18
0,-1,18,148,18
0,-1,58,748,18
0,-1,122,168,5
0,-1,121,155,5
0,-1,121,155,5
0,-1,121,155,5
0,-1,123,167,5
0,-1,20,155,5
0,-1,3,155,5
0,-1,124,164,4
0,-1,124,167,4
0,-1,159,167,4
0,-1,159,167,4
0,-1,121,167,4
0,-1,5,163,4
0,-1,116,148,12
0,-1,120,158,12
0,-1,169,158,12
0,-1,169,158,12
0,-1,117,161,9
0,-1,115,150,9
0,-1,7,167,9
0,-1,7,167,9
0,-1,133,159,15
0,-1,125,151,15
0,-1,79,151,15
1,1.0,79,151,15
0,-1,134,176,15
0,-1,134,176,15
0,-1,134,176,15
0,-1,174,205,15
0,-1,70,191,15
0,-1,84,191,15
0,-1,153,195,54
0,-1,146,195,54
0,-1,146,195,54
0,-1,146,195,54
0,-1,141,191,54
0,-1,41,1191,54
0,-1,82,1191,54
0,-1,76,1191,54
0,-1,131,169,22
0,-1,128,178,22
0,-1,128,178,22
0,-1,128,178,22
0,-1,122,154,22
0,-1,25,164,22
0,-1,75,164,22
0,-1,121,163,10
0,-1,119,154,10
0,-1,119,154,10
0,-1,119,154,10
0,-1,120,158,10
0,-1,19,154,10
0,-1,6,154,10
0,-1,122,169,7
0,-1,117,159,7
0,-1,152,159,7
0,-1,152,159,7
0,-1,123,165,7
0,-1,7,161,7
0,-1,9,161,7
0,-1,119,170,6
0,-1,122,161,6
0,-1,162,161,6
0,-1,120,161,5
0,-1,119,172,5
0,-1,119,172,5
0,-1,119,172,5
0,-1,122,163,5
0,-1,21,171,5
0,-1,58,171,5
0,-1,58,171,5
0,-1,119,153,11
0,-1,120,165,11
0,-1,120,165,11
0,-1,120,165,11
0,-1,20,155,11
0,-1,22,155,11
0,-1,66,155,11
0,-1,119,160,8
0,-1,118,150,8
0,-1,118,150,8
0,-1,118,150,8
0,-1,117,163,8
0,-1,5,151,8
0,-1,2,151,8
0,-1,119,162,8
0,-1,116,165,8
0,-1,154,165,8
0,-1,154,165,8
0,-1,117,161,8
0,-1,7,161,8
0,-1,7,161,8
1,1.0,123,171,10
0,-1,123,160,10
0,-1,35,157,10
0,-1,35,157,10
0,-1,189,187,10
0,-1,189,187,10
0,-1,189,187,10
0,-1,189,187,10
0,-1,204,240,10
0,-1,16,243,10
0,-1,7,243,10
0,-1,187,235,53
0,-1,184,221,53
0,-1,208,221,53
0,-1,208,221,53
0,-1,157,191,53
0,-1,52,200,53
0,-1,6,200,53
0,-1,135,169,30
0,-1,137,176,30
0,-1,183,176,30
0,-1,183,176,30
0,-1,127,158,30
0,-1,8,168,30
0,-1,124,161,13
0,-1,122,159,13
0,-1,156,159,13
0,-1,156,159,13
0,-1,118,162,13
0,-1,7,154,13
0,-1,8,154,13
0,-1,125,167,8
0,-1,117,163,8
0,-1,52,163,8
0,-1,120,172,8
0,-1,122,163,8
0,-1,122,163,8
0,-1,122,163,8
0,-1,120,173,8
0,-1,61,173,8
0,-1,117,154,7
0,-1,121,166,7
0,-1,121,166,7
0,-1,121,166,7
0,-1,118,157,7
0,-1,20,169,7
0,-1,1,169,7
0,-1,117,154,7
0,-1,117,154,7
0,-1,117,154,7
0,-1,117,163,7
0,-1,6,152,7
0,-1,1,152,7
1,1.0,119,170,9
0,-1,112,192,9
0,-1,210,192,9
0,-1,210,192,9
0,-1,131,264,9
0,-1,2,262,9
0,-1,2,262,9
0,-1,178,236,52
0,-1,166,220,52
0,-1,15,220,52
0,-1,15,220,52
0,-1,0,194,52
0,-1,0,194,52
0,-1,143,174,43
0,-1,143,181,43
0,-1,80,181,43
0,-1,80,181,43
0,-1,3,164,43
0,-1,3,164,43
0,-1,126,168,12
0,-1,124,156,12
0,-1,63,156,12
0,-1,129,167,8
0,-1,124,168,8
0,-1,124,168,8
0,-1,124,168,8
0,-1,124,164,8
0,-1,21,166,8
0,-1,57,766,8
0,-1,122,168,8
0,-1,122,176,8
0,-1,122,176,8
0,-1,122,176,8
0,-1,123,169,8
0,-1,24,173,8
0,-1,63,173,8
0,-1,118,160,8
0,-1,122,171,8
0,-1,122,171,8
0,-1,122,171,8
0,-1,120,162,8
0,-1,1,174,8
0,-1,118,167,9
0,-1,118,154,9
0,-1,164,154,9
0,-1,164,154,9
0,-1,118,167,9
0,-1,8,156,9
0,-1,8,156,9
0,-1,120,164,21
0,-1,118,165,21
1,1.0,157,165,21
0,-1,157,165,21
0,-1,132,165,21
0,-1,3,175,21
0,-1,3,175,21
0,-1,148,197,67
0,-1,154,192,67
0,-1,81,192,67
0,-1,175,211,67
0,-1,5,214,67
0,-1,5,214,67
0,-1,156,193,57
0,-1,147,203,57
0,-1,94,203,57
0,-1,94,203,57
0,-1,94,203,57
0,-1,7,174,57
0,-1,7,174,57
0,-1,7,174,57
0,-1,127,159,57
0,-1,70,159,57
0,-1,70,159,57
0,-1,70,159,57
0,-1,70,159,57
0,-1,70,159,57
0,-1,123,164,57
0,-1,23,165,57
0,-1,59,165,57
0,-1,127,176,10
0,-1,124,165,10
0,-1,124,165,10
0,-1,124,165,10
0,-1,129,175,10
0,-1,23,168,10
0,-1,9,168,10
0,-1,9,168,10
0,-1,125,176,10
0,-1,125,176,10
0,-1,125,176,10
0,-1,125,167,10
0,-1,5,179,10
0,-1,8,179,10
0,-1,123,158,7
0,-1,126,170,7
0,-1,180,170,7
0,-1,180,170,7
0,-1,123,160,7
0,-1,2,160,7
0,-1,122,166,13
0,-1,122,162,13
0,-1,162,162,13
0,-1,162,162,13
0,-1,121,167,13
0,-1,1,160,13
0,-1,1,160,13
0,-1,126,174,13
0,-1,21,171,13
0,-1,121,174,11
1,1.0,111,207,11
0,-1,111,207,11
0,-1,111,207,11
0,-1,143,220,52
0,-1,135,257,52
0,-1,23,257,52
0,-1,6,257,52
0,-1,156,202,69
0,-1,152,209,69
0,-1,152,209,69
0,-1,140,182,69
0,-1,34,183,69
0,-1,4,190,69
0,-1,141,180,43
0,-1,137,176,43
0,-1,137,176,43
0,-1,137,176,43
0,-1,129,165,43
0,-1,30,167,43
0,-1,9,167,43
0,-1,121,172,16
0,-1,122,160,16
0,-1,167,160,16
0,-1,127,171,16
0,-1,21,169,16
0,-1,6,169,16
0,-1,123,178,9
0,-1,125,167,9
0,-1,169,167,9
0,-1,169,167,9
0,-1,121,178,9
0,-1,1,164,9
0,-1,1,164,9
0,-1,124,170,12
0,-1,123,176,12
0,-1,923,176,12
0,-1,119,162,10
0,-1,120,160,10
0,-1,4,172,10
0,-1,4,172,10
0,-1,119,159,8
0,-1,122,163,8
0,-1,76,163,8
0,-1,119,169,7
0,-1,118,157,7
0,-1,118,157,7
0,-1,118,157,7
0,-1,117,169,7
0,-1,18,156,7
0,-1,7,156,7
0,-1,121,165,14
0,-1,12021,165,14
0,-1,12021,165,14
0,-1,158,165,14
0,-1,122,178,11
1,1.0,122,164,11
0,-1,64,164,11
0,-1,143,207,20
0,-1,139,229,20
0,-1,139,229,20
0,-1,139,229,20
0,-1,149,231,20
0,-1,46,227,20
0,-1,2,227,20
0,-1,128,200,20
0,-1,128,200,20
0,-1,128,200,20
0,-1,125,169,20
0,-1,26,174,20
0,-1,6,174,20
0,-1,124,176,23
0,-1,122,161,23
0,-1,171,161,23
0,-1,171,161,23
0,-1,124,172,23
0,-1,2,159,23
0,-1,0,159,23
0,-1,124,166,9
0,-1,121,168,9
0,-1,159,168,9
0,-1,124,179,8
0,-1,122,166,8
0,-1,122,166,8
0,-1,122,166,8
0,-1,123,174,13
0,-1,126,177,13
0,-1,68,177,13
0,-1,68,177,13
0,-1,124,176,13
0,-1,124,176,13
0,-1,124,176,13
0,-1,124,165,13
0,-1,24,178,13
0,-1,71,178,13
0,-1,120,157,8
0,-1,126,168,8
0,-1,126,168,8
0,-1,126,168,8
0,-1,124,160,8
0,-1,8,172,8
0,-1,0,172,8
0,-1,0,172,8
0,-1,124,166,13
0,-1,122,162,13
0,-1,122,162,13
0,-1,123,168,13
0,-1,3,164,13
0,-1,4,164,13
0,-1,129,178,14
0,-1,124,171,14
1,1.0,163,171,14
0,-1,163,171,14
0,-1,154,214,14
0,-1,4,207,14
0,-1,3,207,14
0,-1,163,201,79
0,-1,168,202,79
0,-1,202,202,79
0,-1,202,202,79
0,-1,197,209,79
0,-1,0,209,79
0,-1,183,204,69
0,-1,184,206,69
0,-1,214,206,69
0,-1,214,206,69
0,-1,214,206,69
0,-1,8,184,69
0,-1,8,184,69
0,-1,8,184,69
0,-1,130,166,69
0,-1,77,166,69
0,-1,77,166,69
0,-1,124,164,69
0,-1,124,164,69
0,-1,124,164,69
0,-1,120,170,69
0,-1,19,161,69
0,-1,67,161,69
0,-1,125,175,9
0,-1,120,173,9
0,-1,120,173,9
0,-1,120,173,9
0,-1,122,171,9
0,-1,19,172,9
0,-1,9,172,9
0,-1,121,180,8
0,-1,121,180,8
0,-1,121,180,8
0,-1,121,180,8
0,-1,119,171,8
0,-1,9,179,8
0,-1,5,179,8
0,-1,117,161,11
0,-1,121,173,11
0,-1,178,173,11
0,-1,116,163,11
0,-1,7,165,11
0,-1,8,165,11
0,-1,117,172,11
0,-1,117,160,11
0,-1,167,160,11
0,-1,167,160,11
0,-1,167,160,11
0,-1,7,171,11
1,1.0,5,158,11
0,-1,122,182,9
0,-1,125,171,9
0,-1,185,171,9
0,-1,185,171,9
0,-1,166,213,9
0,-1,1,209,9
0,-1,1,209,9
0,-1,153,219,64
0,-1,153,209,64
0,-1,653,209,64
0,-1,653,209,64
0,-1,142,195,64
0,-1,0,201,64
0,-1,0,201,64
0,-1,126,183,40
0,-1,128,181,40
0,-1,89,181,40
0,-1,89,181,40
0,-1,120,165,40
0,-1,120,165,40
0,-1,120,165,40
0,-1,114,173,40
0,-1,11,160,40
0,-1,68,160,40
0,-1,68,160,40
0,-1,114,171,40
0,-1,114,171,40
0,-1,118,180,40
0,-1,18,168,40
0,-1,70,168,40
0,-1,70,168,40
0,-1,119,181,40
0,-1,119,181,40
0,-1,119,181,40
0,-1,117,172,40
0,-1,20,179,40
0,-1,68,179,40
0,-1,117,163,11
0,-1,120,175,11
0,-1,120,175,11
0,-1,120,175,11
0,-1,118,165,11
0,-1,0,179,11
0,-1,7,179,11
0,-1,118,161,8
0,-1,122,170,8
0,-1,182,170,8
0,-1,182,170,8
0,-1,121,173,8
0,-1,0,160,8
0,-1,3,160,8
0,-1,126,171,7
0,-1,125,172,7
1,1.0,63,172,7
0,-1,63,172,7
0,-1,129,182,13
0,-1,130,177,13
0,-1,130,177,13
0,-1,130,177,13
0,-1,164,303,13
0,-1,93,303,13
0,-1,93,303,13
0,-1,165,285,13
0,-1,165,285,13
0,-1,165,285,13
0,-1,160,233,13
0,-1,46,225,13
0,-1,10,225,13
0,-1,10,225,13
0,-1,10,225,13
0,-1,10,225,13
0,-1,138,184,13
0,-1,33,169,13
0,-1,79,169,13
0,-1,79,169,13
0,-1,131,175,13
0,-1,131,175,13
0,-1,131,175,13
0,-1,130,170,13
0,-1,28,171,13
0,-1,64,171,13
0,-1,130,183,7
0,-1,125,170,7
0,-1,168,170,7
0,-1,168,170,7
0,-1,128,179,7
0,-1,2,171,7
0,-1,2,171,7
0,-1,2,171,7
0,-1,125,179,10
0,-1,127,174,10
0,-1,127,174,10
0,-1,125,169,10
0,-1,4,181,10
0,-1,0,181,10
0,-1,121,160,7
0,-1,126,172,7
0,-1,83,172,7
0,-1,125,171,7
0,-1,4,163,7
0,-1,4,163,7
0,-1,125,170,7
0,-1,26,167,7
0,-1,66,167,7
0,-1,133,179,8
0,-1,127,172,8
0,-1,127,172,8
0,-1,127,172,8
1,1.0,134,176,8
0,-1,27,174,8
0,-1,0,174,8
0,-1,135,183,30
0,-1,152,178,30
0,-1,199,178,30
0,-1,199,178,30
0,-1,67,227,30
0,-1,5,214,30
0,-1,180,191,59
0,-1,174,199,59
0,-1,204,199,59
0,-1,204,199,59
0,-1,154,179,59
0,-1,1,189,59
0,-1,4,189,59
0,-1,138,178,31
0,-1,136,175,31
0,-1,186,175,31
0,-1,186,175,31
0,-1,131,172,31
0,-1,1,174,31
0,-1,7,174,31
0,-1,126,179,31
0,-1,167,179,31
0,-1,167,179,31
0,-1,128,178,31
0,-1,2,176,31
0,-1,2,176,31
0,-1,126,185,9
0,-1,125,172,9
0,-1,74,172,9
0,-1,74,172,9
0,-1,124,188,9
0,-1,124,188,9
0,-1,124,188,9
0,-1,125,181,9
0,-1,86,181,9
0,-1,122,171,8
0,-1,124,170,8
0,-1,124,170,8
0,-1,124,170,8
0,-1,125,164,8
0,-1,28,171,8
0,-1,4,171,8
0,-1,124,177,11
0,-1,122,163,11
0,-1,174,163,11
0,-1,174,163,11
0,-1,124,178,11
0,-1,2,165,11
0,-1,7,165,11
0,-1,127,174,11
0,-1,126,176,11
0,-1,167,176,11
0,-1,130,187,11
0,-1,6,173,11
1,1.0,2,173,11
0,-1,133,170,13
0,-1,158,181,13
0,-1,201,181,13
0,-1,201,181,13
0,-1,158,231,13
0,-1,0,223,13
0,-1,0,223,13
0,-1,160,204,56
0,-1,149,210,56
0,-1,5,210,56
0,-1,5,210,56
0,-1,5,210,56
0,-1,6,194,56
0,-1,6,194,56
0,-1,6,194,56
0,-1,139,189,44
0,-1,137,173,44
0,-1,83,173,44
0,-1,83,173,44
0,-1,133,181,44
0,-1,133,181,44
0,-1,133,181,44
0,-1,130,177,44
0,-1,30,176,44
0,-1,69,176,44
0,-1,129,187,44
0,-1,129,187,44
0,-1,129,187,44
0,-1,129,183,44
0,-1,29,185,44
0,-1,75,185,44
0,-1,126,172,8
0,-1,127,185,8
0,-1,127,185,8
0,-1,122,165,8
0,-1,27,174,8
0,-1,88,174,8
0,-1,122,179,9
0,-1,122,166,9
0,-1,122,166,9
0,-1,122,166,9
0,-1,124,176,9
0,-1,7,176,9
0,-1,9,176,9
0,-1,126,188,7
0,-1,123,174,7
0,-1,173,174,7
0,-1,173,174,7
0,-1,129,186,7
0,-1,5,177,7
0,-1,9,177,7
0,-1,130,185,9
0,-1,133,182,9
0,-1,78,182,9
0,-1,78,182,9
0,-1,131,174,9
0,-1,3,187,9
0,-1,3,187,9
0,-1,127,165,8
0,-1,131,176,8
0,-1,87,176,8
0,-1,130,175,8
0,-1,129,167,8
0,-1,129,167,8
0,-1,132,173,8
0,-1,33,171,8
0,-1,69,171,8
0,-1,140,185,6
0,-1,135,176,7
0,-1,134,167,7
0,-1,134,167,7
0,-1,140,181,7
0,-1,3,178,7
0,-1,5,178,7
0,-1,135,187,6
0,-1,137,177,6
0,-1,178,177,6
0,-1,135,177,7
0,-1,133,188,7
0,-1,2,173,7
0,-1,2,173,7
0,-1,133,179,7
0,-1,33,186,7
0,-1,131,171,9
1,1.0,131,170,13
0,-1,133,183,13
0,-1,133,183,13
0,-1,185,183,13
0,-1,128,170,24
0,-1,121,179,24
0,-1,97,179,24
0,-1,2,179,24
0,-1,132,198,48
0,-1,131,182,48
0,-1,131,182,48
0,-1,131,182,48
0,-1,172,227,48
0,-1,56,209,48
0,-1,5,209,48
0,-1,157,198,57
0,-1,163,206,57
0,-1,198,206,57
0,-1,198,206,57
0,-1,158,193,57
0,-1,1,191,57
0,-1,147,189,32
0,-1,145,196,32
0,-1,181,196,32
0,-1,181,196,32
0,-1,139,186,32
0,-1,9,189,32
0,-1,8,189,32
0,-1,133,173,12
0,-1,134,186,12
0,-1,186,186,12
0,-1,186,186,12
0,-1,131,175,12
0,-1,1,188,12
0,-1,126,180,6
0,-1,124,167,5
0,-1,130,178,5
0,-1,91,178,5
0,-1,126,180,5
0,-1,6,167,5
0,-1,6,167,5
0,-1,127,175,5
0,-1,26,175,5
0,-1,70,175,5
0,-1,130,188,11
0,-1,125,176,11
0,-1,125,176,11
0,-1,125,176,11
0,-1,130,186,11
0,-1,22,179,11
0,-1,9,179,11
0,-1,127,187,11
0,-1,127,187,11
0,-1,179,187,11
0,-1,127,175,11
0,-1,0,190,11
0,-1,1,190,11
1,1.0,127,181,12
0,-1,127,197,12
0,-1,204,197,12
0,-1,204,197,12
0,-1,139,198,12
0,-1,0,200,12
0,-1,0,200,12
0,-1,145,204,12
0,-1,210,204,12
0,-1,210,204,12
0,-1,140,212,12
0,-1,5,199,12
0,-1,5,199,12
0,-1,142,198,42
0,-1,134,198,42
0,-1,189,198,42
0,-1,76,198,42
0,-1,135,192,42
0,-1,6,186,42
0,-1,6,186,42
0,-1,132,178,18
0,-1,131,190,18
0,-1,180,190,18
0,-1,180,190,18
0,-1,130,179,18
0,-1,9,190,18
0,-1,9,190,18
0,-1,128,168,18
0,-1,33,180,18
0,-1,90,180,18
0,-1,90,180,18
0,-1,128,170,18
0,-1,128,170,18
0,-1,127,177,10
0,-1,128,174,10
0,-1,73,174,10
0,-1,73,174,10
0,-1,127,179,10
0,-1,127,179,10
0,-1,127,179,10
0,-1,135,185,10
0,-1,26,180,10
0,-1,68,180,10
0,-1,129,189,12
0,-1,131,181,12
0,-1,131,181,12
0,-1,131,181,12
0,-1,131,189,12
0,-1,32,1189,12
0,-1,77,1189,12
1,1.0,9,1189,12
0,-1,132,193,12
0,-1,132,193,12
0,-1,132,193,12
0,-1,162,264,12
0,-1,73,270,12
0,-1,8,270,12
0,-1,169,234,69
0,-1,162,225,69
0,-1,228,225,69
0,-1,228,225,69
0,-1,154,200,69
0,-1,0,196,69
0,-1,4,196,69
0,-1,148,190,69
0,-1,178,190,69
0,-1,178,190,69
0,-1,145,187,69
0,-1,7,184,69
0,-1,9,184,69
0,-1,138,190,12
0,-1,138,181,12
0,-1,180,181,12
0,-1,180,181,12
0,-1,5,189,12
0,-1,7,189,12
0,-1,128,168,10
0,-1,133,179,10
0,-1,189,179,10
0,-1,189,179,10
0,-1,131,169,10
0,-1,2,182,10
0,-1,2,182,10
0,-1,131,172,10
0,-1,173,172,10
0,-1,173,172,10
0,-1,132,178,10
0,-1,3,169,10
0,-1,3,169,10
0,-1,3,169,10
0,-1,143,182,8
0,-1,137,179,8
0,-1,66,179,8
0,-1,141,187,13
0,-1,142,176,13
0,-1,142,176,13
0,-1,142,176,13
0,-1,142,185,13
0,-1,41,171,13
0,-1,138,162,6
1,1.0,142,175,6
0,-1,142,175,6
0,-1,142,175,6
0,-1,174,195,6
0,-1,70,196,6
0,-1,5,196,6
0,-1,1,196,6
0,-1,159,206,68
0,-1,186,220,68
0,-1,221,220,68
0,-1,221,220,68
0,-1,151,196,68
0,-1,1,194,68
0,-1,1,194,68
0,-1,149,187,54
0,-1,147,172,54
0,-1,178,172,54
0,-1,178,172,54
0,-1,145,179,54
0,-1,1,166,54
0,-1,6,166,54
0,-1,142,175,18
0,-1,139,176,18
0,-1,164,176,18
0,-1,164,176,18
0,-1,138,171,18
0,-1,6,172,18
0,-1,6,172,18
0,-1,141,183,18
0,-1,169,183,18
0,-1,68,183,18
0,-1,68,183,18
0,-1,143,181,18
0,-1,143,181,18
0,-1,138,169,10
0,-1,139,181,10
0,-1,80,181,10
0,-1,132,164,7
0,-1,136,171,7
0,-1,136,171,7
0,-1,136,171,7
0,-1,132,163,7
0,-1,36,174,7
0,-1,36,174,7
0,-1,135,176,7
0,-1,135,176,7
0,-1,135,176,7
0,-1,136,172,7
0,-1,35,173,7
0,-1,65,173,7
1,1.0,138,184,22
0,-1,140,171,22
0,-1,140,171,22
0,-1,140,171,22
0,-1,47,214,22
0,-1,5,214,22
0,-1,171,206,59
0,-1,191,204,59
0,-1,191,204,59
0,-1,191,204,59
0,-1,172,189,59
0,-1,1,210,59
0,-1,1,210,59
0,-1,181,172,53
0,-1,177,179,53
0,-1,189,179,53
0,-1,189,179,53
0,-1,151,167,53
0,-1,6,179,53
0,-1,151,179,17
0,-1,147,182,17
0,-1,171,182,17
0,-1,171,182,17
0,-1,144,176,17
0,-1,2,176,17
0,-1,9,176,17
0,-1,139,184,10
0,-1,138,175,10
0,-1,138,175,10
0,-1,138,180,10
0,-1,1,183,10
0,-1,5,183,10
0,-1,136,171,7
0,-1,137,184,7
0,-1,81,184,7
0,-1,81,184,7
0,-1,135,175,7
0,-1,135,175,7
0,-1,132,178,8
0,-1,131,165,8
0,-1,76,165,8
0,-1,132,174,7
0,-1,131,175,7
0,-1,131,175,7
0,-1,131,175,7
0,-1,133,172,7
0,-1,71,172,7
0,-1,71,172,7
0,-1,139,185,7
1,1.0,139,185,7
0,-1,139,185,7
0,-1,135,188,7
0,-1,43,211,7
0,-1,15,211,7
0,-1,156,251,7
0,-1,156,251,7
0,-1,156,251,7
0,-1,172,237,7
0,-1,83,242,7
0,-1,58,242,7
0,-1,168,228,7
0,-1,168,228,7
0,-1,168,228,7
0,-1,150,198,7
0,-1,48,199,7
0,-1,84,199,7
0,-1,144,200,22
0,-1,140,184,22
0,-1,140,184,22
0,-1,183,184,22
0,-1,135,186,16
0,-1,134,192,16
0,-1,79,192,16
0,-1,128,173,11
0,-1,131,185,12
0,-1,131,188,12
0,-1,131,188,12
0,-1,127,174,12
0,-1,30,187,12
0,-1,6,187,12
0,-1,125,168,8
0,-1,128,176,8
0,-1,189,176,8
0,-1,189,176,8
0,-1,25,162,8
0,-1,3,162,8
0,-1,132,174,11
0,-1,129,177,11
0,-1,165,177,11
0,-1,165,177,11
0,-1,131,174,11
0,-1,1,175,11
0,-1,6,175,11
0,-1,137,186,15
0,-1,133,172,15
0,-1,133,172,15
1,1.0,136,178,15
0,-1,7,184,15
0,-1,9,184,15
0,-1,136,202,23
0,-1,125,216,23
0,-1,226,216,23
0,-1,226,216,23
0,-1,136,245,23
0,-1,7,252,23
0,-1,7,252,23
0,-1,129,200,44
0,-1,143,203,44
0,-1,10,203,44
0,-1,10,203,44
0,-1,138,179,44
0,-1,138,179,44
0,-1,137,188,40
0,-1,134,188,40
0,-1,174,188,40
0,-1,174,188,40
0,-1,133,179,40
0,-1,2,180,40
0,-1,2,180,40
0,-1,133,191,15
0,-1,130,177,15
0,-1,74,177,15
0,-1,74,177,15
0,-1,135,188,15
0,-1,135,188,15
0,-1,135,188,15
0,-1,131,186,15
0,-1,85,186,15
0,-1,85,186,15
0,-1,130,175,15
0,-1,130,175,15
0,-1,130,175,15
0,-1,129,168,15
0,-1,33,178,15
0,-1,1,178,15
0,-1,132,181,15
0,-1,132,181,15
0,-1,182,181,15
0,-1,134,177,7
0,-1,133,177,7
0,-1,2,177,7
0,-1,4,177,7
0,-1,131,178,7
0,-1,131,172,7
0,-1,131,172,7
0,-1,138,187,7
0,-1,1,180,7
1,1.0,1,180,7
0,-1,128,202,10
0,-1,144,203,10
0,-1,14,203,10
0,-1,14,203,10
0,-1,164,260,10
0,-1,164,260,10
0,-1,164,260,10
0,-1,145,255,53
0,-1,144,265,53
0,-1,60,265,53
0,-1,60,265,53
0,-1,136,213,53
0,-1,136,213,53
0,-1,136,213,53
0,-1,141,208,53
0,-1,41,195,53
0,-1,4,195,53
0,-1,4,195,53
0,-1,138,186,53
0,-1,138,186,53
0,-1,138,186,53
0,-1,142,195,53
0,-1,36,186,53
0,-1,77,186,53
0,-1,77,186,53
0,-1,148,187,53
0,-1,148,187,53
0,-1,148,187,53
0,-1,143,189,53
0,-1,45,181,53
0,-1,80,181,53
0,-1,142,178,7
0,-1,144,191,7
0,-1,144,191,7
0,-1,140,169,7
0,-1,49,181,7
0,-1,1,181,7
0,-1,139,176,8
0,-1,140,170,8
0,-1,183,170,8
0,-1,183,170,8
0,-1,1,169,8
0,-1,3,172,8
0,-1,150,182,6
0,-1,144,177,6
0,-1,164,177,6
0,-1,148,187,8
0,-1,148,179,8
1,1.0,148,179,8
0,-1,148,179,8
0,-1,154,193,8
0,-1,55,200,8
0,-1,21,200,8
0,-1,21,200,8
0,-1,141154,233,64
0,-1,141154,233,64
0,-1,141154,233,64
0,-1,160,235,64
0,-1,56,244,64
0,-1,45,244,64
0,-1,45,244,64
0,-1,150,207,64
0,-1,150,207,64
0,-1,150,207,64
0,-1,164,190,64
0,-1,62,188,64
0,-1,98,188,64
0,-1,146,187,64
0,-1,146,187,64
0,-1,146,187,64
0,-1,147,185,64
0,-1,44,183,64
0,-1,69,183,64
0,-1,143,190,13
0,-1,140,180,13
0,-1,140,180,13
0,-1,140,180,13
0,-1,139,191,13
0,-1,39,1191,13
0,-1,76,1191,13
0,-1,132,169,10
0,-1,134,181,10
0,-1,134,181,10
0,-1,134,181,10
0,-1,131,172,10
0,-1,36,185,10
0,-1,0,185,10
0,-1,135,173,10
0,-1,135,173,10
0,-1,135,173,10
0,-1,133,179,10
0,-1,36,169,10
0,-1,4,169,10
0,-1,143,181,9
0,-1,135,178,9
1,1.0,165,178,9
0,-1,165,178,9
0,-1,144,172,9
0,-1,3,220,9
0,-1,3,220,9
0,-1,186,256,9
0,-1,261,256,9
0,-1,261,256,9
0,-1,181,243,9
0,-1,9,243,9
0,-1,171,214,61
0,-1,168,214,61
0,-1,219,214,61
0,-1,219,214,61
0,-1,164,194,61
0,-1,0,189,61
0,-1,8,189,61
0,-1,147,187,23
0,-1,147,176,23
0,-1,178,176,23
0,-1,178,176,23
0,-1,142,182,23
0,-1,9,182,23
0,-1,144,188,16
0,-1,145,181,16
0,-1,179,181,16
0,-1,179,181,16
0,-1,142,188,16
0,-1,4,176,16
0,-1,4,176,16
0,-1,141,178,10
0,-1,141,189,10
0,-1,76,189,10
0,-1,137,168,10
0,-1,0,180,10
0,-1,0,180,10
0,-1,0,180,10
0,-1,138,173,6
0,-1,137,171,6
0,-1,84,171,6
0,-1,132,179,9
0,-1,131,169,9
0,-1,131,169,9
0,-1,131,169,9
0,-1,127,181,9
0,-1,27,169,9
0,-1,9,169,9
1,1.0,131,181,9
0,-1,131,181,9
0,-1,169,181,9
0,-1,169,181,9
0,-1,141,187,9
0,-1,4,187,9
0,-1,136,206,33
0,-1,140,232,33
0,-1,220,232,33
0,-1,220,232,33
0,-1,144,188,33
0,-1,9,187,33
0,-1,6,187,33
0,-1,140,171,50
0,-1,150,189,50
0,-1,202,189,50
0,-1,202,189,50
0,-1,159,179,50
0,-1,8,191,50
0,-1,8,191,50
0,-1,146,171,29
0,-1,149,179,29
0,-1,91,179,29
0,-1,91,179,29
0,-1,141,168,29
0,-1,141,168,29
0,-1,141,168,29
0,-1,141,168,29
0,-1,140,180,29
0,-1,67,180,29
0,-1,141,190,10
0,-1,140,177,10
0,-1,140,177,10
0,-1,140,177,10
0,-1,141,190,10
0,-1,36,177,10
0,-1,138,173,7
0,-1,140,186,7
0,-1,140,186,7
0,-1,140,186,7
0,-1,137,175,7
0,-1,40,187,7
0,-1,2,187,7
0,-1,135,166,8
0,-1,138,177,8
0,-1,190,177,8
0,-1,190,177,8
0,-1,135,169,8
0,-1,0,181,8
0,-1,138,178,6
0,-1,138,178,6
0,-1,172,178,6
0,-1,142,190,7
0,-1,136,178,7
0,-1,7,175,7
0,-1,7,175,7
0,-1,145,187,7
0,-1,38,180,7
0,-1,69,180,7
0,-1,143,189,6
0,-1,146,183,6
0,-1,146,183,6
0,-1,146,183,6
0,-1,146,183,6
0,-1,42,190,6
0,-1,42,179,6
0,-1,139,168,8
0,-1,144,180,8
0,-1,191,180,8
0,-1,191,180,8
0,-1,139,171,8
0,-1,4,184,8
0,-1,9,184,8
0,-1,140,174,7
0,-1,142,174,7
0,-1,187,174,7
0,-1,138,180,6
0,-1,138,169,6
0,-1,138,169,6
0,-1,138,169,6
0,-1,139,182,6
0,-1,68,182,6
0,-1,79,182,6
0,-1,142,191,7
0,-1,143,179,7
0,-1,143,179,7
0,-1,143,179,7
0,-1,140,191,7
0,-1,37,177,7
0,-1,137,172,7
0,-1,137,172,7
0,-1,137,172,7
0,-1,137,172,5
0,-1,137,174,5
0,-1,88,174,5
0,-1,136,182,5
0,-1,136,169,5
0,-1,178,169,5
0,-1,178,169,5
0,-1,136,183,5
0,-1,5,170,5
0,-1,1,170,5
0,-1,139,179,5
0,-1,181,179,5
0,-1,181,179,5
0,-1,142,191,5
0,-1,42,191,5
0,-1,138,176,6
0,-1,137,173,6
0,-1,186,173,6
0,-1,186,173,6
0,-1,135,173,6
0,-1,8,177,6
0,-1,0,177,6
0,-1,136,183,6
0,-1,170,183,6
0,-1,139,192,7
0,-1,140,182,7
0,-1,5,183,7
0,-1,140,182,5
0,-1,140,193,5
0,-1,179,193,5
0,-1,135,172,5
0,-1,140,184,5
0,-1,140,184,5
0,-1,140,184,5
0,-1,135,175,5
0,-1,38,188,5
0,-1,90,188,5
0,-1,136,172,5
0,-1,139,178,5
0,-1,139,178,5
0,-1,139,178,5
0,-1,134,169,5
0,-1,9,179,5
0,-1,141,181,6
0,-1,138,183,6
0,-1,169,183,6
0,-1,169,183,6
0,-1,139,179,6
0,-1,0,180,6
0,-1,2,180,6
0,-1,142,192,9
0,-1,137,179,9
0,-1,75,179,9
0,-1,139,187,8
0,-1,141,188,8
0,-1,141,188,8
0,-1,141,188,8
0,-1,90,137,177
0,-1,90,137,177
0,-1,136,182,177
0,-1,5,168,177
0,-1,5,168,177
0,-1,140,180,177
0,-1,182,180,177
0,-1,182,180,177
0,-1,140,193,177
0,-1,0,179,177
0,-1,0,179,177
0,-1,143,183,10
0,-1,145,191,10
0,-1,78,191,10
0,-1,143,172,11
0,-1,144,185,11
0,-1,144,185,11
0,-1,144,185,11
0,-1,142,173,11
0,-1,45,186,11
0,-1,45,186,11
0,-1,143,169,11
0,-1,143,169,11
0,-1,143,169,11
0,-1,147,182,12
0,-1,145,169,12
0,-1,78,169,12
0,-1,153,180,7
0,-1,148,181,8
0,-1,148,169,8
0,-1,148,169,8
0,-1,152,178,8
0,-1,52,179,8
0,-1,1,179,8
0,-1,159,188,7
0,-1,154,176,7
0,-1,173,176,7
0,-1,159,185,7
0,-1,162,187,7
0,-1,4,179,7
0,-1,156,175,7
0,-1,156,188,7
0,-1,183,188,7
0,-1,151,168,8
0,-1,158,178,8
0,-1,158,178,8
0,-1,158,178,8
0,-1,151,168,8
0,-1,57,1168,8
0,-1,81,1168,8
0,-1,152,177,8
0,-1,152,177,8
0,-1,152,177,8
0,-1,152,177,8
0,-1,150,177,8
0,-1,49,173,8
0,-1,72,173,8
0,-1,157,187,8
0,-1,157,187,8
0,-1,157,187,8
0,-1,152,187,8
0,-1,57,184,8
0,-1,80,184,8
0,-1,151,177,8
0,-1,152,190,8
0,-1,179,190,8
0,-1,179,190,8
0,-1,145,166,8
0,-1,152,177,8
0,-1,4,188,8
0,-1,4,188,8
0,-1,147,166,9
0,-1,151,179,9
0,-1,186,179,9
0,-1,186,179,9
0,-1,147,168,9
0,-1,2,181,9
0,-1,2,181,9
0,-1,148,170,18
1,2.0,147,175,18
0,-1,147,175,18
0,-1,46,187,18
0,-1,7,187,18
0,-1,152,173,47
0,-1,154,193,47
0,-1,202,193,47
0,-1,202,193,47
0,-1,162,210,47
0,-1,1,223,47
0,-1,9,223,47
0,-1,9,223,47
0,-1,147,199,47
0,-1,204,199,47
0,-1,204,199,47
0,-1,148,198,47
0,-1,5,184,47
0,-1,5,184,47
0,-1,149,186,42
0,-1,144,186,42
0,-1,177,186,42
0,-1,177,186,42
0,-1,137,185,42
0,-1,8,181,42
0,-1,8,181,42
0,-1,142,191,11
0,-1,136,181,11
0,-1,73,181,11
0,-1,73,181,11
0,-1,2,186,11
0,-1,2,186,11
0,-1,139,176,8
0,-1,140,190,8
0,-1,81,190,8
0,-1,136,168,8
0,-1,145,180,8
0,-1,145,180,8
0,-1,145,180,8
0,-1,139,171,8
0,-1,84,171,8
0,-1,1,171,8
0,-1,141,175,9
0,-1,141,170,9
0,-1,141,170,9
0,-1,141,170,9
0,-1,140,176,9
0,-1,0,168,9
0,-1,2,168,9
0,-1,146,182,8
0,-1,140,178,8
0,-1,166,178,8
0,-1,144,188,10
0,-1,146,179,10
0,-1,1,180,10
0,-1,1,180,10
0,-1,143,180,14
0,-1,146,196,14
1,2.0,188,196,14
0,-1,188,196,14
0,-1,155,223,14
0,-1,1,241,14
0,-1,1,241,14
0,-1,163,216,73
0,-1,159,227,73
0,-1,21,227,73
0,-1,21,227,73
0,-1,168,174,73
0,-1,168,174,73
0,-1,168,174,73
0,-1,150,172,73
0,-1,50,174,73
0,-1,87,174,73
0,-1,87,174,73
0,-1,145,168,73
0,-1,145,168,73
0,-1,145,168,73
0,-1,43,178,73
0,-1,40,164,73
0,-1,40,164,73
0,-1,144,175,73
0,-1,144,175,73
0,-1,144,175,73
0,-1,142,186,73
0,-1,42,173,73
0,-1,4,173,73
0,-1,142,179,10
0,-1,143,185,10
0,-1,173,185,10
0,-1,173,185,10
0,-1,144,182,10
0,-1,7,185,10
0,-1,5,185,10
0,-1,142,170,10
0,-1,144,183,10
0,-1,182,183,10
0,-1,137,164,13
0,-1,140,173,13
0,-1,6,173,13
0,-1,6,173,13
0,-1,138,163,10
0,-1,145,174,10
0,-1,145,174,10
0,-1,145,174,10
0,-1,145,174,10
0,-1,3,164,10
1,2.0,3,164,10
0,-1,159,185,35
0,-1,162,191,35
0,-1,85,191,35
0,-1,85,191,35
0,-1,150,210,35
0,-1,150,210,35
0,-1,150,210,35
0,-1,159,228,35
0,-1,52,219,35
0,-1,5,219,35
0,-1,162,205,50
0,-1,164,200,50
0,-1,164,200,50
0,-1,164,200,50
0,-1,152,192,50
0,-1,54,186,50
0,-1,3,186,50
0,-1,147,177,18
0,-1,147,189,18
0,-1,179,189,18
0,-1,179,189,18
0,-1,44,177,18
0,-1,88,177,18
0,-1,139,177,13
0,-1,135,166,13
0,-1,135,166,13
0,-1,135,166,13
0,-1,141,174,13
0,-1,39,167,13
0,-1,0,167,13
0,-1,140,175,13
0,-1,141,172,13
0,-1,169,172,13
0,-1,145,185,13
0,-1,38,175,13
0,-1,7,175,13
0,-1,142,182,7
0,-1,145,180,7
0,-1,176,180,7
0,-1,176,180,7
0,-1,144,185,7
1,2.0,1,177,7
0,-1,8,177,7
0,-1,154,182,33
0,-1,150,213,33
0,-1,150,213,33
0,-1,150,213,33
0,-1,2,186,33
0,-1,0,186,33
0,-1,164,192,68
0,-1,160,182,68
0,-1,192,182,68
0,-1,192,182,68
0,-1,161,176,68
0,-1,4,171,68
0,-1,4,171,68
0,-1,150,175,38
0,-1,149,168,38
0,-1,70,168,38
0,-1,70,168,38
0,-1,141,176,38
0,-1,141,176,38
0,-1,141,176,38
0,-1,148,179,38
0,-1,76,179,38
0,-1,62,179,38
0,-1,146,183,14
0,-1,147,173,14
0,-1,147,173,14
0,-1,147,173,14
0,-1,43,184,14
0,-1,43,171,14
0,-1,3,1071,14
0,-1,138,163,9
0,-1,141,176,9
0,-1,141,176,9
0,-1,172,176,9
0,-1,140,167,9
0,-1,144,178,9
0,-1,3,178,9
0,-1,141,166,11
0,-1,146,167,11
0,-1,180,167,11
0,-1,180,167,11
0,-1,143,164,11
1,2.0,5,170,11
0,-1,5,170,11
0,-1,159,183,11
0,-1,178,183,11
0,-1,184,183,11
0,-1,156,184,74
0,-1,153,177,74
0,-1,8,177,74
0,-1,146,184,60
0,-1,151,174,60
0,-1,178,174,60
0,-1,178,174,60
0,-1,150,191,60
0,-1,7,176,60
0,-1,7,176,60
0,-1,146,179,30
0,-1,149,185,30
0,-1,73,185,30
0,-1,73,185,30
0,-1,143,181,30
0,-1,143,181,30
0,-1,139,167,15
0,-1,139,169,15
0,-1,81,169,15
0,-1,137,173,10
0,-1,136,162,10
0,-1,136,162,10
0,-1,136,162,10
0,-1,140,174,10
0,-1,38,161,10
0,-1,72,161,10
0,-1,143,175,11
0,-1,139,176,11
0,-1,139,176,11
0,-1,139,176,11
0,-1,43,172,11
0,-1,73,172,11
0,-1,6,172,11
0,-1,145,183,11
0,-1,145,183,11
0,-1,138,168,11
0,-1,68,168,11
0,-1,143,180,5
0,-1,135,173,5
0,-1,135,173,5
0,-1,135,173,5
1,2.0,147,177,5
0,-1,46,183,5
0,-1,80,183,5
0,-1,165,207,67
0,-1,187,199,67
0,-1,187,199,67
0,-1,187,199,67
0,-1,181,226,67
0,-1,94,220,67
0,-1,7,220,67
0,-1,172,202,42
0,-1,169,207,42
0,-1,189,207,42
0,-1,189,207,42
0,-1,189,207,42
0,-1,56,191,42
0,-1,3,191,42
0,-1,153,174,24
0,-1,151,173,24
0,-1,184,173,24
0,-1,184,173,24
0,-1,44,168,24
0,-1,2,168,24
0,-1,148,181,11
0,-1,142,177,11
0,-1,165,177,11
0,-1,165,177,11
0,-1,146,176,11
0,-1,1,176,11
0,-1,3,176,11
0,-1,144,186,7
0,-1,145,172,7
0,-1,173,172,7
0,-1,143,177,7
0,-1,5,185,7
0,-1,5,185,7
0,-1,141,168,8
0,-1,145,180,8
0,-1,82,180,8
0,-1,74,180,8
0,-1,141,170,8
0,-1,145,182,8
0,-1,145,182,8
0,-1,140,163,8
0,-1,44,172,8
0,-1,4,172,8
0,-1,141,176,14
0,-1,139,162,14
1,2.0,174,162,14
0,-1,174,162,14
0,-1,142,178,14
0,-1,7,165,14
0,-1,4,435,14
0,-1,142,188,46
0,-1,135,174,46
0,-1,183,174,46
0,-1,183,174,46
0,-1,154,191,46
0,-1,3,1,191
0,-1,86,1,191
0,-1,154,177,38
0,-1,151,188,38
0,-1,151,188,38
0,-1,151,188,38
0,-1,147,174,38
0,-1,50,186,38
0,-1,3,186,38
0,-1,145,165,15
0,-1,146,172,15
0,-1,146,172,15
0,-1,139,176,15
0,-1,36,164,15
0,-1,4,164,15
0,-1,141,174,10
0,-1,137,175,10
0,-1,163,175,10
0,-1,163,175,10
0,-1,143,172,10
0,-1,3,172,10
0,-1,4,172,10
0,-1,147,184,9
0,-1,142,172,9
0,-1,170,172,9
0,-1,142,180,9
0,-1,6,182,9
0,-1,6,182,9
0,-1,141,169,15
0,-1,143,181,15
0,-1,79,181,15
0,-1,79,181,15
0,-1,142,170,15
0,-1,142,170,15
0,-1,142,170,15
0,-1,140,175,10
0,-1,139,162,10
0,-1,73,162,10
0,-1,142,173,9
0,-1,142,175,9
0,-1,142,175,9
1,2.0,142,175,9
0,-1,141,175,9
0,-1,48,198,9
0,-1,9,198,9
0,-1,155,204,54
0,-1,159,187,54
0,-1,159,187,54
0,-1,159,187,54
0,-1,160,199,54
0,-1,60,184,54
0,-1,3,184,54
0,-1,165,188,71
0,-1,167,191,71
0,-1,188,191,71
0,-1,154,180,54
0,-1,154,192,54
0,-1,5,192,54
0,-1,144,168,35
0,-1,147,178,32
0,-1,149,188,32
0,-1,149,188,32
0,-1,149,188,32
0,-1,148,176,32
0,-1,7,176,32
0,-1,4,176,32
0,-1,141,163,17
0,-1,146,176,17
0,-1,146,176,17
0,-1,146,176,17
0,-1,9,165,17
0,-1,7,165,17
0,-1,138,172,11
0,-1,141,169,11
0,-1,168,169,11
0,-1,80,169,11
0,-1,140,174,11
0,-1,138,165,11
0,-1,138,165,11
0,-1,138,165,11
0,-1,135,175,11
0,-1,35,163,11
0,-1,71,163,11
0,-1,141,176,11
0,-1,141,176,11
1,2.0,141,176,11
0,-1,136,241,42
0,-1,136,241,42
0,-1,27,250,42
0,-1,60,250,42
0,-1,127,250,66
0,-1,154,244,66
0,-1,154,244,66
0,-1,154,244,66
0,-1,151,215,66
0,-1,46,217,66
0,-1,2,217,66
0,-1,144,188,66
0,-1,144,188,66
0,-1,201,188,66
0,-1,147,183,36
0,-1,145,181,36
0,-1,1,181,36
0,-1,141,182,23
0,-1,136,172,23
0,-1,176,172,23
0,-1,176,172,23
0,-1,133,179,23
0,-1,2,165,23
0,-1,4,165,23
0,-1,137,178,11
0,-1,133,178,11
0,-1,164,178,11
0,-1,136,188,8
0,-1,136,175,8
0,-1,5,177,8
0,-1,5,177,8
0,-1,138,179,9
0,-1,140,188,9
0,-1,174,188,9
0,-1,73,188,9
0,-1,139,180,11
0,-1,140,185,11
0,-1,140,185,11
0,-1,135,169,14
0,-1,138,181,14
0,-1,41,183,14
0,-1,41,183,14
0,-1,138,172,14
0,-1,138,172,14
0,-1,138,172,14
0,-1,132,165,14
0,-1,37,174,14
0,-1,87,174,14
0,-1,135,178,13
0,-1,132,164,13
1,2.0,132,164,13
0,-1,132,164,13
0,-1,149,180,13
0,-1,54,182,13
0,-1,6,5282,13
0,-1,160,214,55
0,-1,152,207,60
0,-1,152,205,60
0,-1,194,205,60
0,-1,158,209,44
0,-1,152,189,44
0,-1,6,182,44
0,-1,7,182,44
0,-1,156,191,35
0,-1,149,180,35
0,-1,173,180,35
0,-1,173,180,35
0,-1,9,187,35
0,-1,1,180,35
0,-1,139,175,15
0,-1,141,187,15
0,-1,182,187,15
0,-1,182,187,15
0,-1,137,175,15
0,-1,9,187,15
0,-1,7,187,15
0,-1,135,164,13
0,-1,139,176,13
0,-1,139,176,13
0,-1,136,176,13
0,-1,5,165,13
0,-1,7,165,13
0,-1,137,173,18
0,-1,136,174,18
0,-1,167,174,18
0,-1,167,174,18
0,-1,137,173,18
0,-1,7,171,18
0,-1,7,171,18
0,-1,141,184,12
0,-1,136,175,12
0,-1,67,175,12
0,-1,138,183,11
0,-1,142,182,11
0,-1,142,182,11
0,-1,142,182,11
0,-1,139,185,11
0,-1,79,185,11
0,-1,79,185,11
0,-1,140,174,11
0,-1,140,174,11
0,-1,140,174,11
1,2.0,132,164,11
0,-1,35,176,11
0,-1,87,176,11
0,-1,146,187,11
0,-1,146,187,11
0,-1,146,187,11
0,-1,146,199,11
0,-1,40,209,11
0,-1,99,209,11
0,-1,99,209,11
0,-1,156,201,11
0,-1,156,201,11
0,-1,156,201,11
0,-1,59,196,11
0,-1,85,196,11
0,-1,85,196,11
0,-1,148,191,11
0,-1,148,191,11
0,-1,148,191,11
0,-1,181,191,11
0,-1,144,176,11
0,-1,44,188,11
0,-1,80,188,11
0,-1,138,165,18
0,-1,142,176,18
0,-1,142,176,18
0,-1,142,176,18
0,-1,136,164,18
0,-1,36,176,18
0,-1,9,186,18
0,-1,137,174,9
0,-1,137,166,9
0,-1,179,166,9
0,-1,179,166,9
0,-1,137,171,9
0,-1,7,167,9
0,-1,0,167,9
0,-1,136,174,8
0,-1,137,166,8
0,-1,70,166,8
0,-1,144,180,7
0,-1,137,176,7
0,-1,137,176,7
0,-1,137,176,7
0,-1,148,184,8
0,-1,150,175,8
1,2.0,46,174,8
0,-1,62,174,8
0,-1,172,201,33
0,-1,165,209,33
0,-1,165,209,33
0,-1,165,209,33
0,-1,165,211,33
0,-1,3,211,33
0,-1,161,192,62
0,-1,157,202,62
0,-1,157,202,62
0,-1,157,202,62
0,-1,148,179,62
0,-1,50,189,62
0,-1,8,189,62
0,-1,142,169,62
0,-1,142,169,62
0,-1,184,169,62
0,-1,141,177,62
0,-1,39,164,62
0,-1,2,164,62
0,-1,148,176,13
0,-1,141,175,13
0,-1,161,175,13
0,-1,161,175,13
0,-1,140,171,13
0,-1,7,173,13
0,-1,0,173,13
0,-1,139,183,13
0,-1,170,183,13
0,-1,170,183,13
0,-1,170,183,13
0,-1,141,175,13
0,-1,2,182,13
0,-1,0,182,13
0,-1,136,165,14
0,-1,138,176,14
0,-1,179,176,14
0,-1,179,176,14
0,-1,137,164,14
0,-1,0,177,14
0,-1,0,177,14
0,-1,135,162,13
0,-1,138,168,13
0,-1,80,168,13
0,-1,137,173,13
0,-1,6,160,13
0,-1,6,160,13
0,-1,140,171,13
0,-1,135,173,13
1,2.0,64,173,13
0,-1,79,173,13
0,-1,79,173,13
0,-1,149,222,38
0,-1,151,229,38
0,-1,151,229,38
0,-1,151,229,38
0,-1,154,220,38
0,-1,12,220,38
0,-1,0,220,38
0,-1,154,210,38
0,-1,154,210,38
0,-1,154,210,38
0,-1,145,208,38
0,-1,47,204,38
0,-1,92,204,38
0,-1,140,181,27
0,-1,142,192,27
0,-1,142,192,27
0,-1,142,192,27
0,-1,136,176,27
0,-1,38,187,27
0,-1,38,187,27
0,-1,134,177,11
0,-1,132,164,11
0,-1,132,164,11
0,-1,132,164,11
0,-1,132,175,11
0,-1,31,162,11
0,-1,4,162,11
0,-1,136,170,11
0,-1,136,170,11
0,-1,136,170,11
0,-1,137,183,11
0,-1,34,173,11
0,-1,4,173,11
0,-1,137,180,11
0,-1,137,180,11
0,-1,137,180,11
0,-1,137,169,11
0,-1,40,181,11
0,-1,2,181,11
0,-1,133,164,7
0,-1,137,170,7
0,-1,182,170,7
0,-1,182,170,7
0,-1,132,161,7
0,-1,8,170,7
0,-1,8,170,7
0,-1,136,175,22
1,2.0,136,167,22
0,-1,136,167,22
0,-1,145,196,22
0,-1,4,205,22
0,-1,4,205,22
0,-1,156,218,68
0,-1,155,218,68
0,-1,155,218,68
0,-1,159,207,68
0,-1,7,206,68
0,-1,1,206,68
0,-1,153,182,40
0,-1,155,192,40
0,-1,193,192,40
0,-1,193,192,40
0,-1,145,176,40
0,-1,5,188,40
0,-1,5,188,40
0,-1,139,180,21
0,-1,137,167,21
0,-1,175,167,21
0,-1,175,167,21
0,-1,175,167,21
0,-1,2,164,21
0,-1,2,164,21
0,-1,137,173,15
0,-1,134,176,15
0,-1,64,176,15
0,-1,64,176,15
0,-1,135,171,15
0,-1,135,171,15
0,-1,135,171,15
0,-1,139,184,15
0,-1,34,173,15
0,-1,68,173,15
0,-1,139,181,15
0,-1,139,181,15
0,-1,139,181,15
0,-1,139,171,15
0,-1,40,184,15
0,-1,9,184,15
1,2.0,135,163,13
0,-1,141,173,13
0,-1,188,173,13
0,-1,188,173,13
0,-1,146,177,13
0,-1,3,186,13
0,-1,5,186,13
0,-1,141,211,70
0,-1,142,208,70
0,-1,212,208,70
0,-1,212,208,70
0,-1,153,215,70
0,-1,2,202,70
0,-1,2,202,70
0,-1,184,209,81
0,-1,200,208,81
0,-1,199,208,81
0,-1,199,208,81
0,-1,182,197,81
0,-1,7,186,81
0,-1,7,186,81
0,-1,155,178,33
0,-1,159,196,33
0,-1,193,196,33
0,-1,193,196,33
0,-1,145,179,18
0,-1,145,190,18
0,-1,145,190,18
0,-1,145,190,18
0,-1,140,176,18
0,-1,40,188,18
0,-1,40,188,18
0,-1,136,163,18
0,-1,136,163,18
0,-1,136,163,18
0,-1,139,173,18
0,-1,40,166,18
0,-1,79,166,18
0,-1,138,172,8
0,-1,138,169,8
0,-1,138,169,8
0,-1,138,169,8
0,-1,137,175,8
0,-1,7,166,8
0,-1,141,188,9
0,-1,147,183,9
0,-1,179,183,9
0,-1,179,183,9
0,-1,141,186,9
1,2.0,1,175,9
0,-1,7,175,9
0,-1,145,180,26
0,-1,138,201,26
0,-1,138,201,26
0,-1,132,198,26
0,-1,7,209,26
0,-1,4,209,26
0,-1,161,217,67
0,-1,163,208,67
0,-1,216,208,67
0,-1,216,208,67
0,-1,164,192,67
0,-1,9,190,67
0,-1,9,190,67
0,-1,164,184,37
0,-1,159,173,37
0,-1,76,173,37
0,-1,76,173,37
0,-1,8,183,37
0,-1,8,183,37
0,-1,145,189,15
0,-1,145,179,15
0,-1,78,179,15
0,-1,65,179,15
0,-1,141,186,15
0,-1,141,186,15
0,-1,141,186,15
0,-1,141,186,15
0,-1,41,185,15
0,-1,71,185,15
0,-1,71,185,15
0,-1,140,177,15
0,-1,140,177,15
0,-1,140,177,15
0,-1,134,168,15
0,-1,39,181,15
0,-1,135,175,7
0,-1,134,165,7
0,-1,134,165,7
0,-1,134,165,7
0,-1,136,175,7
0,-1,5,162,7
0,-1,3,162,7
1,2.0,135,175,19
0,-1,130,178,19
0,-1,168,178,19
0,-1,168,178,19
0,-1,143,191,19
0,-1,5,199,19
0,-1,5,199,19
0,-1,157,207,19
0,-1,190,207,19
0,-1,190,207,19
0,-1,161,193,19
0,-1,6,206,19
0,-1,6,206,19
0,-1,163,179,47
0,-1,163,189,47
0,-1,88,189,47
0,-1,88,189,47
0,-1,148,174,47
0,-1,148,174,47
0,-1,141,179,17
0,-1,141,179,17
0,-1,137,166,17
0,-1,74,166,17
0,-1,74,166,17
0,-1,134,178,17
0,-1,134,178,17
0,-1,134,178,17
0,-1,136,174,17
0,-1,33,176,17
0,-1,65,176,17
0,-1,135,186,9
0,-1,134,172,9
0,-1,134,172,9
0,-1,134,172,9
0,-1,140,184,9
0,-1,4,174,9
0,-1,7,174,9
0,-1,137,184,9
0,-1,139,183,9
0,-1,178,183,9
0,-1,133,175,12
0,-1,134,188,12
0,-1,9,188,12
0,-1,130,166,10
0,-1,134,176,9
0,-1,137,187,9
0,-1,136,175,8
0,-1,133,164,8
0,-1,133,164,8
0,-1,133,164,8
0,-1,133,171,8
0,-1,33,167,8
0,-1,80,167,8
0,-1,130,175,6
0,-1,131,168,6
0,-1,131,168,6
0,-1,131,168,6
0,-1,132,177,6
0,-1,1,165,6
0,-1,3,165,6
0,-1,136,177,10
0,-1,131,177,10
0,-1,164,177,10
0,-1,164,177,10
0,-1,135,174,10
0,-1,2,17174,10
0,-1,6,17174,10
0,-1,136,177,13
0,-1,137,187,13
1,2.0,173,187,13
0,-1,173,187,13
0,-1,140,179,13
0,-1,7,185,13
0,-1,7,185,13
0,-1,143,201,46
0,-1,152,209,46
0,-1,2,209,46
0,-1,2,209,46
0,-1,133,200,46
0,-1,133,200,46
0,-1,133,200,46
0,-1,155,211,46
0,-1,55,2211,46
0,-1,9,2211,46
0,-1,15,2211,46
0,-1,159,206,46
0,-1,159,206,46
0,-1,159,206,46
0,-1,151,190,46
0,-1,44,188,46
0,-1,74,188,46
0,-1,74,188,46
0,-1,139,179,46
0,-1,139,179,46
0,-1,139,179,46
0,-1,143,188,46
0,-1,74,188,46
0,-1,74,188,46
0,-1,143,181,46
0,-1,143,181,46
0,-1,143,181,46
0,-1,139,171,46
0,-1,41,184,46
0,-1,4,184,46
0,-1,135,167,6
0,-1,140,175,6
0,-1,140,175,6
0,-1,140,175,6
0,-1,4,165,6
0,-1,8,176,6
0,-1,136,175,8
0,-1,136,176,8
0,-1,165,176,8
0,-1,165,176,8
0,-1,138,172,8
0,-1,8,172,8
0,-1,8,172,8
0,-1,138,185,8
0,-1,174,185,8
0,-1,136,170,12
0,-1,141,182,12
0,-1,7,182,12
0,-1,7,182,12
1,2.0,140,171,13
0,-1,140,183,13
0,-1,78,183,13
0,-1,78,183,13
0,-1,135,207,13
0,-1,135,207,13
0,-1,135,207,13
0,-1,136,199,13
0,-1,7,199,13
0,-1,7,199,13
0,-1,140,206,13
0,-1,140,206,13
0,-1,140,206,13
0,-1,136,194,13
0,-1,38,189,13
0,-1,81,189,13
0,-1,142,194,13
0,-1,142,194,13
0,-1,142,194,13
0,-1,137,186,13
0,-1,39,189,13
0,-1,79,189,13
0,-1,130,173,15
0,-1,134,186,15
0,-1,134,186,15
0,-1,134,186,15
0,-1,132,173,15
0,-1,33,185,15
0,-1,8,185,15
0,-1,127,164,15
0,-1,127,164,15
0,-1,187,164,15
0,-1,129,176,9
0,-1,126,166,9
0,-1,8,166,9
0,-1,128,174,9
0,-1,128,174,9
0,-1,169,174,9
0,-1,135,186,9
0,-1,128,176,9
0,-1,8,169,9
0,-1,8,169,9
0,-1,137,182,9
0,-1,29,177,9
0,-1,65,177,9
0,-1,133,186,9
0,-1,136,177,9
0,-1,136,177,9
0,-1,136,177,9
0,-1,136,186,9
0,-1,35,173,9
0,-1,5,173,9
0,-1,135,177,7
1,2.0,136,185,7
0,-1,172,185,7
0,-1,172,185,7
0,-1,130,205,7
0,-1,2,198,7
0,-1,2,198,7
0,-1,134,197,82
0,-1,151,197,82
0,-1,217,197,82
0,-1,217,197,82
0,-1,138,197,82
0,-1,1,197,82
0,-1,8,197,82
0,-1,143,198,37
0,-1,155,185,37
0,-1,193,185,37
0,-1,4,185,37
0,-1,148,189,37
0,-1,1,187,37
0,-1,2,187,37
0,-1,138,193,21
0,-1,138,180,21
0,-1,182,180,21
0,-1,182,180,21
0,-1,138,191,21
0,-1,4,175,21
0,-1,4,175,21
0,-1,133,180,10
0,-1,135,186,10
0,-1,74,186,10
0,-1,131,169,10
0,-1,131,169,10
0,-1,131,169,10
0,-1,131,163,10
0,-1,35,169,10
0,-1,82,169,10
0,-1,132,176,8
0,-1,129,162,8
0,-1,129,162,8
0,-1,134,175,7
0,-1,135,177,7
0,-1,64,177,7
0,-1,139,187,8
0,-1,137,172,8
0,-1,172,172,8
0,-1,172,172,8
0,-1,143,183,8
0,-1,8,171,8
0,-1,7,171,8
0,-1,142,180,6
0,-1,144,180,6
0,-1,74,180,6
0,-1,142,170,4
0,-1,146,183,4
0,-1,146,183,4
0,-1,137,162,7
0,-1,141,173,7
0,-1,85,173,7
0,-1,141,175,6
0,-1,138,164,6
0,-1,138,164,6
0,-1,138,164,6
0,-1,139,171,6
1,2.0,39,167,6
0,-1,9,167,6
0,-1,145,173,15
0,-1,148,178,15
0,-1,182,178,15
0,-1,182,178,15
0,-1,145,204,15
0,-1,8,207,15
0,-1,2,207,15
0,-1,150,211,63
0,-1,155,206,63
0,-1,155,206,63
0,-1,155,206,63
0,-1,7,200,63
0,-1,1,200,63
0,-1,1,200,63
0,-1,149,190,36
0,-1,149,197,36
0,-1,183,197,36
0,-1,183,197,36
0,-1,145,181,36
0,-1,5,191,36
0,-1,6,191,36
0,-1,139,169,12
0,-1,141,180,12
0,-1,87,180,12
0,-1,87,180,12
0,-1,136,170,12
0,-1,136,170,12
0,-1,136,170,12
0,-1,135,167,12
0,-1,70,167,12
0,-1,138,180,8
0,-1,131,176,8
0,-1,131,176,8
0,-1,131,176,8
0,-1,139,176,8
0,-1,34,177,8
0,-1,4,177,8
0,-1,137,188,8
0,-1,136,174,8
0,-1,176,174,8
0,-1,136,181,8
0,-1,36,188,8
0,-1,5,188,8
0,-1,133,170,10
0,-1,136,182,10
0,-1,185,182,10
0,-1,185,182,10
0,-1,133,171,10
0,-1,3,183,10
0,-1,1,183,10
0,-1,130,164,10
0,-1,172,164,10
0,-1,172,164,10
0,-1,137,178,10
1,2.0,0,165,10
0,-1,3,165,10
0,-1,161,186,44
0,-1,157,189,44
0,-1,181,189,44
0,-1,181,189,44
0,-1,143,179,44
0,-1,1,179,44
0,-1,1,179,44
0,-1,153,189,59
0,-1,148,181,59
0,-1,78,5181,59
0,-1,78,5181,59
0,-1,143,183,59
0,-1,5,186,59
0,-1,5,186,59
0,-1,137,172,32
0,-1,139,185,32
0,-1,86,185,32
0,-1,86,185,32
0,-1,136,174,32
0,-1,136,174,32
0,-1,136,174,32
0,-1,132,165,32
0,-1,37,174,32
0,-1,37,174,32
0,-1,134,177,32
0,-1,134,177,32
0,-1,134,177,32
0,-1,138,173,32
0,-1,36,175,32
0,-1,64,175,32
0,-1,134,186,13
0,-1,129,171,13
0,-1,129,171,13
0,-1,129,171,13
0,-1,140,186,13
0,-1,33,174,13
0,-1,2,174,13
0,-1,141,181,18
0,-1,143,184,18
0,-1,175,184,18
0,-1,175,184,18
0,-1,136,182,18
0,-1,0,182,18
0,-1,133,165,8
0,-1,136,171,8
0,-1,183,171,8
0,-1,183,171,8
0,-1,137,163,8
0,-1,1,174,8
0,-1,6,174,8
0,-1,143,175,19
1,2.0,140,163,19
0,-1,178,163,19
0,-1,178,163,19
0,-1,149,228,19
0,-1,0,215,19
0,-1,0,215,19
0,-1,149,224,62
0,-1,157,207,62
0,-1,5,207,62
0,-1,5,207,62
0,-1,161,208,62
0,-1,3,196,62
0,-1,3,196,62
0,-1,169,194,68
0,-1,169,192,68
0,-1,183,192,68
0,-1,183,192,68
0,-1,151,189,68
0,-1,4,184,68
0,-1,4,184,68
0,-1,144,176,25
0,-1,144,188,25
0,-1,79,188,25
0,-1,79,188,25
0,-1,9,175,25
0,-1,9,175,25
0,-1,135,176,17
0,-1,132,164,17
0,-1,76,164,17
0,-1,76,164,17
0,-1,136,174,17
0,-1,136,174,17
0,-1,136,174,17
0,-1,136,173,17
0,-1,37,1173,17
0,-1,71,1173,17
0,-1,143,181,7
0,-1,147,183,7
0,-1,147,183,7
0,-1,147,183,7
0,-1,145,184,7
0,-1,48,181,7
0,-1,8,181,7
0,-1,147,174,2
0,-1,144,184,2
0,-1,172,184,2
0,-1,172,184,2
0,-1,132,164,2
0,-1,2,170,2
0,-1,2,170,2
0,-1,127,146,4
0,-1,129,156,4
0,-1,58,156,4
0,-1,120,142,9
0,-1,120,140,9
0,-1,120,140,9
0,-1,110,144,9
0,-1,7,135,9
0,-1,40,135,9
0,-1,115,147,7
0,-1,110,145,7
0,-1,110,145,7
0,-1,110,145,7
0,-1,116,145,7
0,-1,13,145,7
0,-1,4,145,7
0,-1,112,152,7
0,-1,112,152,7
0,-1,112,152,7
0,-1,116,145,7
0,-1,20,151,7
0,-1,9,151,7
0,-1,118,133,7
0,-1,118,133,7
0,-1,118,133,7
0,-1,123,133,26
0,-1,121,131,26
0,-1,41,131,26
0,-1,2,131,26
0,-1,119,135,30
0,-1,118,127,30
0,-1,118,127,30
0,-1,118,127,30
0,-1,122,133,30
0,-1,22,123,30
0,-1,9,123,30
0,-1,128,132,29
0,-1,122,132,29
0,-1,121,132,29
0,-1,121,132,29
0,-1,118,128,29
0,-1,7,130,29
0,-1,0,130,29
0,-1,120,138,35
0,-1,120,127,35
0,-1,127,127,35
0,-1,127,127,35
0,-1,118,135,35
0,-1,5,135,35
0,-1,5,135,35
0,-1,121,131,38
0,-1,123,134,38
0,-1,323,134,38
0,-1,323,134,38
0,-1,115,123,38
0,-1,8,132,38
0,-1,8,132,38
0,-1,118,127,40
0,-1,120,119,40
0,-1,124,119,40
