0,-1,9,0,0
0,-1,3,0,0
0,-1,13,0,0
0,-1,13,0,0
0,-1,0,0,0
0,-1,11,0,0
0,-1,11,0,0
0,-1,11,0,0
0,-1,13,0,0
0,-1,0,0,0
0,-1,10,0,0
0,-1,10,0,0
0,-1,7,0,0
0,-1,7,0,0
0,-1,10,0,0
0,-1,8,0,0
0,-1,0,0,0
0,-1,0,0,0
0,-1,13,0,0
0,-1,0,0,0
0,-1,0,0,0
0,-1,15,0,0
0,-1,15,0,0
0,-1,1,0,0
0,-1,9,0,0
0,-1,0,0,0
0,-1,15,0,0
0,-1,15,0,0
0,-1,15,0,0
0,-1,17,0,0
0,-1,0,0,0
0,-1,0,0,0
0,-1,23,0,0
0,-1,23,0,0
0,-1,1,0,0
0,-1,7,0,0
0,-1,7,0,0
0,-1,12,0,0
0,-1,12,0,0
0,-1,12,0,0
0,-1,10,0,0
0,-1,0,0,0
0,-1,0,0,0
0,-1,16,0,0
0,-1,16,0,0
0,-1,1,0,0
0,-1,4,0,0
0,-1,0,0,0
0,-1,14,0,0
0,-1,14,0,0
0,-1,14,0,0
0,-1,12,0,0
0,-1,12,0,0
0,-1,13,0,0
0,-1,13,0,0
0,-1,1,0,0
0,-1,3,0,0
0,-1,3,0,0
0,-1,1,0,0
0,-1,7,0,0
0,-1,7,0,0
0,-1,17,0,0
0,-1,0,0,0
0,-1,0,0,0
0,-1,15,0,0
0,-1,11,0,0
0,-1,11,0,0
0,-1,7,0,0
0,-1,7,0,0
0,-1,6,0,0
0,-1,11,0,0
0,-1,11,0,0
0,-1,11,0,0
0,-1,10,0,0
0,-1,0,0,0
0,-1,0,0,0
0,-1,6,0,0
0,-1,6,0,0
0,-1,5,0,0
0,-1,5,0,0
0,-1,5,0,0
0,-1,7,0,0
0,-1,0,0,0
0,-1,0,0,0
0,-1,15,0,0
0,-1,0,0,0
0,-1,0,0,0
0,-1,19,0,0
0,-1,19,0,0
0,-1,1,0,0
0,-1,2,0,0
0,-1,0,0,0
0,-1,8,0,0
0,-1,8,0,0
0,-1,8,0,0
0,-1,2,0,0
0,-1,2,0,0
0,-1,1,0,0
0,-1,1,0,0
0,-1,8,0,0
0,-1,8,0,0
0,-1,8,0,0
0,-1,5,0,0
0,-1,0,0,0
0,-1,8,0,0
0,-1,5,0,0
0,-1,5,0,0
0,-1,1,0,0
0,-1,0,0,0
0,-1,3,0,0
0,-1,3,0,0
0,-1,6,0,0
0,-1,16,0,0
0,-1,16,0,0
0,-1,16,0,0
0,-1,12,0,0
0,-1,0,0,0
0,-1,10,0,0
0,-1,5,0,0
0,-1,0,0,0
0,-1,1,0,0
0,-1,1,0,0
0,-1,1,0,0
0,-1,5,0,0
0,-1,5,0,0
0,-1,0,0,0
0,-1,0,0,0
0,-1,0,0,0
0,-1,0,0,0
0,-1,0,0,0
0,-1,0,0,0
0,-1,0,0,0
0,-1,0,0,0
0,-1,0,0,0
0,-1,0,0,0
0,-1,0,0,0
0,-1,0,0,0
0,-1,0,0,0
0,-1,2,0,0
0,-1,2,0,0
0,-1,2,0,0
0,-1,0,0,0
0,-1,0,0,0
0,-1,0,0,0
0,-1,0,0,0
0,-1,0,0,0
0,-1,0,0,0
0,-1,0,0,0
0,-1,0,0,0
0,-1,0,0,0
0,-1,0,0,0
0,-1,3,0,0
0,-1,0,0,0
0,-1,8,0,0
0,-1,8,0,0
0,-1,6,0,0
0,-1,0,0,0
0,-1,5,0,0
0,-1,5,0,0
0,-1,0,0,0
0,-1,14,0,0
0,-1,14,0,0
0,-1,14,0,0
0,-1,10,0,0
0,-1,7,0,0
0,-1,0,0,0
0,-1,6,0,0
0,-1,6,0,0
0,-1,7,0,0
0,-1,0,0,0
0,-1,0,0,0
0,-1,19,0,0
0,-1,0,0,0
0,-1,0,0,0
0,-1,16,0,0
0,-1,0,0,0
0,-1,6,0,0
0,-1,6,0,0
0,-1,6,0,0
0,-1,5,0,0
0,-1,0,0,0
0,-1,0,0,0
0,-1,2,0,0
0,-1,0,0,0
0,-1,0,0,0
0,-1,10,0,0
0,-1,15,0,0
0,-1,15,0,0
0,-1,17,0,0
0,-1,17,0,0
0,-1,11,0,0
0,-1,11,0,0
0,-1,11,0,0
0,-1,7,0,0
0,-1,0,0,0
0,-1,0,0,0
0,-1,7,0,0
0,-1,7,0,0
0,-1,5,0,0
0,-1,5,0,0
0,-1,5,0,0
0,-1,6,0,0
0,-1,6,0,0
0,-1,6,0,0
0,-1,10,0,0
0,-1,10,0,0
0,-1,10,0,0
0,-1,13,0,0
0,-1,13,0,0
0,-1,13,0,0
0,-1,9,0,0
0,-1,9,0,0
0,-1,9,0,0
0,-1,8,0,0
0,-1,0,0,0
0,-1,6,0,0
0,-1,13,0,0
0,-1,0,0,0
0,-1,0,0,0
0,-1,17,0,0
0,-1,17,0,0
0,-1,1,0,0
0,-1,8,0,0
0,-1,8,0,0
0,-1,11,0,0
0,-1,11,0,0
0,-1,11,0,0
0,-1,9,0,0
0,-1,9,0,0
0,-1,7,0,0
0,-1,7,0,0
0,-1,2,0,0
0,-1,0,0,0
0,-1,1,0,0
0,-1,0,0,0
0,-1,0,0,0
0,-1,8,0,0
0,-1,0,0,0
0,-1,0,0,0
0,-1,4,0,0
0,-1,5,0,0
0,-1,0,0,0
0,-1,1,0,0
0,-1,1,0,0
0,-1,1,0,0
0,-1,15,0,0
0,-1,15,0,0
0,-1,15,0,0
0,-1,11,0,0
0,-1,0,0,0
0,-1,0,0,0
0,-1,5,0,0
0,-1,5,0,0
0,-1,1,0,0
0,-1,1,0,0
0,-1,1,0,0
0,-1,0,0,0
0,-1,0,0,0
0,-1,0,0,0
0,-1,7,0,0
0,-1,0,0,0
0,-1,6,0,0
0,-1,0,0,0
0,-1,4,0,0
0,-1,4,0,0
0,-1,4,0,0
0,-1,1,0,0
0,-1,1,0,0
0,-1,1,0,0
0,-1,6,0,0
0,-1,6,0,0
0,-1,10,0,0
0,-1,10,0,0
0,-1,14,0,0
0,-1,14,0,0
0,-1,1,0,0
0,-1,2,0,0
0,-1,2,0,0
0,-1,16,0,0
0,-1,16,0,0
0,-1,16,0,0
0,-1,29,0,0
0,-1,25,2,0
0,-1,25,2,0
0,-1,36,1,0
0,-1,5,1,0
0,-1,5,1,0
0,-1,2,1,0
0,-1,8,6,0
0,-1,0,6,0
0,-1,41,6,0
0,-1,41,6,0
0,-1,41,6,0
0,-1,40,6,0
0,-1,40,6,0
0,-1,40,6,0
0,-1,36,5,0
0,-1,36,5,0
0,-1,3,5,0
0,-1,9,4,0
0,-1,9,4,0
0,-1,30,4,0
0,-1,30,4,0
0,-1,30,4,0
0,-1,30,4,0
0,-1,0,0,0
0,-1,0,0,0
0,-1,39,0,0
0,-1,0,0,0
0,-1,3,0,0
0,-1,1,1,0
0,-1,0,1,0
0,-1,3,1,0
0,-1,8,0,0
0,-1,8,0,0
0,-1,161,0,0
0,-1,161,0,0
0,-1,2,0,0
0,-1,212,0,0
0,-1,212,0,0
0,-1,6,0,0
0,-1,263,0,0
0,-1,52,0,0
0,-1,52,0,0
0,-1,2,0,0
0,-1,86,1,0
0,-1,5,9,0
0,-1,5,9,0
0,-1,309,114,0
0,-1,7,13,0
0,-1,4,10,0
0,-1,4,10,0
0,-1,344,10,0
0,-1,344,10,0
0,-1,344,10,0
0,-1,344,10,0
0,-1,273,10,0
0,-1,132,10,0
0,-1,9,10,0
0,-1,273,10,0
0,-1,122,10,0
0,-1,10,10,0
0,-1,2,10,0
0,-1,42,1,0
0,-1,22,1,0
0,-1,22,1,0
0,-1,16,1,0
0,-1,1,80,0
0,-1,1,80,0
0,-1,12,80,0
0,-1,9,62,0
1,1.0,9,62,0
0,-1,86,4,0
0,-1,7,5,0
0,-1,7,5,0
0,-1,72,4,0
0,-1,6,3,0
0,-1,6,3,0
0,-1,6,3,0
0,-1,5,41,0
0,-1,5,41,0
0,-1,47,41,0
0,-1,47,41,0
0,-1,1,41,0
0,-1,37,41,0
0,-1,2,0,0
0,-1,44,0,0
0,-1,54,0,0
0,-1,54,0,0
0,-1,5,0,0
0,-1,4,0,0
0,-1,4,0,0
0,-1,41,0,0
0,-1,41,0,0
0,-1,41,0,0
0,-1,42,0,0
0,-1,45,0,0
0,-1,45,0,0
0,-1,4,0,0
0,-1,0,4,0
0,-1,0,4,0
0,-1,3,4,0
0,-1,4,0,0
0,-1,0,0,0
0,-1,36,0,0
0,-1,41,0,0
0,-1,0,0,0
0,-1,0,0,0
0,-1,44,0,0
0,-1,0,0,0
0,-1,4,0,0
0,-1,4,0,0
0,-1,0,0,0
0,-1,4,0,0
0,-1,5,0,0
0,-1,0,0,0
0,-1,37,0,0
0,-1,37,0,0
0,-1,37,0,0
0,-1,29,0,0
0,-1,0,0,0
0,-1,0,0,0
0,-1,29,0,0
0,-1,7,0,0
0,-1,0,0,0
0,-1,28,0,0
0,-1,28,0,0
0,-1,28,0,0
0,-1,25,0,0
0,-1,0,0,0
0,-1,0,0,0
0,-1,22,0,0
0,-1,22,0,0
0,-1,22,0,0
0,-1,22,0,0
0,-1,1,0,0
0,-1,9,0,0
0,-1,0,0,0
0,-1,21,0,0
0,-1,21,0,0
0,-1,21,0,0
0,-1,33,0,0
0,-1,0,0,0
0,-1,0,0,0
0,-1,27,0,0
0,-1,3,0,0
0,-1,3,0,0
0,-1,1,0,0
0,-1,8,0,0
0,-1,0,0,0
0,-1,18,0,0
0,-1,18,0,0
0,-1,18,0,0
0,-1,21,0,0
0,-1,0,0,0
0,-1,0,0,0
0,-1,22,0,0
0,-1,22,0,0
0,-1,1,0,0
0,-1,8,0,0
0,-1,8,0,0
0,-1,16,0,0
0,-1,16,0,0
0,-1,16,0,0
0,-1,20,0,0
0,-1,0,0,0
0,-1,0,0,0
0,-1,20,0,0
0,-1,0,0,0
0,-1,0,0,0
0,-1,34,0,0
0,-1,9,0,0
0,-1,0,0,0
0,-1,24,0,0
0,-1,24,0,0
0,-1,22,0,0
0,-1,22,0,0
0,-1,26,0,0
0,-1,0,0,0
0,-1,37,0,0
0,-1,37,0,0
0,-1,31,0,0
0,-1,31,0,0
0,-1,31,0,0
0,-1,27,0,0
0,-1,27,0,0
0,-1,27,0,0
0,-1,18,0,0
0,-1,0,0,0
0,-1,2,0,0
0,-1,1,0,0
0,-1,1,0,0
0,-1,3,0,0
0,-1,5,0,0
0,-1,5,0,0
0,-1,25,0,0
0,-1,0,0,0
0,-1,21,0,0
0,-1,20,0,0
0,-1,20,0,0
0,-1,1,0,0
0,-1,9,0,0
0,-1,0,0,0
0,-1,32,0,0
0,-1,32,0,0
0,-1,32,0,0
0,-1,28,0,0
0,-1,44,0,0
0,-1,0,0,0
0,-1,0,0,0
0,-1,33,0,0
0,-1,33,0,0
0,-1,30,0,0
0,-1,30,0,0
0,-1,30,0,0
0,-1,34,0,0
0,-1,34,0,0
0,-1,34,0,0
0,-1,32,0,0
0,-1,0,0,0
0,-1,29,0,0
0,-1,29,0,0
0,-1,3,0,0
0,-1,0,9,0
0,-1,0,9,0
0,-1,29,9,0
0,-1,29,9,0
0,-1,29,9,0
0,-1,26,9,0
0,-1,2,9,0
0,-1,2,9,0
0,-1,4,0,0
0,-1,0,0,0
0,-1,3,0,0
0,-1,0,0,0
0,-1,0,0,0
0,-1,30,0,0
0,-1,30,0,0
0,-1,30,0,0
0,-1,40,0,0
0,-1,0,0,0
0,-1,0,0,0
0,-1,43,0,0
0,-1,43,0,0
0,-1,4,0,0
0,-1,8,0,0
0,-1,8,0,0
0,-1,56,0,0
0,-1,6,0,0
0,-1,6,0,0
0,-1,76,1,0
0,-1,6,1,0
0,-1,6,1,0
0,-1,101,1,0
0,-1,88,5,0
0,-1,88,5,0
0,-1,136,99,0
0,-1,48,9,0
0,-1,8,6,0
0,-1,8,6,0
0,-1,17,6,0
0,-1,4,11,0
0,-1,5,11,0
0,-1,5,11,0
0,-1,247,11,0
0,-1,247,11,0
0,-1,247,11,0
0,-1,222,11,0
0,-1,131,11,0
0,-1,9,11,0
0,-1,2,11,0
0,-1,3,124,0
0,-1,8,9,0
0,-1,8,9,0
0,-1,19,9,0
0,-1,1,87,0
0,-1,1,87,0
0,-1,155,107,5
0,-1,126,107,5
0,-1,126,107,5
0,-1,4,107,5
0,-1,100,107,5
0,-1,100,107,5
0,-1,100,107,5
1,1.0,6,107,5
0,-1,8,67,5
0,-1,8,67,5
0,-1,5,67,5
0,-1,3,59,5
0,-1,3,59,5
0,-1,43,59,5
0,-1,43,59,5
0,-1,36,59,5
0,-1,36,59,5
0,-1,32,59,5
0,-1,20,0,5
0,-1,20,0,5
0,-1,30,8,5
0,-1,30,8,5
0,-1,4,8,5
0,-1,5,0,5
0,-1,0,0,5
0,-1,35,0,5
0,-1,35,0,5
0,-1,35,0,5
0,-1,25,0,5
0,-1,0,0,5
0,-1,0,0,5
0,-1,39,0,5
0,-1,39,0,5
0,-1,4,0,5
0,-1,1,0,5
0,-1,1,0,5
0,-1,52,0,5
0,-1,52,0,5
0,-1,52,0,5
0,-1,50,0,5
0,-1,0,0,5
0,-1,0,0,5
0,-1,38,0,5
0,-1,38,0,5
0,-1,4,0,5
0,-1,1,0,5
0,-1,1,0,5
0,-1,31,0,5
0,-1,31,0,5
0,-1,31,0,5
0,-1,25,0,0
0,-1,22,0,0
0,-1,22,0,0
0,-1,2,0,0
0,-1,1,0,0
0,-1,1,0,0
0,-1,23,0,0
0,-1,23,0,0
0,-1,23,0,0
0,-1,17,0,0
0,-1,0,0,0
0,-1,0,0,0
0,-1,17,0,0
0,-1,0,0,0
0,-1,0,0,0
0,-1,17,0,0
0,-1,7,0,0
0,-1,0,0,0
0,-1,2,0,0
0,-1,2,0,0
0,-1,2,0,0
0,-1,16,0,0
0,-1,0,0,0
0,-1,17,0,0
0,-1,20,0,0
0,-1,20,0,0
0,-1,2,0,0
0,-1,3,0,0
0,-1,0,0,0
0,-1,21,0,0
0,-1,21,0,0
0,-1,21,0,0
0,-1,27,0,0
0,-1,18,0,0
0,-1,18,0,0
0,-1,15,0,0
0,-1,15,0,0
0,-1,37,0,0
0,-1,37,0,0
0,-1,37,0,0
0,-1,35,0,0
0,-1,35,0,0
0,-1,35,0,0
0,-1,32,0,0
0,-1,0,0,0
0,-1,0,0,0
0,-1,28,0,0
0,-1,4,0,0
0,-1,4,0,0
0,-1,2,0,0
0,-1,3,0,0
0,-1,3,0,0
0,-1,19,0,0
0,-1,0,2,0
0,-1,0,2,0
0,-1,18,2,0
0,-1,0,1,0
0,-1,0,1,0
0,-1,18,0,0
0,-1,18,0,0
0,-1,1,0,0
0,-1,3,0,0
0,-1,1,0,0
0,-1,2,0,0
0,-1,9,0,0
0,-1,9,0,0
0,-1,41,0,0
0,-1,0,1,0
0,-1,0,1,0
0,-1,37,0,0
0,-1,35,0,0
0,-1,35,0,0
0,-1,2,0,0
0,-1,7,0,0
0,-1,7,0,0
0,-1,31,0,0
0,-1,31,0,0
0,-1,31,0,0
0,-1,42,0,0
0,-1,0,0,0
0,-1,0,0,0
0,-1,51,0,0
0,-1,51,0,0
0,-1,3,0,0
0,-1,9,0,0
0,-1,0,0,0
0,-1,39,0,0
0,-1,39,0,0
0,-1,39,0,0
0,-1,40,0,0
0,-1,40,0,0
0,-1,40,0,0
0,-1,32,0,0
0,-1,32,0,0
0,-1,4,0,0
0,-1,0,0,0
0,-1,0,0,0
0,-1,53,0,0
0,-1,53,0,0
0,-1,78,0,0
0,-1,80,0,0
0,-1,2,0,0
0,-1,2,0,0
0,-1,86,1,0
0,-1,3,4,0
0,-1,3,4,0
0,-1,1,4,0
0,-1,1,6,0
0,-1,4,6,0
0,-1,2,6,0
0,-1,18,6,0
0,-1,4,10,0
0,-1,6,16,0
0,-1,6,16,0
0,-1,286,113,0
0,-1,286,113,0
0,-1,286,113,0
0,-1,286,113,0
0,-1,257,113,0
0,-1,257,113,0
0,-1,257,113,0
0,-1,224,113,0
0,-1,144,113,0
0,-1,13,113,0
0,-1,2,113,0
0,-1,35,134,0
0,-1,35,1,0
0,-1,3,1,0
0,-1,19,1,0
0,-1,6,12,0
0,-1,8,14,0
0,-1,174,108,13
0,-1,147,108,13
0,-1,147,108,13
0,-1,147,108,13
0,-1,147,108,13
0,-1,119,108,13
0,-1,119,108,13
0,-1,119,108,13
0,-1,7,108,13
0,-1,4,6,13
0,-1,4,5,13
0,-1,4,5,13
1,1.0,61,51,13
0,-1,61,51,13
0,-1,3,51,13
0,-1,46,51,13
0,-1,46,51,13
0,-1,46,51,13
0,-1,42,1,13
0,-1,6,1,13
0,-1,3,1,13
0,-1,8,0,13
0,-1,0,0,13
0,-1,46,0,13
0,-1,46,0,13
0,-1,46,0,13
0,-1,40,0,13
0,-1,0,0,13
0,-1,0,0,13
0,-1,35,0,13
0,-1,35,0,13
0,-1,4,0,13
0,-1,8,0,13
0,-1,0,0,13
0,-1,4,0,13
0,-1,9,0,13
0,-1,9,0,13
0,-1,37,0,13
0,-1,0,0,13
0,-1,0,0,13
0,-1,33,0,0
0,-1,33,0,0
0,-1,33,0,0
0,-1,2,0,0
0,-1,9,0,0
0,-1,9,0,0
0,-1,29,0,0
0,-1,29,0,0
0,-1,29,0,0
0,-1,31,0,0
0,-1,0,0,0
0,-1,27,0,0
0,-1,29,0,0
0,-1,29,0,0
0,-1,31,0,0
0,-1,44,0,0
0,-1,44,0,0
0,-1,44,0,0
0,-1,54,0,0
0,-1,54,0,0
0,-1,54,0,0
0,-1,46,0,0
0,-1,46,0,0
0,-1,40,0,0
0,-1,40,0,0
0,-1,4,0,0
0,-1,0,0,0
0,-1,0,0,0
0,-1,34,0,0
0,-1,0,0,0
0,-1,0,0,0
0,-1,25,0,0
0,-1,21,0,0
0,-1,21,0,0
0,-1,3,0,0
0,-1,0,0,0
0,-1,0,0,0
0,-1,32,0,0
0,-1,32,0,0
0,-1,32,0,0
0,-1,26,0,0
0,-1,0,0,0
0,-1,0,0,0
0,-1,19,0,0
0,-1,0,0,0
0,-1,2,0,0
0,-1,9,0,0
0,-1,0,0,0
0,-1,30,0,0
0,-1,30,0,0
0,-1,0,0,0
0,-1,25,0,0
0,-1,25,0,0
0,-1,25,0,0
0,-1,11,0,0
0,-1,11,0,0
0,-1,12,0,0
0,-1,12,0,0
0,-1,1,0,0
0,-1,1,0,0
0,-1,0,0,0
0,-1,16,0,0
0,-1,20,0,0
0,-1,20,0,0
0,-1,20,0,0
0,-1,16,0,0
0,-1,0,0,0
0,-1,1,0,0
0,-1,0,0,0
0,-1,0,0,0
0,-1,1,0,0
0,-1,0,0,0
0,-1,0,0,0
0,-1,25,0,0
0,-1,25,0,0
0,-1,25,0,0
0,-1,23,0,0
0,-1,0,0,0
0,-1,0,0,0
0,-1,18,0,0
0,-1,6,0,0
0,-1,0,0,0
0,-1,2,0,0
0,-1,0,0,0
0,-1,0,0,0
0,-1,35,0,0
0,-1,0,0,0
0,-1,0,0,0
0,-1,33,0,0
0,-1,0,0,0
0,-1,0,0,0
0,-1,34,0,0
0,-1,34,0,0
0,-1,3,0,0
0,-1,6,0,0
0,-1,0,0,0
0,-1,49,0,0
0,-1,49,0,0
0,-1,49,0,0
0,-1,93,0,0
0,-1,13,2,0
0,-1,13,2,0
0,-1,163,36,1
0,-1,172,36,1
0,-1,61,9,1
0,-1,61,9,1
0,-1,146,69,1
0,-1,31,7,1
0,-1,3,8,1
0,-1,3,8,1
0,-1,17,8,1
0,-1,1,89,1
0,-1,1,89,1
0,-1,1,89,1
0,-1,172,89,1
0,-1,172,89,1
0,-1,12,89,1
0,-1,150,89,1
0,-1,78,89,1
0,-1,11,89,1
0,-1,124,89,1
0,-1,86,89,1
0,-1,86,89,1
0,-1,8,89,1
0,-1,1,68,1
0,-1,1,68,1
0,-1,68,68,1
0,-1,68,68,1
1,1.0,68,68,1
0,-1,58,68,1
0,-1,42,2,1
0,-1,50,26,1
0,-1,50,26,1
0,-1,4,26,1
0,-1,8,18,1
0,-1,8,18,1
0,-1,42,18,1
0,-1,42,18,1
0,-1,42,18,1
0,-1,45,18,1
0,-1,0,0,1
0,-1,37,0,0
0,-1,31,0,0
0,-1,31,0,0
0,-1,3,0,0
0,-1,3,0,0
0,-1,0,0,0
0,-1,36,0,0
0,-1,36,0,0
0,-1,36,0,0
0,-1,35,0,0
0,-1,33,0,0
0,-1,33,0,0
0,-1,33,0,0
0,-1,33,0,0
0,-1,33,0,0
0,-1,23,0,0
0,-1,23,0,0
0,-1,23,0,0
0,-1,25,0,0
0,-1,25,0,0
0,-1,25,0,0
0,-1,36,0,0
0,-1,0,0,0
0,-1,32,0,0
0,-1,32,0,0
0,-1,2,0,0
0,-1,5,0,0
0,-1,0,0,0
0,-1,25,0,0
0,-1,25,0,0
0,-1,25,0,0
0,-1,37,0,0
0,-1,39,0,0
0,-1,0,0,0
0,-1,0,0,0
0,-1,38,0,0
0,-1,38,0,0
0,-1,3,0,0
0,-1,4,0,0
0,-1,0,0,0
0,-1,29,0,0
0,-1,29,0,0
0,-1,29,0,0
0,-1,26,0,0
0,-1,0,0,0
0,-1,0,0,0
0,-1,34,0,0
0,-1,34,0,0
0,-1,2,0,0
0,-1,5,0,0
0,-1,0,0,0
0,-1,2,0,0
0,-1,4,0,0
0,-1,4,0,0
0,-1,47,0,0
0,-1,0,0,0
0,-1,0,0,0
0,-1,44,0,0
0,-1,36,0,0
0,-1,36,0,0
0,-1,3,0,0
0,-1,1,0,0
0,-1,1,0,0
0,-1,27,0,0
0,-1,27,0,0
0,-1,27,0,0
0,-1,27,0,0
0,-1,0,0,0
0,-1,0,0,0
0,-1,24,0,0
0,-1,24,0,0
0,-1,1,0,0
0,-1,6,0,0
0,-1,0,0,0
0,-1,12,0,0
0,-1,12,0,0
0,-1,12,0,0
0,-1,18,0,0
0,-1,0,0,0
0,-1,0,0,0
0,-1,19,0,0
0,-1,19,0,0
0,-1,1,0,0
0,-1,5,0,0
0,-1,0,0,0
0,-1,1,0,0
0,-1,2,0,0
0,-1,2,0,0
0,-1,28,0,0
0,-1,0,0,0
0,-1,0,0,0
0,-1,34,0,0
0,-1,38,0,0
0,-1,38,0,0
0,-1,3,0,0
0,-1,5,0,0
0,-1,5,0,0
0,-1,33,0,0
0,-1,33,0,0
0,-1,33,0,0
0,-1,43,0,0
0,-1,0,0,0
0,-1,0,0,0
0,-1,54,0,0
0,-1,54,0,0
0,-1,4,0,0
0,-1,5,0,0
0,-1,0,0,0
0,-1,36,0,0
0,-1,36,0,0
0,-1,36,0,0
0,-1,33,0,0
0,-1,33,0,0
0,-1,33,0,0
0,-1,38,4,0
0,-1,49,6,0
0,-1,49,6,0
0,-1,63,6,0
0,-1,63,6,0
0,-1,5,6,0
0,-1,5,0,0
0,-1,0,0,0
0,-1,60,0,0
0,-1,71,0,0
0,-1,0,0,0
0,-1,0,0,0
0,-1,71,0,0
0,-1,6,0,0
0,-1,6,0,0
0,-1,1,0,0
0,-1,15,3,0
0,-1,1,2,0
0,-1,1,2,0
0,-1,125,43,0
0,-1,0,62,0
0,-1,0,62,0
0,-1,17,62,0
0,-1,5,71,0
0,-1,5,71,0
0,-1,156,71,0
0,-1,156,71,0
0,-1,6,71,0
0,-1,138,76,5
0,-1,120,76,5
0,-1,103,76,5
0,-1,5,76,5
0,-1,140,89,5
0,-1,27,8,5
0,-1,8,4,5
0,-1,8,4,5
0,-1,10,4,5
0,-1,1,67,5
0,-1,1,67,5
0,-1,61,67,5
0,-1,47,1,5
0,-1,47,1,5
0,-1,55,4,5
0,-1,7,1,5
0,-1,7,1,5
0,-1,4,1,5
0,-1,7,4,5
1,1.0,0,4,5
0,-1,28,4,5
0,-1,28,4,5
0,-1,0,4,5
0,-1,21,4,5
0,-1,21,4,5
0,-1,0,4,5
0,-1,15,4,5
0,-1,0,4,5
0,-1,18,0,5
0,-1,18,0,5
0,-1,2,0,5
0,-1,7,0,5
0,-1,0,0,5
0,-1,21,0,5
0,-1,21,0,5
0,-1,21,0,5
0,-1,19,0,5
0,-1,0,0,5
0,-1,0,0,5
0,-1,15,0,5
0,-1,15,0,5
0,-1,1,0,5
0,-1,4,0,5
0,-1,0,0,5
0,-1,1,0,5
0,-1,6,0,5
0,-1,6,0,5
0,-1,11,0,5
0,-1,0,0,5
0,-1,0,0,5
0,-1,14,0,0
0,-1,10,0,0
0,-1,10,0,0
0,-1,7,0,0
0,-1,7,0,0
0,-1,7,1,0
0,-1,3,1,0
0,-1,0,0,0
0,-1,0,0,0
0,-1,1,0,0
0,-1,1,0,0
0,-1,2,0,0
0,-1,2,0,0
0,-1,0,0,0
0,-1,0,0,0
0,-1,0,0,0
0,-1,2,0,0
0,-1,0,0,0
0,-1,0,0,0
0,-1,11,0,0
0,-1,0,0,0
0,-1,0,0,0
0,-1,8,0,0
0,-1,4,0,0
0,-1,0,0,0
0,-1,2,0,0
0,-1,2,0,0
0,-1,3,0,0
0,-1,2,0,0
0,-1,2,0,0
0,-1,2,0,0
0,-1,2,0,0
0,-1,2,0,0
0,-1,0,0,0
0,-1,0,0,0
0,-1,6,0,0
0,-1,0,0,0
0,-1,0,0,0
0,-1,9,0,0
0,-1,0,0,0
0,-1,0,0,0
0,-1,5,0,0
0,-1,5,0,0
0,-1,1,0,0
0,-1,0,0,0
0,-1,0,0,0
0,-1,1,0,0
0,-1,3,0,0
0,-1,0,0,0
0,-1,9,0,0
0,-1,0,0,0
0,-1,7,0,0
0,-1,7,0,0
0,-1,4,0,0
0,-1,0,0,0
0,-1,3,0,0
0,-1,3,0,0
0,-1,3,0,0
0,-1,2,0,0
0,-1,0,0,0
0,-1,0,0,0
0,-1,0,0,0
0,-1,0,0,0
0,-1,0,0,0
0,-1,0,0,0
0,-1,0,0,0
0,-1,0,0,0
0,-1,0,0,0
0,-1,0,0,0
0,-1,0,0,0
0,-1,0,0,0
0,-1,0,0,0
0,-1,0,0,0
0,-1,3,0,0
0,-1,1,0,0
0,-1,0,0,0
0,-1,0,0,0
0,-1,0,0,0
0,-1,0,0,0
0,-1,0,0,0
0,-1,0,0,0
0,-1,0,0,0
0,-1,0,0,0
0,-1,0,0,0
0,-1,0,0,0
0,-1,0,0,0
0,-1,0,0,0
0,-1,0,0,0
0,-1,0,0,0
0,-1,0,0,0
0,-1,0,0,0
0,-1,0,0,0
0,-1,0,0,0
0,-1,0,0,0
0,-1,0,0,0
0,-1,1,0,0
0,-1,1,0,0
0,-1,0,0,0
0,-1,1,0,0
0,-1,0,0,0
0,-1,0,0,0
0,-1,0,0,0
0,-1,0,0,0
0,-1,0,0,0
0,-1,0,0,0
0,-1,0,0,0
0,-1,0,0,0
0,-1,0,0,0
0,-1,6,0,0
0,-1,0,0,0
0,-1,0,0,0
0,-1,7,0,0
0,-1,7,0,0
0,-1,2,0,0
0,-1,0,0,0
0,-1,0,0,0
0,-1,0,0,0
0,-1,1,0,0
0,-1,2,0,0
0,-1,0,0,0
0,-1,0,0,0
0,-1,2,0,0
0,-1,2,0,0
0,-1,2,0,0
0,-1,2,0,0
0,-1,6,0,0
0,-1,6,0,0
0,-1,6,0,0
0,-1,4,0,0
0,-1,0,0,0
0,-1,0,0,0
0,-1,1,0,0
0,-1,1,0,0
0,-1,5,0,0
0,-1,0,0,0
0,-1,3,0,0
0,-1,3,0,0
0,-1,3,0,0
0,-1,0,0,0
0,-1,0,0,0
0,-1,0,0,0
0,-1,6,0,0
0,-1,6,0,0
0,-1,6,0,0
0,-1,6,0,0
0,-1,1,0,0
0,-1,1,0,0
0,-1,1,0,0
0,-1,0,0,0
0,-1,0,0,0
0,-1,0,0,0
0,-1,0,0,0
0,-1,0,0,0
0,-1,0,0,0
0,-1,0,0,0
0,-1,0,0,0
0,-1,0,0,0
0,-1,0,0,0
0,-1,0,0,0
0,-1,0,0,0
0,-1,0,0,0
0,-1,0,0,0
0,-1,0,0,0
0,-1,0,0,0
0,-1,0,0,0
0,-1,0,0,0
0,-1,0,0,0
0,-1,1,0,0
0,-1,0,0,0
0,-1,0,0,0
0,-1,4,0,0
0,-1,3,0,0
0,-1,0,0,0
0,-1,1,0,0
0,-1,1,0,0
0,-1,1,0,0
0,-1,0,0,0
0,-1,0,0,0
0,-1,0,0,0
0,-1,4,0,0
0,-1,4,0,0
0,-1,1,0,0
0,-1,1,0,0
0,-1,0,0,0
0,-1,0,0,0
0,-1,0,0,0
0,-1,0,0,0
0,-1,0,0,0
0,-1,0,0,0
0,-1,1,0,0
0,-1,1,0,0
0,-1,0,0,0
0,-1,0,0,0
0,-1,0,0,0
0,-1,0,0,0
0,-1,0,0,0
0,-1,0,0,0
0,-1,0,0,0
0,-1,0,0,0
0,-1,0,0,0
0,-1,0,0,0
0,-1,0,0,0
0,-1,0,0,0
0,-1,0,0,0
0,-1,0,0,0
0,-1,0,0,0
0,-1,0,0,0
0,-1,0,0,0
0,-1,0,0,0
0,-1,0,0,0
0,-1,0,0,0
0,-1,0,0,0
0,-1,0,0,0
0,-1,0,0,0
0,-1,0,0,0
0,-1,0,0,0
0,-1,0,0,0
0,-1,1,0,0
0,-1,1,0,0
0,-1,0,0,0
0,-1,0,0,0
0,-1,0,0,0
0,-1,0,0,0
0,-1,0,0,0
0,-1,0,0,0
0,-1,0,0,0
0,-1,0,0,0
0,-1,0,0,0
0,-1,0,0,0
0,-1,0,0,0
0,-1,0,0,0
0,-1,0,0,0
0,-1,0,0,0
0,-1,0,0,0
0,-1,0,0,0
0,-1,0,0,0
0,-1,0,0,0
0,-1,0,0,0
0,-1,1,0,0
0,-1,1,0,0
0,-1,0,0,0
0,-1,0,0,0
0,-1,0,0,0
0,-1,0,0,0
0,-1,0,0,0
0,-1,1,0,0
0,-1,0,0,0
0,-1,0,0,0
0,-1,2,0,0
0,-1,2,0,0
0,-1,0,0,0
0,-1,0,0,0
0,-1,0,0,0
0,-1,0,0,0
0,-1,0,0,0
0,-1,0,0,0
0,-1,0,0,0
0,-1,0,0,0
0,-1,0,0,0
0,-1,0,0,0
0,-1,0,0,0
0,-1,0,0,0
0,-1,0,0,0
0,-1,0,0,0
0,-1,0,0,0
0,-1,0,0,0
0,-1,0,0,0
0,-1,0,0,0
0,-1,0,0,0
0,-1,0,0,0
0,-1,2,0,0
0,-1,0,0,0
0,-1,1,0,0
0,-1,1,0,0
0,-1,1,0,0
0,-1,0,0,0
0,-1,0,0,0
0,-1,0,0,0
0,-1,1,0,0
0,-1,1,0,0
0,-1,0,0,0
0,-1,0,0,0
0,-1,6,0,0
0,-1,6,0,0
0,-1,6,0,0
0,-1,5,0,0
0,-1,0,0,0
0,-1,0,0,0
0,-1,11,0,0
0,-1,16,0,0
0,-1,16,0,0
0,-1,16,0,0
0,-1,21,0,0
0,-1,21,0,0
0,-1,18,0,0
0,-1,18,0,0
0,-1,18,0,0
0,-1,23,0,0
0,-1,23,0,0
0,-1,23,0,0
0,-1,24,0,0
0,-1,0,0,0
0,-1,0,0,0
0,-1,22,0,0
0,-1,3,0,0
0,-1,3,0,0
0,-1,1,0,0
0,-1,7,0,0
0,-1,0,0,0
0,-1,18,0,0
0,-1,18,0,0
0,-1,18,0,0
0,-1,13,0,0
0,-1,0,0,0
0,-1,0,0,0
0,-1,21,0,0
0,-1,21,0,0
0,-1,1,0,0
0,-1,6,0,0
0,-1,0,0,0
0,-1,1,0,0
0,-1,6,0,0
0,-1,6,0,0
0,-1,10,0,0
0,-1,0,0,0
0,-1,0,0,0
0,-1,9,0,0
0,-1,12,0,0
0,-1,12,0,0
0,-1,1,0,0
0,-1,4,0,0
0,-1,4,0,0
0,-1,8,0,0
0,-1,0,0,0
0,-1,5,0,0
0,-1,0,0,0
0,-1,5,0,0
0,-1,5,0,0
0,-1,5,0,0
0,-1,8,0,0
0,-1,8,0,0
0,-1,8,0,0
0,-1,12,0,0
0,-1,0,0,0
0,-1,0,0,0
0,-1,11,0,0
0,-1,10,0,0
0,-1,10,0,0
0,-1,1,0,0
0,-1,2,0,0
0,-1,0,0,0
0,-1,11,0,0
0,-1,11,0,0
0,-1,0,0,0
0,-1,8,0,0
0,-1,7,0,0
0,-1,7,0,0
0,-1,6,0,0
0,-1,6,0,0
0,-1,4,0,0
0,-1,4,0,0
0,-1,4,0,0
0,-1,4,0,0
0,-1,1,0,0
0,-1,1,0,0
0,-1,1,3,0
0,-1,1,3,0
0,-1,10,3,0
0,-1,10,3,0
0,-1,6,3,0
0,-1,6,3,0
0,-1,6,3,0
0,-1,7,3,0
0,-1,2,3,0
0,-1,2,3,0
0,-1,6,0,0
0,-1,6,0,0
0,-1,9,0,0
0,-1,0,0,0
0,-1,1,0,0
0,-1,2,0,0
0,-1,2,0,0
0,-1,7,0,0
0,-1,0,0,0
0,-1,0,0,0
0,-1,5,0,0
0,-1,10,0,0
0,-1,10,0,0
0,-1,10,0,0
0,-1,17,0,0
0,-1,17,0,0
0,-1,46,0,0
0,-1,46,0,0
0,-1,0,0,0
0,-1,67,0,0
0,-1,67,0,0
0,-1,0,0,0
0,-1,123,0,0
0,-1,123,0,0
0,-1,1,0,0
0,-1,167,61,2
0,-1,227,61,2
0,-1,55,3,2
0,-1,55,3,2
0,-1,253,77,2
0,-1,53,8,2
0,-1,7,4,2
0,-1,7,4,2
0,-1,25,4,2
0,-1,5,93,2
0,-1,5,93,2
0,-1,5,93,2
0,-1,281,93,2
0,-1,281,93,2
0,-1,6,93,2
0,-1,286,93,2
0,-1,98,5,2
0,-1,98,5,2
0,-1,269,5,2
0,-1,100,5,2
0,-1,7,5,2
0,-1,252,102,2
0,-1,44,9,2
0,-1,9,7,2
0,-1,9,7,2
0,-1,235,119,2
0,-1,0,93,2
0,-1,0,93,2
0,-1,199,68,5
0,-1,170,68,5
0,-1,47,6,5
0,-1,47,6,5
0,-1,152,6,5
1,2.0,38,6,5
0,-1,38,6,5
0,-1,1,6,5
0,-1,38,4,5
0,-1,4,11,5
0,-1,4,11,5
0,-1,124,37,5
0,-1,124,37,5
0,-1,124,37,5
0,-1,124,37,5
0,-1,104,37,5
0,-1,104,37,5
0,-1,104,37,5
0,-1,67,3,5
0,-1,67,3,5
0,-1,6,3,5
0,-1,0,15,5
0,-1,0,15,5
0,-1,43,15,5
0,-1,43,15,5
0,-1,43,15,5
0,-1,35,15,5
0,-1,0,15,5
0,-1,2,15,5
0,-1,3,0,5
0,-1,0,0,5
0,-1,1,0,5
0,-1,9,0,5
0,-1,0,0,5
0,-1,14,0,5
0,-1,14,0,5
0,-1,10,0,5
0,-1,0,0,5
0,-1,0,0,5
0,-1,14,0,5
0,-1,1,0,5
0,-1,0,0,5
0,-1,17,0,5
0,-1,17,0,5
0,-1,17,0,5
0,-1,9,0,5
0,-1,9,0,5
0,-1,7,0,5
0,-1,0,0,5
0,-1,3,0,0
0,-1,3,0,0
0,-1,3,0,0
0,-1,3,0,0
0,-1,5,0,0
0,-1,0,0,0
0,-1,2,0,0
0,-1,2,0,0
0,-1,2,2,0
0,-1,0,2,0
0,-1,2,2,0
0,-1,2,2,0
0,-1,2,2,0
0,-1,1,2,0
0,-1,4,0,0
0,-1,4,0,0
0,-1,2,0,0
0,-1,2,0,0
0,-1,0,0,0
0,-1,1,0,0
0,-1,3,0,0
0,-1,3,0,0
0,-1,6,0,0
0,-1,0,0,0
0,-1,0,0,0
0,-1,4,0,0
0,-1,4,0,0
0,-1,3,0,0
0,-1,3,0,0
0,-1,4,0,0
0,-1,4,0,0
0,-1,4,0,0
0,-1,4,0,0
0,-1,4,0,0
0,-1,4,0,0
0,-1,6,0,0
0,-1,2,0,0
0,-1,0,0,0
0,-1,0,0,0
0,-1,0,0,0
0,-1,0,0,0
0,-1,0,0,0
0,-1,0,0,0
0,-1,0,0,0
0,-1,0,0,0
0,-1,0,0,0
0,-1,0,0,0
0,-1,0,0,0
0,-1,0,0,0
0,-1,0,0,0
0,-1,0,0,0
0,-1,0,0,0
0,-1,0,0,0
0,-1,5,0,0
0,-1,1,0,0
0,-1,1,0,0
0,-1,3,0,0
0,-1,0,0,0
0,-1,1,0,0
0,-1,1,0,0
0,-1,3,0,0
0,-1,1,0,0
0,-1,0,0,0
0,-1,0,0,0
0,-1,6,0,0
0,-1,6,0,0
0,-1,1,0,0
0,-1,1,0,0
0,-1,0,0,0
0,-1,0,0,0
0,-1,0,0,0
0,-1,1,0,0
0,-1,0,0,0
0,-1,1,0,0
0,-1,0,0,0
0,-1,0,0,0
0,-1,0,0,0
0,-1,0,0,0
0,-1,0,0,0
0,-1,0,0,0
0,-1,0,0,0
0,-1,7,0,0
0,-1,7,0,0
0,-1,12,0,0
0,-1,0,0,0
0,-1,0,0,0
0,-1,22,0,0
0,-1,22,0,0
0,-1,3,0,0
0,-1,7,0,0
0,-1,0,0,0
0,-1,59,0,0
0,-1,59,0,0
0,-1,2,0,0
0,-1,126,0,0
0,-1,126,0,0
0,-1,5,0,0
0,-1,154,0,0
0,-1,117,0,0
0,-1,6,0,0
0,-1,1,0,0
0,-1,76,0,0
0,-1,113,0,0
0,-1,113,0,0
0,-1,19,0,0
0,-1,9,13,0
0,-1,8,13,0
0,-1,8,13,0
0,-1,204,13,0
0,-1,204,13,0
0,-1,204,13,0
0,-1,219,13,0
0,-1,219,13,0
0,-1,219,13,0
0,-1,219,13,0
0,-1,194,13,0
0,-1,121,13,0
0,-1,8,13,0
0,-1,1,13,0
0,-1,45,9,0
0,-1,3,7,0
0,-1,3,7,0
0,-1,125,84,0
0,-1,2,74,0
0,-1,2,74,0
0,-1,119,74,0
0,-1,119,74,0
1,2.0,119,74,0
0,-1,96,3,0
0,-1,8,3,0
0,-1,8,3,0
0,-1,1,3,0
0,-1,3,2,0
0,-1,4,3,0
0,-1,4,3,0
0,-1,128,33,0
0,-1,5,26,0
0,-1,5,26,0
0,-1,83,26,0
0,-1,14,1,0
0,-1,14,1,0
0,-1,64,5,0
0,-1,64,5,0
0,-1,64,5,0
0,-1,52,3,0
0,-1,5,11,0
0,-1,5,11,0
0,-1,42,11,0
0,-1,42,11,0
0,-1,0,11,0
0,-1,58,11,0
0,-1,58,11,0
0,-1,58,11,0
0,-1,46,1,0
0,-1,36,0,0
0,-1,36,0,0
0,-1,28,0,0
0,-1,28,0,0
0,-1,16,0,0
0,-1,16,0,0
0,-1,26,0,0
0,-1,21,0,0
0,-1,0,0,0
0,-1,0,0,0
0,-1,17,0,0
0,-1,17,0,0
0,-1,13,0,0
0,-1,1,0,0
0,-1,3,0,0
0,-1,0,0,0
0,-1,8,0,0
0,-1,1,0,0
0,-1,15,0,0
0,-1,0,0,0
0,-1,0,0,0
0,-1,12,0,0
0,-1,2,0,0
0,-1,0,0,0
0,-1,18,0,0
0,-1,18,0,0
0,-1,18,0,0
0,-1,15,0,0
0,-1,0,0,0
0,-1,0,0,0
0,-1,25,0,0
0,-1,25,0,0
0,-1,21,0,0
0,-1,21,0,0
0,-1,16,0,0
0,-1,16,0,0
0,-1,16,0,0
0,-1,19,0,0
0,-1,19,0,0
0,-1,19,0,0
0,-1,31,0,0
0,-1,0,0,0
0,-1,3,0,0
0,-1,0,0,0
0,-1,0,0,0
0,-1,2,0,0
0,-1,4,0,0
0,-1,0,0,0
0,-1,27,0,0
0,-1,27,0,0
0,-1,27,0,0
0,-1,18,0,0
0,-1,0,0,0
0,-1,0,0,0
0,-1,19,0,0
0,-1,3,0,0
0,-1,0,0,0
0,-1,9,0,0
0,-1,9,0,0
0,-1,14,0,0
0,-1,19,0,0
0,-1,0,0,0
0,-1,0,0,0
0,-1,15,0,0
0,-1,0,0,0
0,-1,0,0,0
0,-1,10,0,0
0,-1,10,0,0
0,-1,8,0,0
0,-1,8,0,0
0,-1,8,0,0
0,-1,7,0,0
0,-1,0,0,0
0,-1,0,0,0
0,-1,5,0,0
0,-1,5,0,0
0,-1,7,0,0
0,-1,0,0,0
0,-1,4,0,0
0,-1,4,0,0
0,-1,4,0,0
0,-1,9,0,0
0,-1,0,0,0
0,-1,0,0,0
0,-1,34,0,0
0,-1,26,0,0
0,-1,26,0,0
0,-1,26,0,0
0,-1,18,0,0
0,-1,18,0,0
0,-1,12,0,0
0,-1,12,0,0
0,-1,12,0,0
0,-1,23,0,0
0,-1,0,0,0
0,-1,11,0,0
0,-1,11,0,0
0,-1,1,0,0
0,-1,6,0,0
0,-1,0,0,0
0,-1,29,0,0
0,-1,29,0,0
0,-1,29,0,0
0,-1,48,0,0
0,-1,15,0,0
0,-1,15,0,0
0,-1,56,2,0
0,-1,2,2,0
0,-1,2,2,0
0,-1,6,2,0
0,-1,0,60,0
0,-1,0,60,0
0,-1,10,60,0
0,-1,2,11,0
0,-1,2,3,0
0,-1,2,3,0
0,-1,148,119,0
0,-1,138,119,0
0,-1,138,119,0
0,-1,188,119,0
0,-1,164,119,0
0,-1,164,119,0
0,-1,2,119,0
0,-1,29,2,0
0,-1,0,1,0
0,-1,3,1,0
0,-1,29,1,0
0,-1,2,208,0
0,-1,3,18,0
0,-1,3,18,0
0,-1,298,18,0
0,-1,298,18,0
0,-1,298,18,0
0,-1,264,159,16
0,-1,220,159,16
0,-1,128,159,16
0,-1,15,159,16
0,-1,15,159,16
0,-1,191,159,16
0,-1,103,159,16
0,-1,1,159,16
0,-1,1,159,16
0,-1,58,8,16
0,-1,1,11,16
0,-1,1,11,16
1,2.0,154,66,16
0,-1,2,47,16
0,-1,2,47,16
0,-1,192,47,16
0,-1,192,47,16
0,-1,192,47,16
0,-1,208,47,16
0,-1,36,4,16
0,-1,36,4,16
0,-1,1,4,16
0,-1,72,24,16
0,-1,8,3,16
0,-1,8,3,16
0,-1,11,3,16
0,-1,3,17,16
0,-1,3,17,16
0,-1,94,30,1
0,-1,93,30,1
0,-1,15,1,1
0,-1,15,1,1
0,-1,75,6,1
0,-1,75,6,1
0,-1,6,6,1
0,-1,2,4,1
0,-1,0,4,1
0,-1,67,4,1
0,-1,67,4,1
0,-1,66,6,0
0,-1,53,6,0
0,-1,2,0,0
0,-1,2,0,0
0,-1,56,0,0
0,-1,56,0,0
0,-1,5,0,0
0,-1,0,0,0
0,-1,0,0,0
0,-1,42,0,0
0,-1,42,0,0
0,-1,42,0,0
0,-1,35,0,0
0,-1,0,0,0
0,-1,33,0,0
0,-1,24,0,0
0,-1,24,0,0
0,-1,29,0,0
0,-1,24,0,0
0,-1,24,0,0
0,-1,0,0,0
0,-1,23,0,0
0,-1,23,0,0
0,-1,23,0,0
0,-1,14,0,0
0,-1,14,0,0
0,-1,9,0,0
0,-1,0,0,0
0,-1,3,0,0
0,-1,7,0,0
0,-1,7,0,0
0,-1,24,0,0
0,-1,24,0,0
0,-1,24,0,0
0,-1,25,0,0
0,-1,0,0,0
0,-1,2,0,0
0,-1,2,0,0
0,-1,2,0,0
0,-1,1,0,0
0,-1,5,0,0
0,-1,0,0,0
0,-1,11,0,0
0,-1,11,0,0
0,-1,18,0,0
0,-1,0,0,0
0,-1,0,0,0
0,-1,16,0,0
0,-1,2,0,0
0,-1,0,0,0
0,-1,8,0,0
0,-1,8,0,0
0,-1,7,0,0
0,-1,3,0,0
0,-1,3,0,0
0,-1,5,0,0
0,-1,0,0,0
0,-1,20,0,0
0,-1,20,0,0
0,-1,28,0,0
0,-1,28,0,0
0,-1,28,0,0
0,-1,32,0,0
0,-1,0,0,0
0,-1,0,0,0
0,-1,36,0,0
0,-1,0,0,0
0,-1,0,0,0
0,-1,29,0,0
0,-1,2,0,0
0,-1,0,0,0
0,-1,3,0,0
0,-1,5,0,0
0,-1,5,0,0
0,-1,27,0,0
0,-1,0,0,0
0,-1,0,0,0
0,-1,32,0,0
0,-1,0,0,0
0,-1,0,0,0
0,-1,29,0,0
0,-1,29,0,0
0,-1,4,0,0
0,-1,0,0,0
0,-1,0,0,0
0,-1,39,0,0
0,-1,39,0,0
0,-1,39,0,0
0,-1,46,0,0
0,-1,0,0,0
0,-1,0,0,0
0,-1,86,0,0
0,-1,86,0,0
0,-1,1,0,0
0,-1,82,7,0
0,-1,82,7,0
0,-1,18,7,0
0,-1,6,31,0
0,-1,6,31,0
0,-1,201,31,0
0,-1,201,31,0
0,-1,4,31,0
0,-1,222,73,6
0,-1,229,73,6
0,-1,62,6,6
0,-1,62,6,6
0,-1,2,6,6
0,-1,38,7,6
0,-1,1,7,6
0,-1,1,7,6
0,-1,23,7,6
0,-1,6,81,6
0,-1,6,81,6
0,-1,24,81,6
0,-1,1,97,6
0,-1,1,97,6
0,-1,254,97,6
0,-1,254,97,6
0,-1,6,97,6
0,-1,178,97,6
0,-1,57,4,6
0,-1,57,4,6
0,-1,146,37,6
0,-1,52,2,6
0,-1,3,5,6
0,-1,3,5,6
0,-1,13,5,6
0,-1,5,22,6
1,2.0,5,22,6
0,-1,134,22,6
0,-1,134,22,6
0,-1,134,22,6
0,-1,172,22,6
0,-1,0,10,6
0,-1,0,10,6
0,-1,155,0,6
0,-1,7,0,6
0,-1,7,0,6
0,-1,11,0,6
0,-1,3,0,6
0,-1,3,0,6
0,-1,92,0,6
0,-1,92,0,6
0,-1,8,0,6
0,-1,9,0,6
0,-1,9,0,6
0,-1,60,0,6
0,-1,60,0,6
0,-1,60,0,6
0,-1,55,0,6
0,-1,55,0,6
0,-1,4,0,6
0,-1,9,0,6
0,-1,9,0,6
0,-1,5,0,6
0,-1,1,0,6
0,-1,1,0,6
0,-1,33,0,6
0,-1,0,0,6
0,-1,0,0,6
0,-1,27,0,0
0,-1,20,0,0
0,-1,20,0,0
0,-1,3,0,0
0,-1,2,0,0
0,-1,2,0,0
0,-1,33,0,0
0,-1,33,0,0
0,-1,33,0,0
0,-1,32,0,0
0,-1,0,0,0
0,-1,0,0,0
0,-1,33,0,0
0,-1,0,0,0
0,-1,3,0,0
0,-1,3,0,0
0,-1,3,0,0
0,-1,35,0,0
0,-1,35,0,0
0,-1,35,0,0
0,-1,23,0,0
0,-1,23,0,0
0,-1,19,0,0
0,-1,19,0,0
0,-1,1,0,0
0,-1,7,0,0
0,-1,7,0,0
0,-1,20,0,0
0,-1,20,0,0
0,-1,20,0,0
0,-1,30,0,0
0,-1,23,0,0
0,-1,23,0,0
0,-1,15,0,0
0,-1,1,0,0
0,-1,0,0,0
0,-1,0,0,0
0,-1,9,0,0
0,-1,18,0,0
0,-1,0,0,0
0,-1,0,0,0
0,-1,22,0,0
0,-1,0,0,0
0,-1,1,0,0
0,-1,4,0,0
0,-1,0,0,0
0,-1,12,0,0
0,-1,12,0,0
0,-1,0,0,0
0,-1,13,0,0
0,-1,13,0,0
0,-1,13,0,0
0,-1,20,0,0
0,-1,20,0,0
0,-1,20,0,0
0,-1,21,0,0
0,-1,5,0,0
0,-1,0,0,0
0,-1,24,0,0
0,-1,24,0,0
0,-1,23,0,0
0,-1,25,0,0
0,-1,0,0,0
0,-1,0,0,0
0,-1,26,0,0
0,-1,26,0,0
0,-1,22,0,0
0,-1,2,0,0
0,-1,6,0,0
0,-1,0,0,0
0,-1,22,0,0
0,-1,22,0,0
0,-1,22,0,0
0,-1,40,0,0
0,-1,0,0,0
0,-1,9,0,0
0,-1,7,21,0
0,-1,7,21,0
0,-1,1,21,0
0,-1,29,3,0
0,-1,6,0,0
0,-1,6,0,0
0,-1,14,0,0
0,-1,5,58,0
0,-1,5,58,0
0,-1,175,58,0
0,-1,175,58,0
0,-1,175,58,0
0,-1,187,112,5
0,-1,209,112,5
0,-1,144,112,5
0,-1,5,112,5
0,-1,2,112,5
0,-1,9,1,5
0,-1,53,1,5
0,-1,53,1,5
0,-1,17,1,5
0,-1,5,15,5
0,-1,0,5,5
0,-1,0,5,5
0,-1,154,144,5
0,-1,154,144,5
0,-1,154,144,5
0,-1,119,144,5
0,-1,119,144,5
0,-1,119,144,5
0,-1,8,144,5
0,-1,9,77,5
0,-1,9,77,5
0,-1,8,77,5
0,-1,7,63,5
0,-1,7,63,5
1,2.0,72,63,5
0,-1,47,7,5
0,-1,47,7,5
0,-1,66,7,5
0,-1,37,7,5
0,-1,37,7,5
0,-1,9,7,5
0,-1,6,36,5
0,-1,6,36,5
0,-1,6,36,5
0,-1,102,31,2
0,-1,85,31,2
0,-1,85,31,2
0,-1,1,31,2
0,-1,69,23,0
0,-1,58,23,0
0,-1,17,0,0
0,-1,17,0,0
0,-1,45,8,0
0,-1,37,0,0
0,-1,37,0,0
0,-1,3,0,0
0,-1,6,2,0
0,-1,6,2,0
0,-1,42,2,0
0,-1,4,0,0
0,-1,4,0,0
0,-1,47,0,0
0,-1,0,0,0
0,-1,0,0,0
0,-1,49,0,0
0,-1,49,0,0
0,-1,3,0,0
0,-1,4,0,0
0,-1,4,0,0
0,-1,22,0,0
0,-1,0,0,0
0,-1,0,0,0
0,-1,16,0,0
0,-1,23,0,0
0,-1,23,0,0
0,-1,1,0,0
0,-1,7,0,0
0,-1,7,0,0
0,-1,11,0,0
0,-1,11,0,0
0,-1,11,0,0
0,-1,16,0,0
0,-1,0,0,0
0,-1,0,0,0
0,-1,13,0,0
0,-1,13,0,0
0,-1,1,0,0
0,-1,6,0,0
0,-1,0,0,0
0,-1,15,0,0
0,-1,15,0,0
0,-1,15,0,0
0,-1,12,0,0
0,-1,12,0,0
0,-1,12,0,0
0,-1,12,0,0
0,-1,6,0,0
0,-1,6,0,0
0,-1,6,0,0
0,-1,3,0,0
0,-1,3,0,0
0,-1,3,0,0
0,-1,9,0,0
0,-1,9,0,0
0,-1,5,0,0
0,-1,0,0,0
0,-1,2,0,0
0,-1,0,0,0
0,-1,2,0,0
0,-1,5,0,0
0,-1,0,0,0
0,-1,0,0,0
0,-1,1,0,0
0,-1,0,0,0
0,-1,0,0,0
0,-1,1,0,0
0,-1,1,0,0
0,-1,0,0,0
0,-1,0,0,0
0,-1,0,0,0
0,-1,0,0,0
0,-1,0,0,0
0,-1,0,0,0
0,-1,0,0,0
0,-1,0,0,0
0,-1,2,0,0
0,-1,0,0,0
0,-1,0,0,0
0,-1,0,0,0
0,-1,0,0,0
0,-1,0,0,0
0,-1,0,0,0
0,-1,0,0,0
0,-1,0,0,0
0,-1,0,0,0
0,-1,0,0,0
0,-1,0,0,0
0,-1,0,0,0
0,-1,0,0,0
0,-1,0,0,0
0,-1,0,0,0
0,-1,0,0,0
0,-1,0,0,0
0,-1,0,0,0
0,-1,0,0,0
0,-1,0,0,0
0,-1,0,0,0
0,-1,0,0,0
0,-1,0,0,0
0,-1,0,0,0
0,-1,0,0,0
0,-1,0,0,0
0,-1,0,0,0
0,-1,0,0,0
0,-1,0,0,0
0,-1,0,0,0
0,-1,0,0,0
0,-1,0,0,0
0,-1,0,0,0
0,-1,0,0,0
0,-1,0,0,0
0,-1,0,0,0
0,-1,0,0,0
0,-1,0,0,0
0,-1,0,0,0
0,-1,0,0,0
0,-1,0,0,0
0,-1,0,0,0
0,-1,0,0,0
0,-1,0,0,0
0,-1,0,0,0
0,-1,0,0,0
0,-1,0,0,0
0,-1,0,0,0
0,-1,0,0,0
0,-1,0,0,0
0,-1,0,0,0
0,-1,0,0,0
0,-1,0,0,0
0,-1,0,0,0
0,-1,0,0,0
0,-1,0,0,0
0,-1,0,0,0
0,-1,0,0,0
0,-1,0,0,0
0,-1,0,0,0
0,-1,0,0,0
0,-1,0,0,0
0,-1,0,0,0
0,-1,0,0,0
0,-1,0,0,0
0,-1,0,0,0
0,-1,0,0,0
0,-1,0,0,0
0,-1,0,0,0
0,-1,0,0,0
0,-1,0,0,0
0,-1,0,0,0
0,-1,0,0,0
0,-1,0,0,0
0,-1,0,0,0
0,-1,0,0,0
0,-1,0,0,0
0,-1,0,0,0
0,-1,0,0,0
0,-1,0,0,0
0,-1,0,0,0
0,-1,0,0,0
0,-1,0,0,0
0,-1,0,0,0
0,-1,0,0,0
0,-1,0,0,0
0,-1,0,0,0
0,-1,0,0,0
0,-1,0,0,0
0,-1,0,0,0
0,-1,0,0,0
0,-1,0,0,0
0,-1,0,0,0
0,-1,0,0,0
0,-1,0,0,0
0,-1,0,0,0
0,-1,0,0,0
0,-1,0,0,0
0,-1,0,0,0
0,-1,0,0,0
0,-1,0,0,0
0,-1,0,0,0
0,-1,0,0,0
0,-1,0,0,0
0,-1,0,0,0
0,-1,0,0,0
0,-1,0,0,0
0,-1,0,0,0
0,-1,0,0,0
0,-1,0,0,0
0,-1,0,0,0
0,-1,0,0,0
0,-1,0,0,0
0,-1,0,0,0
0,-1,0,0,0
0,-1,0,0,0
0,-1,0,0,0
0,-1,0,0,0
0,-1,0,0,0
0,-1,0,0,0
0,-1,0,0,0
0,-1,0,0,0
0,-1,0,0,0
0,-1,0,0,0
0,-1,0,0,0
0,-1,0,0,0
0,-1,0,0,0
0,-1,0,0,0
0,-1,0,0,0
0,-1,0,0,0
0,-1,0,0,0
0,-1,0,0,0
0,-1,0,0,0
0,-1,0,0,0
0,-1,0,0,0
0,-1,0,0,0
0,-1,0,0,0
0,-1,0,0,0
0,-1,0,0,0
0,-1,0,0,0
0,-1,0,0,0
0,-1,0,0,0
0,-1,0,0,0
0,-1,0,0,0
0,-1,0,0,0
0,-1,0,0,0
0,-1,0,0,0
0,-1,0,0,0
0,-1,0,0,0
0,-1,0,0,0
0,-1,0,0,0
0,-1,0,0,0
0,-1,0,0,0
0,-1,0,0,0
0,-1,0,0,0
0,-1,0,0,0
0,-1,0,0,0
0,-1,0,0,0
0,-1,0,0,0
0,-1,0,0,0
0,-1,0,0,0
0,-1,0,0,0
0,-1,0,0,0
0,-1,0,0,0
0,-1,0,0,0
0,-1,0,0,0
0,-1,0,0,0
0,-1,0,0,0
0,-1,0,0,0
0,-1,0,0,0
0,-1,0,0,0
0,-1,0,0,0
0,-1,0,0,0
0,-1,0,0,0
0,-1,0,0,0
0,-1,0,0,0
0,-1,0,0,0
0,-1,0,0,0
0,-1,0,0,0
0,-1,0,0,0
0,-1,0,0,0
0,-1,0,0,0
0,-1,0,0,0
0,-1,0,0,0
0,-1,0,0,0
0,-1,0,0,0
0,-1,0,0,0
0,-1,0,0,0
0,-1,0,0,0
0,-1,0,0,0
0,-1,0,0,0
0,-1,0,0,0
0,-1,0,0,0
0,-1,0,0,0
0,-1,0,0,0
0,-1,0,0,0
0,-1,0,0,0
0,-1,0,0,0
0,-1,0,0,0
0,-1,0,0,0
0,-1,0,0,0
0,-1,0,0,0
0,-1,0,0,0
0,-1,0,0,0
0,-1,0,0,0
0,-1,0,0,0
0,-1,0,0,0
0,-1,0,0,0
0,-1,0,0,0
0,-1,0,0,0
0,-1,0,0,0
0,-1,0,0,0
0,-1,0,0,0
0,-1,0,0,0
0,-1,0,0,0
0,-1,0,0,0
0,-1,0,0,0
0,-1,0,0,0
0,-1,0,0,0
0,-1,0,0,0
0,-1,0,0,0
0,-1,0,0,0
0,-1,0,0,0
0,-1,0,0,0
0,-1,0,0,0
0,-1,0,0,0
0,-1,0,0,0
0,-1,0,0,0
0,-1,0,0,0
0,-1,0,0,0
0,-1,0,0,0
0,-1,0,0,0
0,-1,0,0,0
0,-1,0,0,0
0,-1,0,0,0
0,-1,0,0,0
0,-1,0,0,0
0,-1,0,0,0
0,-1,0,0,0
0,-1,0,0,0
0,-1,0,0,0
0,-1,0,0,0
0,-1,0,0,0
0,-1,0,0,0
0,-1,0,0,0
0,-1,0,0,0
0,-1,0,0,0
0,-1,0,0,0
0,-1,0,0,0
0,-1,0,0,0
0,-1,0,0,0
0,-1,0,0,0
0,-1,0,0,0
0,-1,0,0,0
0,-1,0,0,0
0,-1,0,0,0
0,-1,0,0,0
0,-1,0,0,0
0,-1,0,0,0
0,-1,0,0,0
0,-1,0,0,0
0,-1,0,0,0
0,-1,0,0,0
0,-1,0,0,0
0,-1,0,0,0
0,-1,0,0,0
0,-1,0,0,0
0,-1,0,0,0
0,-1,0,0,0
0,-1,0,0,0
0,-1,0,0,0
0,-1,0,0,0
0,-1,0,0,0
0,-1,0,0,0
0,-1,0,0,0
0,-1,0,0,0
0,-1,0,0,0
0,-1,0,0,0
0,-1,0,0,0
0,-1,0,0,0
0,-1,0,0,0
0,-1,0,0,0
0,-1,0,0,0
0,-1,0,0,0
0,-1,0,0,0
0,-1,0,0,0
0,-1,0,0,0
0,-1,0,0,0
0,-1,0,0,0
0,-1,0,0,0
0,-1,0,0,0
0,-1,0,0,0
0,-1,0,0,0
0,-1,0,0,0
0,-1,0,0,0
0,-1,0,0,0
0,-1,0,0,0
0,-1,0,0,0
0,-1,0,0,0
0,-1,0,0,0
0,-1,0,0,0
0,-1,0,0,0
0,-1,0,0,0
0,-1,0,0,0
0,-1,0,0,0
0,-1,0,0,0
0,-1,0,0,0
0,-1,0,0,0
0,-1,0,0,0
0,-1,0,0,0
0,-1,0,0,0
0,-1,0,0,0
0,-1,0,0,0
0,-1,0,0,0
0,-1,0,0,0
0,-1,0,0,0
0,-1,0,0,0
0,-1,0,0,0
0,-1,0,0,0
0,-1,0,0,0
0,-1,0,0,0
0,-1,0,0,0
0,-1,0,0,0
0,-1,0,0,0
0,-1,0,0,0
0,-1,0,0,0
0,-1,0,0,0
0,-1,0,0,0
0,-1,0,0,0
0,-1,0,0,0
0,-1,0,0,0
0,-1,0,0,0
0,-1,0,0,0
0,-1,0,0,0
0,-1,0,0,0
0,-1,0,0,0
0,-1,0,0,0
0,-1,0,0,0
0,-1,0,0,0
0,-1,0,0,0
0,-1,0,0,0
0,-1,0,0,0
0,-1,0,0,0
0,-1,0,0,0
0,-1,0,0,0
0,-1,0,0,0
0,-1,0,0,0
0,-1,0,0,0
0,-1,0,0,0
0,-1,0,0,0
0,-1,0,0,0
0,-1,0,0,0
0,-1,0,0,0
0,-1,0,0,0
0,-1,0,0,0
0,-1,3,0,0
0,-1,0,0,0
0,-1,0,0,0
0,-1,10,0,0
0,-1,25,0,0
0,-1,0,0,0
0,-1,0,0,0
0,-1,31,0,0
0,-1,31,0,0
0,-1,39,0,0
0,-1,39,0,0
0,-1,0,0,0
0,-1,45,0,0
0,-1,45,0,0
0,-1,45,0,0
0,-1,36,0,0
0,-1,0,0,0
0,-1,23,0,0
0,-1,23,0,0
0,-1,2,0,0
0,-1,4,0,0
0,-1,4,0,0
0,-1,47,0,0
0,-1,47,0,0
0,-1,47,0,0
0,-1,40,0,0
0,-1,0,0,0
0,-1,0,0,0
0,-1,32,0,0
0,-1,32,0,0
0,-1,2,0,0
0,-1,7,0,0
0,-1,0,0,0
0,-1,27,0,0
0,-1,27,0,0
0,-1,27,0,0
0,-1,33,0,0
0,-1,0,0,0
0,-1,0,0,0
0,-1,19,0,0
0,-1,19,0,0
0,-1,1,0,0
0,-1,8,0,0
0,-1,8,0,0
0,-1,18,0,0
0,-1,18,0,0
0,-1,18,0,0
0,-1,34,0,0
0,-1,0,0,0
0,-1,0,0,0
0,-1,28,0,0
0,-1,0,0,0
0,-1,2,0,0
0,-1,5,0,0
0,-1,0,0,0
0,-1,31,0,0
0,-1,31,0,0
0,-1,0,0,0
0,-1,48,0,0
0,-1,48,0,0
0,-1,48,0,0
0,-1,91,0,0
0,-1,91,0,0
0,-1,104,0,0
0,-1,0,2,0
0,-1,0,2,0
0,-1,1,2,0
0,-1,22,0,0
0,-1,22,0,0
0,-1,22,0,0
0,-1,17,0,0
0,-1,4,49,0
0,-1,4,49,0
0,-1,241,49,0
0,-1,241,49,0
0,-1,11,49,0
0,-1,242,49,0
0,-1,42,49,0
0,-1,2,49,0
0,-1,2,49,0
0,-1,90,3,0
0,-1,5,11,0
0,-1,5,11,0
0,-1,324,38,0
0,-1,8,40,0
0,-1,8,40,0
0,-1,298,40,0
0,-1,298,40,0
0,-1,298,40,0
0,-1,248,40,0
0,-1,31,1,0
0,-1,2,1,0
0,-1,229,1,0
0,-1,27,1,0
0,-1,1,1,0
0,-1,2,1,0
0,-1,3,2,0
0,-1,2,2,0
0,-1,2,2,0
0,-1,15,2,0
0,-1,6,25,0
0,-1,6,25,0
0,-1,126,25,0
1,3.0,126,25,0
0,-1,7,25,0
0,-1,104,25,0
0,-1,104,25,0
0,-1,7,25,0
0,-1,85,41,0
0,-1,3,42,0
0,-1,3,42,0
0,-1,3,42,0
0,-1,6,42,0
0,-1,6,43,0
0,-1,6,43,0
0,-1,50,43,0
0,-1,22,43,0
0,-1,22,43,0
0,-1,30,9,0
0,-1,30,9,0
0,-1,3,9,0
0,-1,6,4,0
0,-1,6,4,0
0,-1,3,4,0
0,-1,8,1,0
0,-1,8,1,0
0,-1,43,1,0
0,-1,0,0,0
0,-1,0,0,0
0,-1,31,0,0
0,-1,25,0,0
0,-1,25,0,0
0,-1,2,0,0
0,-1,7,0,0
0,-1,7,0,0
0,-1,27,0,0
0,-1,27,0,0
0,-1,27,0,0
0,-1,20,0,0
0,-1,0,0,0
0,-1,0,0,0
0,-1,27,0,0
0,-1,0,0,0
0,-1,2,0,0
0,-1,4,0,0
0,-1,0,0,0
0,-1,22,0,0
0,-1,22,0,0
0,-1,22,0,0
0,-1,24,0,0
0,-1,24,0,0
0,-1,24,0,0
0,-1,15,0,0
0,-1,15,0,0
0,-1,17,0,0
0,-1,17,0,0
0,-1,2,0,0
0,-1,7,0,0
0,-1,7,0,0
0,-1,20,0,0
0,-1,20,0,0
0,-1,20,0,0
0,-1,22,0,0
0,-1,16,0,0
0,-1,16,0,0
0,-1,2,0,0
0,-1,0,0,0
0,-1,0,0,0
0,-1,20,0,0
0,-1,20,0,0
0,-1,20,0,0
0,-1,17,0,0
0,-1,0,0,0
0,-1,0,0,0
0,-1,24,0,0
0,-1,0,0,0
0,-1,1,0,0
0,-1,7,0,0
0,-1,0,0,0
0,-1,2,0,0
0,-1,9,0,0
0,-1,0,0,0
0,-1,30,0,0
0,-1,30,0,0
0,-1,30,0,0
0,-1,24,0,0
0,-1,24,0,0
0,-1,24,0,0
0,-1,26,0,0
0,-1,6,0,0
0,-1,0,0,0
0,-1,23,0,0
0,-1,23,0,0
0,-1,23,0,0
0,-1,20,0,0
0,-1,20,0,0
0,-1,20,0,0
0,-1,14,0,0
0,-1,0,0,0
0,-1,20,0,0
0,-1,20,0,0
0,-1,2,0,0
0,-1,4,0,0
0,-1,0,0,0
0,-1,33,0,0
0,-1,33,0,0
0,-1,33,0,0
0,-1,32,0,0
0,-1,0,0,0
0,-1,0,0,0
0,-1,47,0,0
0,-1,7,0,0
0,-1,0,0,0
0,-1,6,0,0
0,-1,1,0,0
0,-1,1,0,0
0,-1,80,0,0
0,-1,0,1,0
0,-1,0,1,0
0,-1,105,1,0
0,-1,105,1,0
0,-1,105,1,0
0,-1,119,1,0
0,-1,13,1,0
0,-1,13,1,0
0,-1,1,1,0
0,-1,45,2,0
0,-1,3,8,0
0,-1,3,8,0
0,-1,152,21,0
0,-1,9,23,0
0,-1,9,23,0
0,-1,152,23,0
0,-1,152,23,0
0,-1,152,23,0
0,-1,206,23,0
0,-1,91,1,0
0,-1,2,1,0
0,-1,2,1,0
0,-1,35,98,0
0,-1,0,10,0
0,-1,0,10,0
0,-1,20,10,0
0,-1,1,77,0
0,-1,1,77,0
0,-1,180,72,11
0,-1,155,72,11
0,-1,155,72,11
0,-1,9,72,11
0,-1,143,72,11
0,-1,143,72,11
0,-1,143,72,11
0,-1,1,72,11
0,-1,2,4,11
0,-1,9,9,11
0,-1,9,9,11
0,-1,93,47,11
0,-1,93,47,11
0,-1,6,47,11
0,-1,89,47,11
0,-1,53,4,11
1,3.0,73,62,3
0,-1,57,4,3
0,-1,9,3,3
0,-1,9,3,3
0,-1,4,3,3
0,-1,4,40,3
0,-1,4,40,3
0,-1,34,40,3
0,-1,34,40,3
0,-1,0,40,3
0,-1,26,16,0
0,-1,31,16,0
0,-1,9,0,0
0,-1,9,0,0
0,-1,25,0,0
0,-1,25,0,0
0,-1,1,0,0
0,-1,4,0,0
0,-1,4,0,0
0,-1,23,0,0
0,-1,0,0,0
0,-1,0,0,0
0,-1,22,0,0
0,-1,22,0,0
0,-1,1,0,0
0,-1,6,0,0
0,-1,0,0,0
0,-1,1,0,0
0,-1,4,0,0
0,-1,4,0,0
0,-1,15,0,0
0,-1,0,0,0
0,-1,0,0,0
0,-1,23,0,0
0,-1,21,0,0
0,-1,21,0,0
0,-1,1,0,0
0,-1,8,0,0
0,-1,8,0,0
0,-1,10,0,0
0,-1,10,0,0
0,-1,10,0,0
0,-1,6,0,0
0,-1,6,0,0
0,-1,6,0,0
0,-1,6,0,0
0,-1,1,0,0
0,-1,1,0,0
0,-1,1,0,0
0,-1,0,0,0
0,-1,0,0,0
0,-1,0,0,0
0,-1,5,0,0
0,-1,5,0,0
0,-1,5,0,0
0,-1,13,0,0
0,-1,13,0,0
0,-1,1,0,0
0,-1,1,0,0
0,-1,0,0,0
0,-1,10,0,0
0,-1,10,0,0
0,-1,10,0,0
0,-1,8,0,0
0,-1,8,0,0
0,-1,12,0,0
0,-1,12,0,0
0,-1,1,0,0
0,-1,9,0,0
0,-1,0,0,0
0,-1,14,0,0
0,-1,14,0,0
0,-1,14,0,0
0,-1,11,0,0
0,-1,12,0,0
0,-1,0,0,0
0,-1,0,0,0
0,-1,15,0,0
0,-1,15,0,0
0,-1,2,0,0
0,-1,0,0,0
0,-1,0,0,0
0,-1,24,0,0
0,-1,24,0,0
0,-1,24,0,0
0,-1,31,0,0
0,-1,0,0,0
0,-1,0,0,0
0,-1,45,0,0
0,-1,45,0,0
0,-1,4,0,0
0,-1,7,0,0
0,-1,0,0,0
0,-1,70,0,0
0,-1,70,0,0
0,-1,0,0,0
0,-1,91,0,2
0,-1,113,0,2
0,-1,113,0,2
0,-1,4,0,2
0,-1,128,7,3
0,-1,158,7,3
0,-1,7,6,3
0,-1,7,6,3
0,-1,1,6,3
0,-1,81,2,3
0,-1,4,2,3
0,-1,4,2,3
0,-1,16,2,3
0,-1,6,69,3
0,-1,6,69,3
0,-1,6,69,3
0,-1,176,72,3
0,-1,176,72,3
0,-1,15,72,3
0,-1,193,72,3
0,-1,56,1,3
0,-1,56,1,3
0,-1,2,1,3
0,-1,22,6,3
0,-1,8,15,3
0,-1,8,15,3
0,-1,2,15,3
0,-1,3,67,3
0,-1,3,67,3
0,-1,3,67,3
0,-1,21,67,3
0,-1,3,53,3
0,-1,3,53,3
0,-1,190,54,16
0,-1,186,54,16
0,-1,186,54,16
0,-1,14,54,16
0,-1,181,54,16
0,-1,35,54,16
0,-1,35,54,16
0,-1,1,54,16
0,-1,16,2,16
0,-1,4,7,16
0,-1,4,7,16
0,-1,96,22,16
1,3.0,96,22,16
0,-1,4,22,16
0,-1,60,22,16
0,-1,13,3,16
0,-1,49,14,2
0,-1,53,2,2
0,-1,4,1,2
0,-1,4,1,2
0,-1,4,1,2
0,-1,6,18,2
0,-1,0,18,2
0,-1,35,18,2
0,-1,35,18,2
0,-1,0,18,2
0,-1,37,19,0
0,-1,30,1,0
0,-1,4,0,0
0,-1,28,5,0
0,-1,2,5,0
0,-1,1,0,0
0,-1,0,0,0
0,-1,16,0,0
0,-1,16,0,0
0,-1,16,0,0
0,-1,12,0,0
0,-1,0,0,0
0,-1,0,0,0
0,-1,10,0,0
0,-1,20,0,0
0,-1,20,0,0
0,-1,1,0,0
0,-1,4,0,0
0,-1,0,0,0
0,-1,9,0,0
0,-1,0,0,0
0,-1,0,0,0
0,-1,7,0,0
0,-1,7,0,0
0,-1,2,0,0
0,-1,2,0,0
0,-1,3,0,0
0,-1,0,0,0
0,-1,0,0,0
0,-1,2,0,0
0,-1,0,0,0
0,-1,0,0,0
0,-1,0,0,0
0,-1,0,0,0
0,-1,0,0,0
0,-1,0,0,0
0,-1,0,0,0
0,-1,0,0,0
0,-1,0,0,0
0,-1,0,0,0
0,-1,0,0,0
0,-1,0,0,0
0,-1,0,0,0
0,-1,0,0,0
0,-1,0,0,0
0,-1,0,0,0
0,-1,0,0,0
0,-1,0,0,0
0,-1,0,0,0
0,-1,0,0,0
0,-1,0,0,0
0,-1,1,0,0
0,-1,1,0,0
0,-1,1,0,0
0,-1,2,0,0
0,-1,2,0,0
0,-1,1,0,0
0,-1,1,0,0
0,-1,1,0,0
0,-1,0,0,0
0,-1,0,0,0
0,-1,0,0,0
0,-1,3,0,0
0,-1,0,0,0
0,-1,0,0,0
0,-1,0,0,0
0,-1,0,0,0
0,-1,0,0,0
0,-1,0,0,0
0,-1,0,0,0
0,-1,0,0,0
0,-1,0,0,0
0,-1,0,0,0
0,-1,3,0,0
0,-1,3,0,0
0,-1,0,0,0
0,-1,0,0,0
0,-1,1,0,0
0,-1,1,0,0
0,-1,1,0,0
0,-1,1,0,0
0,-1,0,0,0
0,-1,0,0,0
0,-1,1,0,0
0,-1,1,0,0
0,-1,2,0,0
0,-1,0,0,0
0,-1,0,0,0
0,-1,0,0,0
0,-1,0,0,0
0,-1,0,0,0
0,-1,0,0,0
0,-1,0,0,0
0,-1,2,0,0
0,-1,2,0,0
0,-1,2,0,0
0,-1,5,0,0
0,-1,5,0,0
0,-1,6,0,0
0,-1,6,0,0
0,-1,6,0,0
0,-1,5,0,0
0,-1,0,0,0
0,-1,0,0,0
0,-1,9,0,0
0,-1,9,0,0
0,-1,9,0,0
0,-1,19,0,0
0,-1,19,0,0
0,-1,2,0,0
0,-1,3,0,0
0,-1,0,0,0
0,-1,33,0,0
0,-1,33,0,0
0,-1,33,0,0
0,-1,82,0,0
0,-1,0,0,0
0,-1,0,0,0
0,-1,93,0,1
0,-1,142,0,1
0,-1,12,6,1
0,-1,12,6,1
0,-1,1,6,1
0,-1,49,2,1
0,-1,5,2,1
0,-1,5,2,1
0,-1,16,2,1
0,-1,3,66,1
0,-1,3,66,1
0,-1,3,66,1
0,-1,176,67,1
0,-1,176,67,1
0,-1,27,67,1
0,-1,191,67,1
0,-1,65,67,1
0,-1,5,67,1
0,-1,1,67,1
0,-1,85,8,1
0,-1,7,23,1
0,-1,7,23,1
0,-1,215,92,1
0,-1,3,95,1
0,-1,3,95,1
0,-1,3,95,1
0,-1,16,95,1
0,-1,9,82,1
0,-1,9,82,1
0,-1,9,82,1
0,-1,139,71,1
0,-1,139,71,1
0,-1,15,71,1
0,-1,161,71,1
0,-1,60,1,1
0,-1,2,1,1
0,-1,1,1,1
0,-1,34,1,1
0,-1,49,1,1
0,-1,49,1,1
0,-1,83,1,1
0,-1,83,1,1
0,-1,8,1,1
0,-1,64,1,1
0,-1,64,1,1
0,-1,7,1,1
0,-1,51,1,1
1,3.0,21,1,1
0,-1,21,1,1
0,-1,44,4,1
0,-1,0,2,1
0,-1,0,2,1
0,-1,43,50,1
0,-1,43,50,1
0,-1,1,50,1
0,-1,28,50,1
0,-1,28,50,1
0,-1,0,50,1
0,-1,20,50,1
0,-1,18,0,1
0,-1,18,0,1
0,-1,16,2,1
0,-1,6,2,1
0,-1,6,2,1
0,-1,1,2,1
0,-1,2,15,1
0,-1,2,15,1
0,-1,15,15,1
0,-1,15,15,1
0,-1,15,15,1
0,-1,9,0,1
0,-1,9,0,1
0,-1,12,0,1
0,-1,12,0,1
0,-1,10,1,1
0,-1,10,1,1
0,-1,3,1,1
0,-1,0,0,1
0,-1,0,0,1
0,-1,4,0,1
0,-1,4,0,1
0,-1,4,0,1
0,-1,3,0,1
0,-1,3,0,1
0,-1,0,0,1
0,-1,0,0,1
0,-1,0,0,1
0,-1,0,0,1
0,-1,0,0,1
0,-1,0,0,1
0,-1,1,0,1
0,-1,0,0,1
0,-1,0,0,1
0,-1,0,0,1
0,-1,1,0,1
0,-1,1,0,1
0,-1,0,0,1
0,-1,1,0,1
0,-1,1,0,1
0,-1,1,0,1
0,-1,9,0,1
0,-1,9,0,1
0,-1,7,0,1
0,-1,7,0,1
0,-1,5,0,1
0,-1,0,0,1
0,-1,3,0,0
0,-1,11,0,0
0,-1,11,0,0
0,-1,11,0,0
0,-1,10,0,0
0,-1,10,0,0
0,-1,4,0,0
0,-1,0,0,0
0,-1,3,0,0
0,-1,3,0,0
0,-1,3,0,0
0,-1,2,0,0
0,-1,2,0,0
0,-1,2,0,0
0,-1,21,0,0
0,-1,0,0,0
0,-1,0,0,0
0,-1,20,0,0
0,-1,16,0,0
0,-1,16,0,0
0,-1,1,0,0
0,-1,7,0,0
0,-1,7,0,0
0,-1,13,0,0
0,-1,13,0,0
0,-1,13,0,0
0,-1,22,0,0
0,-1,0,0,0
0,-1,0,0,0
0,-1,20,0,0
0,-1,20,0,0
0,-1,2,0,0
0,-1,8,0,0
0,-1,0,0,0
0,-1,45,0,0
0,-1,45,0,0
0,-1,45,0,0
0,-1,63,0,0
0,-1,63,0,0
0,-1,63,0,0
0,-1,98,1,0
0,-1,98,1,0
0,-1,1,1,0
0,-1,4,1,0
0,-1,0,3,0
0,-1,0,3,0
0,-1,1,3,0
0,-1,9,0,0
0,-1,7,7,0
0,-1,11,7,0
0,-1,13,7,0
0,-1,0,18,0
0,-1,0,18,0
0,-1,0,18,0
0,-1,141,18,0
0,-1,141,18,0
0,-1,11,18,0
0,-1,184,18,0
0,-1,31,1,0
0,-1,3,1,0
0,-1,208,31,0
0,-1,16,3,0
0,-1,5,14,0
0,-1,5,14,0
0,-1,27,14,0
0,-1,7,41,0
0,-1,7,41,0
0,-1,7,41,0
0,-1,217,41,0
0,-1,217,41,0
0,-1,11,41,0
0,-1,184,41,0
0,-1,184,41,0
0,-1,11,41,0
0,-1,201,41,0
0,-1,35,41,0
0,-1,35,41,0
0,-1,1,41,0
0,-1,70,4,0
0,-1,0,7,0
0,-1,0,7,0
0,-1,133,25,0
0,-1,4,11,0
0,-1,4,11,0
0,-1,81,11,0
0,-1,0,4,0
0,-1,62,0,3
0,-1,53,0,3
0,-1,53,0,3
0,-1,4,0,3
1,3.0,5,0,3
0,-1,0,0,3
0,-1,35,0,3
0,-1,35,0,3
0,-1,0,0,3
0,-1,27,0,3
0,-1,8,0,3
0,-1,15,6,3
0,-1,15,6,3
0,-1,1,6,3
0,-1,2,0,3
0,-1,0,0,3
0,-1,16,0,3
0,-1,16,0,3
0,-1,16,0,3
0,-1,16,0,0
0,-1,15,0,0
0,-1,0,0,0
0,-1,0,0,0
0,-1,9,0,0
0,-1,9,0,0
0,-1,9,0,0
0,-1,6,0,0
0,-1,1,0,0
0,-1,0,0,0
0,-1,0,0,0
0,-1,0,0,0
0,-1,0,0,0
0,-1,0,0,0
0,-1,7,0,0
0,-1,7,0,0
0,-1,7,0,0
0,-1,7,0,0
0,-1,4,0,0
0,-1,1,0,0
0,-1,1,0,0
0,-1,0,0,0
0,-1,0,0,0
0,-1,5,0,0
0,-1,5,0,0
0,-1,5,0,0
0,-1,2,0,0
0,-1,0,0,0
0,-1,2,0,0
0,-1,0,0,0
0,-1,0,0,0
0,-1,1,0,0
0,-1,1,0,0
0,-1,1,0,0
0,-1,1,0,0
0,-1,1,0,0
0,-1,2,0,0
0,-1,2,0,0
0,-1,5,0,0
0,-1,5,0,0
0,-1,12,0,0
0,-1,0,0,0
0,-1,0,0,0
0,-1,13,0,0
0,-1,13,0,0
0,-1,8,0,0
0,-1,10,0,0
0,-1,10,0,0
0,-1,10,0,0
0,-1,8,0,0
0,-1,0,0,0
0,-1,0,0,0
0,-1,14,0,0
0,-1,14,0,0
0,-1,9,0,0
0,-1,0,0,0
0,-1,7,0,0
0,-1,7,0,0
0,-1,7,0,0
0,-1,2,0,0
0,-1,2,0,0
0,-1,10,0,0
0,-1,0,0,0
0,-1,1,0,0
0,-1,2,0,0
0,-1,0,0,0
0,-1,8,0,0
0,-1,0,0,0
0,-1,0,0,0
0,-1,7,0,0
0,-1,0,0,0
0,-1,4,0,0
0,-1,0,0,0
0,-1,8,0,0
0,-1,8,0,0
0,-1,0,0,0
0,-1,1,0,0
0,-1,0,0,0
0,-1,0,0,0
0,-1,2,0,0
0,-1,2,0,0
0,-1,1,0,0
0,-1,1,0,0
0,-1,0,0,0
0,-1,0,0,0
0,-1,0,0,0
0,-1,0,0,0
0,-1,0,0,0
0,-1,0,0,0
0,-1,0,0,0
0,-1,0,0,0
0,-1,5,0,0
0,-1,4,0,0
0,-1,4,0,0
0,-1,4,0,0
0,-1,2,0,0
0,-1,11,0,0
0,-1,11,0,0
0,-1,11,0,0
0,-1,6,0,0
0,-1,6,0,0
0,-1,4,0,0
0,-1,0,0,0
0,-1,5,0,0
0,-1,0,0,0
0,-1,5,0,0
0,-1,5,0,0
0,-1,17,0,0
0,-1,15,0,0
0,-1,15,0,0
0,-1,15,0,0
0,-1,9,0,0
0,-1,9,0,0
0,-1,7,0,0
0,-1,0,0,0
0,-1,8,0,0
0,-1,8,0,0
0,-1,8,0,0
0,-1,7,0,0
0,-1,7,0,0
0,-1,7,0,0
0,-1,4,0,0
0,-1,4,0,0
0,-1,1,0,0
0,-1,0,0,0
0,-1,0,0,0
0,-1,0,0,0
0,-1,0,0,0
0,-1,0,0,0
0,-1,1,0,0
0,-1,2,0,0
0,-1,2,0,0
0,-1,0,0,0
0,-1,0,0,0
0,-1,0,0,0
0,-1,0,0,0
0,-1,1,0,0
0,-1,0,0,0
0,-1,0,0,0
0,-1,10,0,0
0,-1,10,0,0
0,-1,10,0,0
0,-1,3,0,0
0,-1,3,0,0
0,-1,0,0,0
0,-1,0,0,0
0,-1,0,0,0
0,-1,0,0,0
0,-1,0,0,0
0,-1,0,0,0
0,-1,0,0,0
0,-1,0,0,0
0,-1,0,0,0
0,-1,0,0,0
0,-1,0,0,0
0,-1,0,0,0
0,-1,0,0,0
0,-1,0,0,0
0,-1,0,0,0
0,-1,0,0,0
0,-1,0,0,0
0,-1,0,0,0
0,-1,0,0,0
0,-1,0,0,0
0,-1,0,0,0
0,-1,0,0,0
0,-1,0,0,0
0,-1,0,0,0
0,-1,0,0,0
0,-1,0,0,0
0,-1,0,0,0
0,-1,0,0,0
0,-1,0,0,0
0,-1,0,0,0
0,-1,0,0,0
0,-1,0,0,0
0,-1,0,0,0
0,-1,0,0,0
0,-1,0,0,0
0,-1,0,0,0
0,-1,0,0,0
0,-1,0,0,0
0,-1,0,0,0
0,-1,0,0,0
0,-1,0,0,0
0,-1,0,0,0
0,-1,0,0,0
0,-1,0,0,0
0,-1,0,0,0
0,-1,0,0,0
0,-1,0,0,0
0,-1,0,0,0
0,-1,0,0,0
0,-1,0,0,0
0,-1,0,0,0
0,-1,1,0,0
0,-1,0,0,0
0,-1,0,0,0
0,-1,0,0,0
0,-1,0,0,0
0,-1,0,0,0
0,-1,0,0,0
0,-1,0,0,0
0,-1,0,0,0
0,-1,0,0,0
0,-1,0,0,0
0,-1,0,0,0
0,-1,0,0,0
0,-1,0,0,0
0,-1,0,0,0
0,-1,0,0,0
0,-1,0,0,0
0,-1,0,0,0
0,-1,0,0,0
0,-1,0,0,0
0,-1,0,0,0
0,-1,0,0,0
0,-1,0,0,0
0,-1,0,0,0
0,-1,0,0,0
0,-1,0,0,0
0,-1,0,0,0
0,-1,0,0,0
0,-1,0,0,0
0,-1,0,0,0
0,-1,0,0,0
0,-1,0,0,0
0,-1,0,0,0
0,-1,0,0,0
0,-1,0,0,0
0,-1,0,0,0
0,-1,0,0,0
0,-1,0,0,0
0,-1,4,0,0
0,-1,4,0,0
0,-1,4,0,0
0,-1,7,0,0
0,-1,0,0,0
0,-1,0,0,0
0,-1,1,0,0
0,-1,1,0,0
0,-1,0,0,0
0,-1,0,0,0
0,-1,0,0,0
0,-1,0,0,0
0,-1,0,0,0
0,-1,8,0,0
0,-1,0,0,0
0,-1,0,0,0
0,-1,12,0,0
0,-1,18,0,0
0,-1,18,0,0
0,-1,24,0,0
0,-1,2,0,0
0,-1,2,0,0
0,-1,0,0,0
0,-1,17,0,0
0,-1,17,0,0
0,-1,17,0,0
0,-1,25,0,0
0,-1,0,0,0
0,-1,0,0,0
0,-1,17,0,0
0,-1,4,0,0
0,-1,0,0,0
0,-1,2,0,0
0,-1,7,0,0
0,-1,7,0,0
0,-1,19,0,0
0,-1,0,0,0
0,-1,0,0,0
0,-1,17,0,0
0,-1,0,0,0
0,-1,0,0,0
0,-1,20,0,0
0,-1,20,0,0
0,-1,2,0,0
0,-1,6,0,0
0,-1,0,0,0
0,-1,2,0,0
0,-1,5,0,0
0,-1,5,0,0
0,-1,19,0,0
0,-1,0,0,0
0,-1,0,0,0
0,-1,16,0,0
0,-1,29,0,0
0,-1,29,0,0
0,-1,2,0,0
0,-1,4,0,0
0,-1,4,0,0
0,-1,30,0,0
0,-1,30,0,0
0,-1,30,0,0
0,-1,34,0,0
0,-1,0,0,0
0,-1,0,0,0
0,-1,36,0,0
0,-1,36,0,0
0,-1,3,0,0
0,-1,0,0,0
0,-1,0,0,0
0,-1,37,0,0
0,-1,0,0,0
0,-1,0,0,0
0,-1,29,0,0
0,-1,29,0,0
0,-1,3,0,0
0,-1,0,0,0
0,-1,0,0,0
0,-1,2,0,0
0,-1,5,2,0
0,-1,0,2,0
0,-1,32,0,0
0,-1,25,0,0
0,-1,0,0,0
0,-1,0,0,0
0,-1,30,0,0
0,-1,0,0,0
0,-1,2,0,0
0,-1,3,0,0
0,-1,3,0,0
0,-1,27,0,0
0,-1,27,0,0
0,-1,27,0,0
0,-1,20,0,0
0,-1,0,0,0
0,-1,0,0,0
0,-1,17,0,0
0,-1,17,0,0
0,-1,2,0,0
0,-1,8,0,0
0,-1,0,0,0
0,-1,24,0,0
0,-1,24,0,0
0,-1,24,0,0
0,-1,17,0,0
0,-1,17,0,0
0,-1,17,0,0
0,-1,27,0,0
0,-1,27,0,0
0,-1,26,0,0
0,-1,26,0,0
0,-1,3,0,0
0,-1,1,0,0
0,-1,1,0,0
0,-1,34,0,0
0,-1,0,0,0
0,-1,0,0,0
0,-1,34,0,0
0,-1,0,0,0
0,-1,3,0,0
0,-1,9,0,0
0,-1,0,0,0
0,-1,4,0,0
0,-1,6,0,0
0,-1,0,0,0
0,-1,49,0,0
0,-1,49,0,0
0,-1,49,0,0
0,-1,42,0,0
0,-1,7,0,0
0,-1,7,0,0
0,-1,41,1,0
0,-1,1,0,0
0,-1,0,0,0
0,-1,36,0,0
0,-1,36,0,0
0,-1,36,0,0
0,-1,44,0,0
0,-1,0,0,0
0,-1,0,0,0
0,-1,36,0,0
0,-1,36,0,0
0,-1,28,0,0
0,-1,28,0,0
0,-1,21,0,0
0,-1,21,0,0
0,-1,0,0,0
0,-1,39,0,0
0,-1,39,0,0
0,-1,31,4,0
0,-1,23,0,0
0,-1,23,0,0
0,-1,26,0,0
0,-1,26,0,0
0,-1,2,0,0
0,-1,6,0,0
0,-1,6,0,0
0,-1,24,0,0
0,-1,0,0,0
0,-1,0,0,0
0,-1,25,0,0
0,-1,0,0,0
0,-1,0,0,0
0,-1,18,0,0
0,-1,18,0,0
0,-1,2,0,0
0,-1,9,0,0
0,-1,0,0,0
0,-1,25,0,0
0,-1,25,0,0
0,-1,25,0,0
0,-1,21,0,0
0,-1,0,0,0
0,-1,0,0,0
0,-1,41,0,0
0,-1,41,0,0
0,-1,7,0,0
0,-1,9,0,0
0,-1,10,0,0
0,-1,7,0,0
0,-1,3,6,0
0,-1,25,6,0
0,-1,141,6,0
0,-1,141,6,0
0,-1,30,6,0
0,-1,162,42,37
0,-1,193,42,37
0,-1,59,4,37
0,-1,6,4,37
0,-1,205,4,37
0,-1,78,4,37
0,-1,78,4,37
0,-1,2,4,37
0,-1,17,1,37
0,-1,13,7,37
0,-1,2,7,37
0,-1,248,121,37
0,-1,6,13,37
0,-1,7,80,37
0,-1,7,80,37
0,-1,248,80,37
0,-1,248,80,37
0,-1,248,80,37
0,-1,248,80,37
0,-1,281,159,37
0,-1,154,159,37
0,-1,75,159,37
0,-1,266,159,37
0,-1,151,159,37
0,-1,71,159,37
0,-1,2,159,37
0,-1,33,1,37
0,-1,19,6,37
0,-1,5,6,37
0,-1,191,109,37
0,-1,4,86,37
0,-1,4,86,37
0,-1,4,86,37
0,-1,127,72,37
0,-1,127,72,37
0,-1,32,72,37
1,4.0,130,55,25
0,-1,103,55,25
0,-1,42,2,25
0,-1,0,2,25
0,-1,8,2,25
0,-1,4,29,25
0,-1,4,29,25
0,-1,4,29,25
0,-1,64,29,25
0,-1,64,29,25
0,-1,10,29,25
0,-1,53,29,25
0,-1,53,29,25
0,-1,7,29,25
0,-1,43,29,25
0,-1,17,29,25
0,-1,5,29,25
0,-1,0,5,25
0,-1,0,5,25
0,-1,4,5,25
0,-1,6,1,25
0,-1,2,1,25
0,-1,39,1,25
0,-1,39,1,25
0,-1,0,1,25
0,-1,31,1,25
0,-1,28,0,25
0,-1,28,0,25
0,-1,32,14,25
0,-1,8,3,25
0,-1,8,3,25
0,-1,2,3,25
0,-1,5,0,25
0,-1,5,0,25
0,-1,32,0,25
0,-1,0,0,25
0,-1,0,0,25
0,-1,25,0,25
0,-1,0,0,25
0,-1,0,0,25
0,-1,25,1,25
0,-1,7,1,25
0,-1,3,1,25
0,-1,4,0,25
0,-1,0,0,25
0,-1,29,0,25
0,-1,29,0,25
0,-1,29,0,25
0,-1,29,0,25
0,-1,0,0,25
0,-1,0,0,25
0,-1,23,0,0
0,-1,26,1,0
0,-1,9,0,0
0,-1,9,0,0
0,-1,2,0,0
0,-1,6,19,0
0,-1,6,19,0
0,-1,21,19,0
0,-1,21,19,0
0,-1,21,19,0
0,-1,33,19,0
0,-1,0,0,0
0,-1,0,0,0
0,-1,27,0,0
0,-1,27,0,0
0,-1,2,0,0
0,-1,3,0,0
0,-1,0,0,0
0,-1,19,0,0
0,-1,19,0,0
0,-1,19,0,0
0,-1,16,0,0
0,-1,16,0,0
0,-1,16,0,0
0,-1,12,0,0
0,-1,8,0,0
0,-1,0,0,0
0,-1,15,0,0
0,-1,15,0,0
0,-1,8,0,0
0,-1,0,0,0
0,-1,0,0,0
0,-1,11,0,0
0,-1,0,0,0
0,-1,0,0,0
0,-1,8,0,0
0,-1,8,0,0
0,-1,1,0,0
0,-1,1,0,0
0,-1,0,0,0
0,-1,1,0,0
0,-1,6,0,0
0,-1,0,0,0
0,-1,13,0,0
0,-1,13,0,0
0,-1,13,0,0
0,-1,9,0,0
0,-1,0,0,0
0,-1,14,0,0
0,-1,14,0,0
0,-1,17,0,0
0,-1,17,0,0
0,-1,23,0,0
0,-1,41,0,0
0,-1,3,0,0
0,-1,3,0,0
0,-1,57,7,0
0,-1,57,7,0
0,-1,83,2,0
0,-1,0,2,0
0,-1,0,2,0
0,-1,14,2,0
0,-1,7,65,0
0,-1,7,65,0
0,-1,7,65,0
0,-1,201,108,0
0,-1,201,108,0
0,-1,201,108,0
0,-1,201,108,0
0,-1,274,108,0
0,-1,274,108,0
0,-1,274,108,0
0,-1,315,108,0
0,-1,229,108,0
0,-1,50,108,0
0,-1,3,108,0
0,-1,37,264,0
0,-1,68,3,0
0,-1,9,3,0
0,-1,35,3,0
0,-1,2,23,0
0,-1,9,46,0
0,-1,308,247,45
0,-1,280,247,45
0,-1,280,247,45
0,-1,280,247,45
0,-1,280,247,45
0,-1,251,247,45
0,-1,251,247,45
0,-1,39,247,45
0,-1,215,247,45
0,-1,150,247,45
0,-1,32,247,45
0,-1,187,123,45
0,-1,58,9,45
0,-1,7,21,45
0,-1,7,21,45
1,4.0,12,21,45
0,-1,8,87,45
0,-1,8,87,45
0,-1,8,87,45
0,-1,98,87,45
0,-1,41,1,45
0,-1,3,1,45
0,-1,87,1,45
0,-1,25,1,45
0,-1,0,1,45
0,-1,80,2,45
0,-1,0,2,45
0,-1,6,2,45
0,-1,2,12,45
0,-1,2,12,45
0,-1,47,12,45
0,-1,47,12,45
0,-1,3,12,45
0,-1,45,12,45
0,-1,11,2,45
0,-1,11,2,45
0,-1,42,4,1
0,-1,37,0,1
0,-1,37,0,1
0,-1,3,0,1
0,-1,4,0,1
0,-1,4,0,1
0,-1,21,0,1
0,-1,21,0,1
0,-1,21,0,1
0,-1,17,0,1
0,-1,0,0,1
0,-1,0,0,1
0,-1,11,0,1
0,-1,11,0,1
0,-1,3,0,1
0,-1,3,0,1
0,-1,0,0,1
0,-1,28,0,1
0,-1,28,0,1
0,-1,27,0,0
0,-1,19,0,0
0,-1,0,0,0
0,-1,0,0,0
0,-1,16,0,0
0,-1,16,0,0
0,-1,16,0,0
0,-1,16,0,0
0,-1,14,0,0
0,-1,14,0,0
0,-1,14,0,0
0,-1,12,0,0
0,-1,0,0,0
0,-1,0,0,0
0,-1,18,0,0
0,-1,0,0,0
0,-1,2,0,0
0,-1,5,0,0
0,-1,0,0,0
0,-1,2,0,0
0,-1,3,0,0
0,-1,0,0,0
0,-1,16,0,0
0,-1,16,0,0
0,-1,16,0,0
0,-1,11,0,0
0,-1,0,0,0
0,-1,0,0,0
0,-1,7,0,0
0,-1,4,0,0
0,-1,0,0,0
0,-1,24,0,0
0,-1,24,0,0
0,-1,24,0,0
0,-1,15,0,0
0,-1,0,0,0
0,-1,13,0,0
0,-1,15,0,0
0,-1,15,0,0
0,-1,1,0,0
0,-1,4,0,0
0,-1,4,0,0
0,-1,27,0,0
0,-1,27,0,0
0,-1,27,0,0
0,-1,22,0,0
0,-1,29,0,0
0,-1,29,0,0
0,-1,2,0,0
0,-1,1,0,0
0,-1,1,0,0
0,-1,27,0,0
0,-1,27,0,0
0,-1,27,0,0
0,-1,24,0,0
0,-1,0,0,0
0,-1,0,0,0
0,-1,21,0,0
0,-1,0,0,0
0,-1,0,0,0
0,-1,26,0,0
0,-1,9,0,0
0,-1,0,0,0
0,-1,2,0,0
0,-1,7,0,0
0,-1,7,0,0
0,-1,22,0,0
0,-1,2,0,0
0,-1,34,6,0
0,-1,54,5,0
0,-1,54,5,0
0,-1,8,5,0
0,-1,6,16,0
0,-1,6,16,0
0,-1,12,16,0
0,-1,6,31,0
0,-1,6,31,0
0,-1,6,31,0
0,-1,205,31,0
0,-1,205,31,0
0,-1,32,31,0
0,-1,230,31,0
0,-1,109,31,0
0,-1,33,31,0
0,-1,274,126,0
0,-1,28,1,0
0,-1,50,5,0
0,-1,3,5,0
0,-1,3,5,0
0,-1,59,1,0
0,-1,56,1,0
0,-1,56,1,0
0,-1,32,1,0
0,-1,5,15,0
0,-1,8,15,0
0,-1,8,15,0
0,-1,271,15,0
0,-1,271,15,0
0,-1,271,15,0
0,-1,271,15,0
0,-1,263,167,0
0,-1,137,167,0
0,-1,35,167,0
0,-1,1,167,0
0,-1,69,1,0
0,-1,9,2,0
0,-1,9,2,0
0,-1,1,2,0
0,-1,36,82,0
1,4.0,36,82,0
0,-1,36,82,0
0,-1,11,82,0
0,-1,5,56,0
0,-1,5,56,0
0,-1,95,38,13
0,-1,85,2,13
0,-1,7,1,13
0,-1,1,1,13
0,-1,68,1,13
0,-1,5,1,13
0,-1,5,1,13
0,-1,2,9,13
0,-1,4,9,13
0,-1,57,9,13
0,-1,57,9,13
0,-1,57,9,13
0,-1,50,9,13
0,-1,2,9,13
0,-1,2,9,13
0,-1,31,0,13
0,-1,31,0,13
0,-1,3,0,13
0,-1,1,0,13
0,-1,1,0,13
0,-1,26,0,13
0,-1,26,0,13
0,-1,36,0,0
0,-1,37,0,0
0,-1,37,0,0
0,-1,2,0,0
0,-1,3,0,0
0,-1,0,0,0
0,-1,18,0,0
0,-1,18,0,0
0,-1,18,0,0
0,-1,15,0,0
0,-1,0,0,0
0,-1,0,0,0
0,-1,18,0,0
0,-1,18,0,0
0,-1,1,0,0
0,-1,5,0,0
0,-1,5,0,0
0,-1,12,0,0
0,-1,12,0,0
0,-1,15,0,0
0,-1,15,0,0
0,-1,15,0,0
0,-1,0,0,0
0,-1,8,0,0
0,-1,8,0,0
0,-1,8,0,0
0,-1,5,0,0
0,-1,0,0,0
0,-1,0,0,0
0,-1,6,0,0
0,-1,0,0,0
0,-1,0,0,0
0,-1,11,0,0
0,-1,11,0,0
0,-1,8,0,0
0,-1,0,0,0
0,-1,4,0,0
0,-1,4,0,0
0,-1,4,0,0
0,-1,7,0,0
0,-1,7,0,0
0,-1,4,0,0
0,-1,4,0,0
0,-1,4,0,0
0,-1,0,0,0
0,-1,3,0,0
0,-1,0,0,0
0,-1,0,0,0
0,-1,0,0,0
0,-1,4,0,0
0,-1,0,0,0
0,-1,0,0,0
0,-1,10,0,0
0,-1,10,0,0
0,-1,5,0,0
0,-1,5,0,0
0,-1,5,0,0
0,-1,5,0,0
0,-1,0,0,0
0,-1,0,0,0
0,-1,6,0,0
0,-1,6,0,0
0,-1,6,0,0
0,-1,28,0,0
0,-1,28,0,0
0,-1,2,0,0
0,-1,3,0,0
0,-1,0,0,0
0,-1,16,0,0
0,-1,16,0,0
0,-1,16,0,0
0,-1,16,0,0
0,-1,0,0,0
0,-1,0,0,0
0,-1,32,0,0
0,-1,32,0,0
0,-1,4,0,0
0,-1,5,10,0
0,-1,5,10,0
0,-1,5,10,0
0,-1,93,22,0
0,-1,7,43,0
0,-1,7,43,0
0,-1,7,43,0
0,-1,147,43,0
0,-1,147,43,0
0,-1,147,43,0
0,-1,212,43,0
0,-1,77,5,0
0,-1,4,5,0
0,-1,290,5,0
0,-1,102,5,0
0,-1,59,5,0
0,-1,2,5,0
0,-1,86,1,0
0,-1,10,1,0
0,-1,7,1,0
0,-1,27,1,0
0,-1,6,10,0
0,-1,5,69,0
0,-1,5,69,0
0,-1,283,93,0
0,-1,283,93,0
0,-1,59,93,0
0,-1,260,93,0
0,-1,260,93,0
0,-1,260,93,0
0,-1,1,93,0
0,-1,78,7,0
0,-1,4,3,0
0,-1,5,3,0
0,-1,1,3,0
0,-1,40,53,0
0,-1,40,53,0
0,-1,40,53,0
0,-1,88,53,0
0,-1,88,53,0
0,-1,19,53,0
1,4.0,76,38,16
0,-1,72,38,16
0,-1,38,1,16
0,-1,2,1,16
0,-1,63,2,16
0,-1,5,2,16
0,-1,4,2,16
0,-1,2,1,16
0,-1,5,1,16
0,-1,33,1,16
0,-1,33,1,16
0,-1,26,0,3
0,-1,23,0,3
0,-1,0,1,3
0,-1,0,1,3
0,-1,26,0,3
0,-1,26,0,3
0,-1,2,0,3
0,-1,2,7,3
0,-1,2,7,3
0,-1,2,7,3
0,-1,15,7,3
0,-1,15,7,3
0,-1,15,7,3
0,-1,7,0,3
0,-1,0,0,3
0,-1,6,0,3
0,-1,0,0,3
0,-1,9,0,3
0,-1,9,0,3
0,-1,9,0,3
0,-1,21,0,0
0,-1,17,0,0
0,-1,0,0,0
0,-1,0,0,0
0,-1,11,0,0
0,-1,0,0,0
0,-1,6,0,0
0,-1,6,0,0
0,-1,6,0,0
0,-1,26,0,0
0,-1,26,0,0
0,-1,26,0,0
0,-1,22,0,0
0,-1,22,0,0
0,-1,22,0,0
0,-1,15,0,0
0,-1,1,0,0
0,-1,0,0,0
0,-1,24,0,0
0,-1,17,0,0
0,-1,17,0,0
0,-1,17,0,0
0,-1,13,0,0
0,-1,0,0,0
0,-1,15,0,0
0,-1,15,0,0
0,-1,1,0,0
0,-1,3,0,0
0,-1,0,0,0
0,-1,9,0,0
0,-1,0,0,0
0,-1,6,0,0
0,-1,6,0,0
0,-1,2,0,0
0,-1,0,0,0
0,-1,0,0,0
0,-1,0,0,0
0,-1,0,0,0
0,-1,11,0,0
0,-1,11,0,0
0,-1,11,0,0
0,-1,11,0,0
0,-1,9,0,0
0,-1,0,0,0
0,-1,3,0,0
0,-1,3,0,0
0,-1,3,0,0
0,-1,0,0,0
0,-1,0,0,0
0,-1,0,0,0
0,-1,0,0,0
0,-1,0,0,0
0,-1,0,0,0
0,-1,0,0,0
0,-1,0,0,0
0,-1,0,0,0
0,-1,0,0,0
0,-1,0,0,0
0,-1,0,0,0
0,-1,0,0,0
0,-1,0,0,0
0,-1,0,0,0
0,-1,0,0,0
0,-1,39,0,0
0,-1,39,0,0
0,-1,39,0,0
0,-1,50,0,0
0,-1,0,1,0
0,-1,1,22,0
0,-1,1,22,0
0,-1,17,22,0
0,-1,1,32,0
0,-1,1,32,0
0,-1,1,32,0
0,-1,261,51,0
0,-1,261,51,0
0,-1,48,51,0
0,-1,269,51,0
0,-1,269,51,0
0,-1,269,51,0
0,-1,262,51,0
0,-1,154,51,0
0,-1,154,51,0
0,-1,2,51,0
0,-1,3,1,0
0,-1,32,4,0
0,-1,8,4,0
0,-1,17,4,0
0,-1,3,109,0
0,-1,7,35,0
0,-1,7,35,0
0,-1,122,35,0
0,-1,122,35,0
0,-1,30,35,0
0,-1,114,70,23
0,-1,101,70,23
0,-1,57,1,23
1,4.0,9,1,23
0,-1,9,1,23
0,-1,0,4,23
0,-1,0,4,23
0,-1,0,4,23
0,-1,0,4,23
0,-1,79,4,23
0,-1,79,4,23
0,-1,79,4,23
0,-1,52,4,23
0,-1,0,6,23
0,-1,0,6,23
0,-1,40,0,4
0,-1,30,0,4
0,-1,30,0,4
0,-1,2,0,4
0,-1,6,0,4
0,-1,6,0,4
0,-1,28,0,4
0,-1,28,0,4
0,-1,28,0,4
0,-1,19,0,4
0,-1,19,0,4
0,-1,1,0,4
0,-1,6,0,4
0,-1,0,0,4
0,-1,1,0,4
0,-1,9,0,4
0,-1,9,0,4
0,-1,10,0,4
0,-1,0,0,4
0,-1,0,0,4
0,-1,7,0,0
0,-1,5,0,0
0,-1,0,0,0
0,-1,2,0,0
0,-1,2,0,0
0,-1,0,0,0
0,-1,1,0,0
0,-1,0,0,0
0,-1,0,0,0
0,-1,0,0,0
0,-1,0,0,0
0,-1,0,0,0
0,-1,0,0,0
0,-1,0,0,0
0,-1,0,0,0
0,-1,0,0,0
0,-1,0,0,0
0,-1,0,0,0
0,-1,0,0,0
0,-1,0,0,0
0,-1,0,0,0
0,-1,0,0,0
0,-1,0,0,0
0,-1,0,0,0
0,-1,0,0,0
0,-1,0,0,0
0,-1,0,0,0
0,-1,0,0,0
0,-1,0,0,0
0,-1,0,0,0
0,-1,0,0,0
0,-1,0,0,0
0,-1,0,0,0
0,-1,0,0,0
0,-1,0,0,0
0,-1,0,0,0
0,-1,0,0,0
0,-1,0,0,0
0,-1,0,0,0
0,-1,0,0,0
0,-1,0,0,0
0,-1,0,0,0
0,-1,0,0,0
0,-1,0,0,0
0,-1,0,0,0
0,-1,0,0,0
0,-1,0,0,0
0,-1,0,0,0
0,-1,0,0,0
0,-1,0,0,0
0,-1,0,0,0
0,-1,0,0,0
0,-1,0,0,0
0,-1,0,0,0
0,-1,0,0,0
0,-1,0,0,0
0,-1,0,0,0
0,-1,0,0,0
0,-1,0,0,0
0,-1,0,0,0
0,-1,0,0,0
0,-1,0,0,0
0,-1,0,0,0
0,-1,0,0,0
0,-1,0,0,0
0,-1,0,0,0
0,-1,0,0,0
0,-1,0,0,0
0,-1,0,0,0
0,-1,0,0,0
0,-1,0,0,0
0,-1,0,0,0
0,-1,0,0,0
0,-1,0,0,0
0,-1,0,0,0
0,-1,0,0,0
0,-1,0,0,0
0,-1,0,0,0
0,-1,0,0,0
0,-1,0,0,0
0,-1,0,0,0
0,-1,0,0,0
0,-1,0,0,0
0,-1,0,0,0
0,-1,0,0,0
0,-1,0,0,0
0,-1,0,0,0
0,-1,0,0,0
0,-1,0,0,0
0,-1,0,0,0
0,-1,0,0,0
0,-1,0,0,0
0,-1,0,0,0
0,-1,0,0,0
0,-1,0,0,0
0,-1,0,0,0
0,-1,0,0,0
0,-1,0,0,0
0,-1,0,0,0
0,-1,0,0,0
0,-1,0,0,0
0,-1,0,0,0
0,-1,0,0,0
0,-1,0,0,0
0,-1,0,0,0
0,-1,0,0,0
0,-1,0,0,0
0,-1,0,0,0
0,-1,0,0,0
0,-1,0,0,0
0,-1,0,0,0
0,-1,0,0,0
0,-1,0,0,0
0,-1,0,0,0
0,-1,0,0,0
0,-1,0,0,0
0,-1,0,0,0
0,-1,0,0,0
0,-1,0,0,0
0,-1,0,0,0
0,-1,0,0,0
0,-1,0,0,0
0,-1,0,0,0
0,-1,0,0,0
0,-1,0,0,0
0,-1,0,0,0
0,-1,0,0,0
0,-1,0,0,0
0,-1,0,0,0
0,-1,0,0,0
0,-1,0,0,0
0,-1,0,0,0
0,-1,0,0,0
0,-1,0,0,0
0,-1,0,0,0
0,-1,0,0,0
0,-1,0,0,0
0,-1,0,0,0
0,-1,0,0,0
0,-1,0,0,0
0,-1,0,0,0
0,-1,0,0,0
0,-1,0,0,0
0,-1,0,0,0
0,-1,0,0,0
0,-1,0,0,0
0,-1,0,0,0
0,-1,0,0,0
0,-1,0,0,0
0,-1,0,0,0
0,-1,0,0,0
0,-1,0,0,0
0,-1,0,0,0
0,-1,0,0,0
0,-1,0,0,0
0,-1,0,0,0
0,-1,0,0,0
0,-1,0,0,0
0,-1,0,0,0
0,-1,0,0,0
0,-1,0,0,0
0,-1,0,0,0
0,-1,0,0,0
0,-1,0,0,0
0,-1,0,0,0
0,-1,0,0,0
0,-1,0,0,0
0,-1,0,0,0
0,-1,0,0,0
0,-1,0,0,0
0,-1,0,0,0
0,-1,0,0,0
0,-1,0,0,0
0,-1,0,0,0
0,-1,0,0,0
0,-1,0,0,0
0,-1,0,0,0
0,-1,0,0,0
0,-1,0,0,0
0,-1,0,0,0
0,-1,0,0,0
0,-1,0,0,0
0,-1,0,0,0
0,-1,0,0,0
0,-1,0,0,0
0,-1,0,0,0
0,-1,0,0,0
0,-1,0,0,0
0,-1,0,0,0
0,-1,0,0,0
0,-1,0,0,0
0,-1,0,0,0
0,-1,0,0,0
0,-1,0,0,0
0,-1,0,0,0
0,-1,0,0,0
0,-1,0,0,0
0,-1,0,0,0
0,-1,0,0,0
0,-1,0,0,0
0,-1,0,0,0
0,-1,0,0,0
0,-1,0,0,0
0,-1,0,0,0
0,-1,0,0,0
0,-1,0,0,0
0,-1,0,0,0
0,-1,0,0,0
0,-1,0,0,0
0,-1,0,0,0
0,-1,0,0,0
0,-1,0,0,0
0,-1,0,0,0
0,-1,0,0,0
0,-1,0,0,0
0,-1,0,0,0
0,-1,0,0,0
0,-1,0,0,0
0,-1,0,0,0
0,-1,0,0,0
0,-1,0,0,0
0,-1,0,0,0
0,-1,0,0,0
0,-1,0,0,0
0,-1,0,0,0
0,-1,0,0,0
0,-1,0,0,0
0,-1,0,0,0
0,-1,0,0,0
0,-1,0,0,0
0,-1,0,0,0
0,-1,0,0,0
0,-1,0,0,0
0,-1,0,0,0
0,-1,0,0,0
0,-1,0,0,0
0,-1,0,0,0
0,-1,0,0,0
0,-1,0,0,0
0,-1,0,0,0
0,-1,0,0,0
0,-1,0,0,0
0,-1,0,0,0
0,-1,0,0,0
0,-1,0,0,0
0,-1,0,0,0
0,-1,0,0,0
0,-1,0,0,0
0,-1,0,0,0
0,-1,0,0,0
0,-1,0,0,0
0,-1,0,0,0
0,-1,0,0,0
0,-1,0,0,0
0,-1,0,0,0
0,-1,0,0,0
0,-1,0,0,0
0,-1,0,0,0
0,-1,0,0,0
0,-1,0,0,0
0,-1,0,0,0
0,-1,0,0,0
0,-1,0,0,0
0,-1,0,0,0
0,-1,0,0,0
0,-1,0,0,0
0,-1,0,0,0
0,-1,0,0,0
0,-1,0,0,0
0,-1,0,0,0
0,-1,0,0,0
0,-1,0,0,0
0,-1,0,0,0
0,-1,0,0,0
0,-1,0,0,0
0,-1,0,0,0
0,-1,0,0,0
0,-1,0,0,0
0,-1,0,0,0
0,-1,0,0,0
0,-1,0,0,0
0,-1,0,0,0
0,-1,0,0,0
0,-1,0,0,0
0,-1,0,0,0
0,-1,0,0,0
0,-1,0,0,0
0,-1,0,0,0
0,-1,4,0,0
0,-1,0,0,0
0,-1,0,0,0
0,-1,11,0,0
0,-1,17,0,0
0,-1,0,0,0
0,-1,0,0,0
0,-1,15,0,0
0,-1,15,0,0
0,-1,1,0,0
0,-1,7,0,0
0,-1,0,0,0
0,-1,18,0,0
0,-1,18,0,0
0,-1,18,0,0
0,-1,11,0,0
0,-1,0,0,0
0,-1,15,1,0
0,-1,7,0,0
0,-1,7,0,0
0,-1,2,0,0
0,-1,2,7,0
0,-1,2,7,0
0,-1,11,7,0
0,-1,11,7,0
0,-1,11,7,0
0,-1,10,7,0
0,-1,0,0,0
0,-1,0,0,0
0,-1,8,0,0
0,-1,8,0,0
0,-1,5,0,0
0,-1,5,0,0
0,-1,5,0,0
0,-1,5,0,0
0,-1,0,0,0
0,-1,0,0,0
0,-1,5,0,0
0,-1,5,0,0
0,-1,0,0,0
0,-1,0,0,0
0,-1,0,0,0
0,-1,0,0,0
0,-1,0,0,0
0,-1,0,0,0
0,-1,0,0,0
0,-1,0,0,0
0,-1,11,0,0
0,-1,0,0,0
0,-1,0,0,0
0,-1,8,0,0
0,-1,8,0,0
0,-1,8,0,0
0,-1,3,0,0
0,-1,3,0,0
0,-1,2,0,0
0,-1,0,0,0
0,-1,0,0,0
0,-1,0,0,0
0,-1,0,0,0
0,-1,0,0,0
0,-1,0,0,0
0,-1,0,0,0
0,-1,0,0,0
0,-1,7,0,0
0,-1,6,0,0
0,-1,6,0,0
0,-1,5,0,0
0,-1,3,0,0
0,-1,0,0,0
0,-1,4,0,0
0,-1,4,0,0
0,-1,4,0,0
0,-1,9,0,0
0,-1,1,0,0
0,-1,1,0,0
0,-1,27,0,0
0,-1,43,7,0
0,-1,43,7,0
0,-1,82,1,0
0,-1,7,1,0
0,-1,7,1,0
0,-1,27,1,0
0,-1,4,29,0
0,-1,4,29,0
0,-1,4,29,0
0,-1,323,49,0
0,-1,323,49,0
0,-1,91,49,0
0,-1,503,49,0
0,-1,503,49,0
0,-1,92,49,0
0,-1,533,49,0
0,-1,59,8,0
0,-1,2,8,0
0,-1,620,64,0
0,-1,5,8,0
0,-1,1,74,0
0,-1,1,74,0
0,-1,439,91,0
0,-1,7,99,0
0,-1,7,99,0
0,-1,7,99,0
0,-1,461,99,0
0,-1,461,99,0
0,-1,461,99,0
0,-1,338,99,0
0,-1,70,5,0
0,-1,0,5,0
0,-1,272,5,0
0,-1,51,4,0
0,-1,2,4,0
0,-1,2,4,0
0,-1,18,3,0
0,-1,3,35,0
0,-1,3,35,0
0,-1,175,23,0
0,-1,3,16,0
0,-1,3,16,0
0,-1,3,16,0
1,5.0,13,16,0
0,-1,3,16,0
0,-1,3,16,0
0,-1,3,16,0
0,-1,105,5,0
0,-1,105,5,0
0,-1,105,5,0
0,-1,79,0,0
0,-1,79,0,0
0,-1,75,7,9
0,-1,63,7,9
0,-1,63,7,9
0,-1,7,7,9
0,-1,49,7,9
0,-1,49,7,9
0,-1,49,7,9
0,-1,31,0,9
0,-1,31,0,9
0,-1,29,0,9
0,-1,29,0,9
0,-1,2,0,9
0,-1,7,0,9
0,-1,7,0,9
0,-1,16,0,9
0,-1,16,0,9
0,-1,16,0,9
0,-1,11,0,0
0,-1,7,0,0
0,-1,0,0,0
0,-1,3,0,0
0,-1,3,0,0
0,-1,1,0,0
0,-1,0,0,0
0,-1,0,0,0
0,-1,0,0,0
0,-1,0,0,0
0,-1,0,0,0
0,-1,0,0,0
0,-1,0,0,0
0,-1,0,0,0
0,-1,0,0,0
0,-1,0,0,0
0,-1,0,0,0
0,-1,0,0,0
0,-1,0,0,0
0,-1,0,0,0
0,-1,0,0,0
0,-1,0,0,0
0,-1,0,0,0
0,-1,0,0,0
0,-1,0,0,0
0,-1,0,0,0
0,-1,0,0,0
0,-1,0,0,0
0,-1,0,0,0
0,-1,0,0,0
0,-1,0,0,0
0,-1,0,0,0
0,-1,0,0,0
0,-1,0,0,0
0,-1,0,0,0
0,-1,0,0,0
0,-1,0,0,0
0,-1,0,0,0
0,-1,0,0,0
0,-1,0,0,0
0,-1,0,0,0
0,-1,0,0,0
0,-1,0,0,0
0,-1,0,0,0
0,-1,0,0,0
0,-1,0,0,0
0,-1,0,0,0
0,-1,0,0,0
0,-1,0,0,0
0,-1,0,0,0
0,-1,0,0,0
0,-1,0,0,0
0,-1,0,0,0
0,-1,0,0,0
0,-1,0,0,0
0,-1,0,0,0
0,-1,0,0,0
0,-1,0,0,0
0,-1,0,0,0
0,-1,0,0,0
0,-1,0,0,0
0,-1,0,0,0
0,-1,0,0,0
0,-1,0,0,0
0,-1,0,0,0
0,-1,0,0,0
0,-1,0,0,0
0,-1,0,0,0
0,-1,0,0,0
0,-1,0,0,0
0,-1,0,0,0
0,-1,0,0,0
0,-1,0,0,0
0,-1,0,0,0
0,-1,0,0,0
0,-1,0,0,0
0,-1,0,0,0
0,-1,0,0,0
0,-1,0,0,0
0,-1,0,0,0
0,-1,0,0,0
0,-1,0,0,0
0,-1,0,0,0
0,-1,0,0,0
0,-1,3,0,0
0,-1,3,0,0
0,-1,3,0,0
0,-1,0,0,0
0,-1,0,0,0
0,-1,0,0,0
0,-1,1,0,0
0,-1,0,0,0
0,-1,17,0,0
0,-1,17,0,0
0,-1,30,0,0
0,-1,30,0,0
0,-1,54,0,0
0,-1,54,0,0
0,-1,17,0,0
0,-1,16,0,0
0,-1,6,40,0
0,-1,6,40,0
0,-1,6,40,0
0,-1,289,40,0
0,-1,289,40,0
0,-1,61,40,0
0,-1,444,40,0
0,-1,74,40,0
0,-1,2,40,0
0,-1,5,40,0
0,-1,7,8,0
0,-1,7,87,0
0,-1,7,87,0
0,-1,53,87,0
0,-1,5,77,0
0,-1,5,77,0
0,-1,5,77,0
0,-1,513,77,0
0,-1,513,77,0
0,-1,513,77,0
0,-1,449,77,0
0,-1,105,77,0
0,-1,100,77,0
0,-1,3,77,0
0,-1,43,8,0
0,-1,3,8,0
0,-1,3,8,0
0,-1,26,8,0
0,-1,5,55,0
0,-1,5,55,0
0,-1,5,55,0
0,-1,210,44,0
0,-1,210,44,0
0,-1,46,44,0
1,5.0,149,44,0
0,-1,149,44,0
0,-1,149,44,0
0,-1,9,44,0
0,-1,8,1,0
0,-1,0,29,0
0,-1,0,29,0
0,-1,1,29,0
0,-1,5,14,0
0,-1,20,14,0
0,-1,94,14,0
0,-1,94,14,0
0,-1,16,14,0
0,-1,112,16,13
0,-1,101,16,13
0,-1,101,16,13
0,-1,11,16,13
0,-1,89,2,13
0,-1,0,2,13
0,-1,5,2,13
0,-1,5,2,13
0,-1,7,2,13
0,-1,0,7,13
0,-1,0,7,13
0,-1,59,7,13
0,-1,0,3,13
0,-1,0,3,13
0,-1,47,0,2
0,-1,44,0,2
0,-1,44,0,2
0,-1,3,0,2
0,-1,5,0,2
0,-1,5,0,2
0,-1,22,0,2
0,-1,22,0,2
0,-1,22,0,2
0,-1,15,0,2
0,-1,0,0,2
0,-1,13,0,0
0,-1,12,0,0
0,-1,12,0,0
0,-1,7,0,0
0,-1,7,0,0
0,-1,7,0,0
0,-1,1,0,0
0,-1,0,0,0
0,-1,0,0,0
0,-1,0,0,0
0,-1,0,0,0
0,-1,0,0,0
0,-1,0,0,0
0,-1,0,0,0
0,-1,0,0,0
0,-1,0,0,0
0,-1,0,0,0
0,-1,0,0,0
0,-1,0,0,0
0,-1,0,0,0
0,-1,0,0,0
0,-1,0,0,0
0,-1,0,0,0
0,-1,0,0,0
0,-1,0,0,0
0,-1,0,0,0
0,-1,0,0,0
0,-1,0,0,0
0,-1,0,0,0
0,-1,0,0,0
0,-1,0,0,0
0,-1,0,0,0
0,-1,0,0,0
0,-1,0,0,0
0,-1,0,0,0
0,-1,0,0,0
0,-1,0,0,0
0,-1,0,0,0
0,-1,0,0,0
0,-1,0,0,0
0,-1,0,0,0
0,-1,0,0,0
0,-1,0,0,0
0,-1,0,0,0
0,-1,0,0,0
0,-1,0,0,0
0,-1,0,0,0
0,-1,0,0,0
0,-1,0,0,0
0,-1,0,0,0
0,-1,0,0,0
0,-1,0,0,0
0,-1,0,0,0
0,-1,0,0,0
0,-1,0,0,0
0,-1,0,0,0
0,-1,0,0,0
0,-1,0,0,0
0,-1,0,0,0
0,-1,0,0,0
0,-1,0,0,0
0,-1,0,0,0
0,-1,0,0,0
0,-1,0,0,0
0,-1,1,0,0
0,-1,0,0,0
0,-1,6,0,0
0,-1,15,0,0
0,-1,0,0,0
0,-1,0,0,0
0,-1,13,0,0
0,-1,13,0,0
0,-1,14,0,0
0,-1,14,0,0
0,-1,13,0,0
0,-1,13,0,0
0,-1,13,0,0
0,-1,11,0,0
0,-1,11,0,0
0,-1,11,0,0
0,-1,16,0,0
0,-1,1,0,0
0,-1,3,0,0
0,-1,5,1,0
0,-1,0,1,0
0,-1,5,1,0
0,-1,1,10,0
0,-1,1,10,0
0,-1,79,10,0
0,-1,79,10,0
0,-1,79,10,0
0,-1,159,10,0
0,-1,159,10,0
0,-1,17,10,0
0,-1,201,10,0
0,-1,36,10,0
0,-1,1,10,0
0,-1,3,10,0
0,-1,17,5,0
0,-1,7,37,0
0,-1,7,37,0
0,-1,394,56,0
0,-1,7,75,0
0,-1,7,75,0
0,-1,7,75,0
0,-1,42,75,0
0,-1,7,66,0
0,-1,7,66,0
0,-1,442,66,0
0,-1,60,66,0
0,-1,60,66,0
0,-1,4,66,0
0,-1,63,6,0
0,-1,0,63,0
0,-1,0,63,0
0,-1,3,63,0
0,-1,87,55,0
0,-1,87,55,0
0,-1,87,55,0
0,-1,26,55,0
0,-1,2,60,0
0,-1,2,60,0
0,-1,212,51,29
0,-1,176,51,29
0,-1,176,51,29
0,-1,23,51,29
0,-1,150,51,29
1,5.0,35,51,29
0,-1,6,51,29
0,-1,9,51,29
0,-1,6,15,29
0,-1,6,15,29
0,-1,6,15,29
0,-1,93,15,29
0,-1,93,15,29
0,-1,93,15,29
0,-1,75,15,29
0,-1,10,1,29
0,-1,0,1,29
0,-1,80,1,29
0,-1,0,7,29
0,-1,0,7,29
0,-1,72,4,29
0,-1,72,4,29
0,-1,48,4,29
0,-1,48,4,29
0,-1,3,4,29
0,-1,40,4,29
0,-1,40,4,29
0,-1,3,4,29
0,-1,42,4,29
0,-1,10,4,29
0,-1,10,4,29
0,-1,28,1,29
0,-1,28,1,29
0,-1,2,1,29
0,-1,2,0,29
0,-1,0,0,29
0,-1,16,0,29
0,-1,16,0,29
0,-1,16,0,29
0,-1,15,0,29
0,-1,0,0,29
0,-1,0,0,29
0,-1,16,0,0
0,-1,14,0,0
0,-1,14,0,0
0,-1,8,0,0
0,-1,8,0,0
0,-1,4,0,0
0,-1,1,0,0
0,-1,1,0,0
0,-1,0,0,0
0,-1,0,0,0
0,-1,0,0,0
0,-1,0,0,0
0,-1,0,0,0
0,-1,0,0,0
0,-1,0,0,0
0,-1,0,0,0
0,-1,0,0,0
0,-1,0,0,0
0,-1,0,0,0
0,-1,0,0,0
0,-1,0,0,0
0,-1,0,0,0
0,-1,0,0,0
0,-1,0,0,0
0,-1,0,0,0
0,-1,0,0,0
0,-1,0,0,0
0,-1,0,0,0
0,-1,0,0,0
0,-1,0,0,0
0,-1,0,0,0
0,-1,0,0,0
0,-1,0,0,0
0,-1,0,0,0
0,-1,0,0,0
0,-1,0,0,0
0,-1,0,0,0
0,-1,0,0,0
0,-1,0,0,0
0,-1,0,0,0
0,-1,3,0,0
0,-1,3,0,0
0,-1,3,0,0
0,-1,4,0,0
0,-1,0,0,0
0,-1,0,0,0
0,-1,4,0,0
0,-1,0,0,0
0,-1,9,0,0
0,-1,0,0,0
0,-1,6,0,0
0,-1,6,0,0
0,-1,6,0,0
0,-1,6,0,0
0,-1,6,0,0
0,-1,6,0,0
0,-1,37,0,0
0,-1,0,0,0
0,-1,0,0,0
0,-1,29,0,0
0,-1,0,0,0
0,-1,0,0,0
0,-1,24,0,0
0,-1,24,0,0
0,-1,2,0,0
0,-1,0,0,0
0,-1,0,0,0
0,-1,36,0,0
0,-1,36,0,0
0,-1,36,0,0
0,-1,32,0,0
0,-1,16,0,0
0,-1,16,0,0
0,-1,37,1,0
0,-1,7,1,0
0,-1,7,1,0
0,-1,7,1,0
0,-1,0,25,0
0,-1,0,25,0
0,-1,1,25,0
0,-1,19,2,0
0,-1,6,16,0
0,-1,6,16,0
0,-1,16,16,0
0,-1,9,46,0
0,-1,9,46,0
0,-1,9,46,0
0,-1,288,46,0
0,-1,288,46,0
0,-1,32,46,0
0,-1,342,34,35
0,-1,362,34,35
0,-1,30,3,35
0,-1,4,3,35
0,-1,3,3,35
0,-1,45,4,35
0,-1,9,4,35
0,-1,9,4,35
0,-1,34,4,35
0,-1,4,73,35
0,-1,4,73,35
0,-1,4,73,35
0,-1,354,83,35
0,-1,354,83,35
0,-1,43,83,35
0,-1,314,83,35
0,-1,314,83,35
0,-1,314,83,35
0,-1,3,83,35
0,-1,5,5,35
0,-1,6,5,35
0,-1,4,5,35
0,-1,2,5,35
0,-1,83,65,35
0,-1,83,65,35
0,-1,83,65,35
0,-1,20,65,35
1,5.0,0,79,35
0,-1,0,79,35
0,-1,162,67,61
0,-1,130,67,61
0,-1,130,67,61
0,-1,49,67,61
0,-1,107,67,61
0,-1,41,67,61
0,-1,4,67,61
0,-1,1,67,61
0,-1,6,30,61
0,-1,6,30,61
0,-1,6,30,61
0,-1,76,30,61
0,-1,76,30,61
0,-1,7,30,61
0,-1,75,30,61
0,-1,11,1,61
0,-1,5,1,61
0,-1,68,1,61
0,-1,4,1,61
0,-1,4,1,61
0,-1,5,1,61
0,-1,5,7,61
0,-1,7,7,61
0,-1,47,7,61
0,-1,47,7,61
0,-1,47,7,61
0,-1,36,7,61
0,-1,0,7,61
0,-1,0,7,61
0,-1,26,0,61
0,-1,26,0,61
0,-1,3,0,61
0,-1,2,0,61
0,-1,1,0,61
0,-1,3,0,61
0,-1,2,0,61
0,-1,2,0,61
0,-1,22,0,61
0,-1,0,1,61
0,-1,0,1,61
0,-1,15,0,0
0,-1,16,0,0
0,-1,16,0,0
0,-1,2,0,0
0,-1,0,0,0
0,-1,0,0,0
0,-1,13,0,0
0,-1,13,0,0
0,-1,13,0,0
0,-1,9,0,0
0,-1,9,0,0
0,-1,4,0,0
0,-1,6,0,0
0,-1,0,0,0
0,-1,3,0,0
0,-1,3,0,0
0,-1,3,0,0
0,-1,7,0,0
0,-1,7,0,0
0,-1,7,0,0
0,-1,7,0,0
0,-1,3,0,0
0,-1,0,0,0
0,-1,0,0,0
0,-1,6,0,0
0,-1,0,0,0
0,-1,0,0,0
0,-1,2,0,0
0,-1,0,0,0
0,-1,0,0,0
0,-1,0,0,0
0,-1,5,0,0
0,-1,5,0,0
0,-1,4,0,0
0,-1,15,0,0
0,-1,15,0,0
0,-1,15,0,0
0,-1,10,0,0
0,-1,0,0,0
0,-1,0,0,0
0,-1,9,0,0
0,-1,0,0,0
0,-1,10,0,0
0,-1,10,0,0
0,-1,9,0,0
0,-1,9,0,0
0,-1,9,0,0
0,-1,14,0,0
0,-1,14,0,0
0,-1,14,0,0
0,-1,11,0,0
0,-1,14,0,0
0,-1,14,0,0
0,-1,2,0,0
0,-1,2,0,0
0,-1,2,0,0
0,-1,17,0,0
0,-1,17,0,0
0,-1,17,0,0
0,-1,15,0,0
0,-1,0,0,0
0,-1,0,0,0
0,-1,16,0,0
0,-1,0,0,0
0,-1,2,0,0
0,-1,2,0,0
0,-1,0,0,0
0,-1,2,0,0
0,-1,1,0,0
0,-1,0,0,0
0,-1,25,0,0
0,-1,25,0,0
0,-1,25,0,0
0,-1,116,0,0
0,-1,116,0,0
0,-1,9,0,0
0,-1,166,34,0
0,-1,94,34,0
0,-1,45,1,0
0,-1,7,1,0
0,-1,2,1,0
0,-1,24,6,0
0,-1,3,6,0
0,-1,3,6,0
0,-1,31,6,0
0,-1,2,61,0
0,-1,2,61,0
0,-1,2,61,0
0,-1,323,63,0
0,-1,323,63,0
0,-1,33,63,0
0,-1,389,63,0
0,-1,54,3,0
0,-1,54,3,0
0,-1,5,3,0
0,-1,24,5,0
0,-1,2,42,0
0,-1,2,42,0
0,-1,5,42,0
0,-1,51,47,0
0,-1,51,47,0
0,-1,51,47,0
0,-1,43,47,0
0,-1,0,49,0
0,-1,0,49,0
0,-1,439,40,35
0,-1,366,40,35
0,-1,29,40,35
0,-1,36,40,35
0,-1,304,40,35
0,-1,18,40,35
0,-1,18,40,35
0,-1,2,40,35
0,-1,4,3,35
0,-1,4,3,35
0,-1,4,3,35
0,-1,180,2,35
0,-1,5,2,35
0,-1,17,2,35
0,-1,117,2,35
0,-1,117,2,35
1,5.0,117,2,35
0,-1,80,6,35
0,-1,80,6,35
0,-1,80,6,35
0,-1,8,6,35
0,-1,0,12,35
0,-1,8,12,35
0,-1,81,12,35
0,-1,81,12,35
0,-1,7,12,35
0,-1,86,34,5
0,-1,78,2,5
0,-1,8,5,5
0,-1,8,5,5
0,-1,63,2,5
0,-1,1,2,5
0,-1,1,2,5
0,-1,49,2,5
0,-1,49,2,5
0,-1,49,2,5
0,-1,61,2,5
0,-1,0,1,5
0,-1,0,1,5
0,-1,64,0,5
0,-1,64,0,5
0,-1,4,0,5
0,-1,2,0,5
0,-1,0,0,5
0,-1,38,0,5
0,-1,38,0,5
0,-1,38,0,5
0,-1,33,0,5
0,-1,33,0,5
0,-1,33,0,5
0,-1,25,0,5
0,-1,25,0,5
0,-1,2,0,5
0,-1,7,0,5
0,-1,7,0,5
0,-1,3,0,5
0,-1,2,0,5
0,-1,2,0,5
0,-1,24,0,5
0,-1,0,0,5
0,-1,0,0,5
0,-1,33,0,5
0,-1,0,0,5
0,-1,4,0,5
0,-1,2,0,5
0,-1,0,0,5
0,-1,4,0,5
0,-1,0,0,5
0,-1,0,0,5
0,-1,34,0,5
0,-1,34,0,5
0,-1,34,0,5
0,-1,59,0,5
0,-1,0,0,5
0,-1,0,0,5
0,-1,69,0,5
0,-1,9,0,5
0,-1,0,0,5
0,-1,48,0,5
0,-1,48,0,5
0,-1,68,0,0
0,-1,76,0,0
0,-1,0,0,0
0,-1,0,0,0
0,-1,100,0,0
0,-1,0,1,0
0,-1,0,1,0
0,-1,147,1,0
0,-1,0,1,0
0,-1,12,1,0
0,-1,4,0,0
0,-1,0,0,0
0,-1,11,0,0
0,-1,6,0,0
0,-1,0,0,0
0,-1,133,0,0
0,-1,133,0,0
0,-1,133,0,0
0,-1,157,0,0
0,-1,0,0,0
0,-1,0,0,0
0,-1,124,0,0
0,-1,12,0,0
0,-1,12,0,0
0,-1,88,0,0
0,-1,88,0,0
0,-1,88,0,0
0,-1,68,0,0
0,-1,0,0,0
0,-1,0,0,0
0,-1,59,0,0
0,-1,49,0,0
0,-1,49,0,0
0,-1,4,0,0
0,-1,1,0,0
0,-1,1,0,0
0,-1,27,0,0
0,-1,27,0,0
0,-1,27,0,0
0,-1,24,0,0
0,-1,0,0,0
0,-1,0,0,0
0,-1,21,2,0
0,-1,21,2,0
0,-1,3,2,0
0,-1,3,24,0
0,-1,3,24,0
0,-1,44,24,0
0,-1,44,24,0
0,-1,2,24,0
0,-1,47,24,0
0,-1,47,24,0
0,-1,47,24,0
0,-1,41,1,0
0,-1,9,2,0
0,-1,9,2,0
0,-1,36,22,0
0,-1,7,16,0
0,-1,7,16,0
0,-1,23,16,0
0,-1,23,16,0
0,-1,23,16,0
0,-1,25,16,0
0,-1,41,1,0
0,-1,41,1,0
0,-1,18,2,0
0,-1,6,1,0
0,-1,17,11,0
0,-1,1,11,0
0,-1,1,1,0
0,-1,0,1,0
0,-1,8,3,0
0,-1,4,3,0
0,-1,5,0,0
0,-1,5,0,0
0,-1,11,0,0
0,-1,10,0,0
0,-1,10,0,0
0,-1,11,18,0
0,-1,6,13,0
0,-1,6,13,0
0,-1,3,13,0
0,-1,3,13,0
0,-1,2,0,0
0,-1,1,0,0
0,-1,1,0,0
0,-1,0,0,0
0,-1,0,0,0
0,-1,0,0,0
0,-1,0,0,0
0,-1,0,0,0
0,-1,0,0,0
0,-1,0,0,0
0,-1,0,0,0
0,-1,0,0,0
0,-1,0,0,0
0,-1,0,0,0
0,-1,0,0,0
0,-1,0,0,0
0,-1,0,0,0
0,-1,0,0,0
0,-1,0,0,0
0,-1,0,0,0
0,-1,0,0,0
0,-1,0,0,0
0,-1,0,0,0
0,-1,0,0,0
0,-1,0,0,0
0,-1,0,0,0
0,-1,0,0,0
0,-1,0,0,0
0,-1,0,0,0
0,-1,0,0,0
0,-1,0,0,0
0,-1,0,0,0
0,-1,0,0,0
0,-1,0,0,0
0,-1,0,0,0
0,-1,0,0,0
0,-1,0,0,0
0,-1,0,0,0
0,-1,0,0,0
0,-1,0,0,0
0,-1,0,0,0
0,-1,0,0,0
0,-1,0,0,0
0,-1,0,0,0
0,-1,0,0,0
0,-1,0,0,0
0,-1,0,0,0
0,-1,0,0,0
0,-1,0,0,0
0,-1,0,0,0
0,-1,0,0,0
0,-1,0,0,0
0,-1,0,0,0
0,-1,0,0,0
0,-1,0,0,0
0,-1,0,0,0
0,-1,0,0,0
0,-1,0,0,0
0,-1,0,0,0
0,-1,0,0,0
0,-1,0,0,0
0,-1,0,0,0
0,-1,0,0,0
0,-1,0,0,0
0,-1,0,0,0
0,-1,0,0,0
0,-1,0,0,0
0,-1,0,0,0
0,-1,0,0,0
0,-1,0,0,0
0,-1,0,0,0
0,-1,0,0,0
0,-1,0,0,0
0,-1,0,0,0
0,-1,0,0,0
0,-1,0,0,0
0,-1,0,0,0
0,-1,0,0,0
0,-1,0,0,0
0,-1,0,0,0
0,-1,0,0,0
0,-1,0,0,0
0,-1,0,0,0
0,-1,0,0,0
0,-1,0,0,0
0,-1,0,0,0
0,-1,0,0,0
0,-1,0,0,0
0,-1,0,0,0
0,-1,0,0,0
0,-1,0,0,0
0,-1,0,0,0
0,-1,0,0,0
0,-1,0,0,0
0,-1,0,0,0
0,-1,0,0,0
0,-1,0,0,0
0,-1,0,0,0
0,-1,0,0,0
0,-1,0,0,0
0,-1,0,0,0
0,-1,0,0,0
0,-1,0,0,0
0,-1,0,0,0
0,-1,0,0,0
0,-1,0,0,0
0,-1,0,0,0
0,-1,0,0,0
0,-1,0,0,0
0,-1,0,0,0
0,-1,0,0,0
0,-1,0,0,0
0,-1,0,0,0
0,-1,0,0,0
0,-1,0,0,0
0,-1,0,0,0
0,-1,0,0,0
0,-1,0,0,0
0,-1,0,0,0
0,-1,0,0,0
0,-1,0,0,0
0,-1,0,0,0
0,-1,0,0,0
0,-1,0,0,0
0,-1,0,0,0
0,-1,0,0,0
0,-1,0,0,0
0,-1,0,0,0
0,-1,0,0,0
0,-1,0,0,0
0,-1,0,0,0
0,-1,0,0,0
0,-1,0,0,0
0,-1,0,0,0
0,-1,0,0,0
0,-1,0,0,0
0,-1,0,0,0
0,-1,0,0,0
0,-1,0,0,0
0,-1,0,0,0
0,-1,0,0,0
0,-1,0,0,0
0,-1,0,0,0
0,-1,0,0,0
0,-1,0,0,0
0,-1,0,0,0
0,-1,0,0,0
0,-1,0,0,0
0,-1,0,0,0
0,-1,0,0,0
0,-1,0,0,0
0,-1,0,0,0
0,-1,0,0,0
0,-1,0,0,0
0,-1,0,0,0
0,-1,0,0,0
0,-1,0,0,0
0,-1,0,0,0
0,-1,0,0,0
0,-1,0,0,0
0,-1,0,0,0
0,-1,0,0,0
0,-1,0,0,0
0,-1,0,0,0
0,-1,0,0,0
0,-1,0,0,0
0,-1,0,0,0
0,-1,0,0,0
0,-1,0,0,0
0,-1,0,0,0
0,-1,0,0,0
0,-1,0,0,0
0,-1,0,0,0
0,-1,0,0,0
0,-1,0,0,0
0,-1,0,0,0
0,-1,0,0,0
0,-1,0,0,0
0,-1,0,0,0
0,-1,0,0,0
0,-1,0,0,0
0,-1,0,0,0
0,-1,0,0,0
0,-1,0,0,0
0,-1,0,0,0
0,-1,0,0,0
0,-1,0,0,0
0,-1,0,0,0
0,-1,0,0,0
0,-1,0,0,0
0,-1,0,0,0
0,-1,0,0,0
0,-1,0,0,0
0,-1,0,0,0
0,-1,0,0,0
0,-1,0,0,0
0,-1,0,0,0
0,-1,0,0,0
0,-1,0,0,0
0,-1,0,0,0
0,-1,0,0,0
0,-1,0,0,0
0,-1,0,0,0
0,-1,0,0,0
0,-1,0,0,0
