0,-1,6,0,5
0,-1,4,0,7
0,-1,4,0,6
0,-1,5,0,6
0,-1,3,0,7
0,-1,6,0,7
0,-1,6,0,7
0,-1,3,0,5
0,-1,2,0,5
0,-1,0,0,5
0,-1,3,0,5
0,-1,3,0,5
0,-1,3,0,5
0,-1,6,0,6
0,-1,7,0,6
0,-1,7,0,6
0,-1,5,0,5
0,-1,5,0,5
0,-1,5,0,5
0,-1,5,0,5
0,-1,5,0,5
0,-1,0,0,5
0,-1,3,0,5
0,-1,3,0,5
0,-1,3,0,5
0,-1,3,0,4
0,-1,4,0,4
0,-1,4,0,4
0,-1,2,0,5
0,-1,5,0,5
0,-1,5,0,5
0,-1,2,0,4
0,-1,3,0,4
0,-1,3,0,5
0,-1,2,0,5
0,-1,1,0,5
0,-1,2,0,6
0,-1,2,0,6
0,-1,2,0,6
0,-1,2,0,6
0,-1,1,0,6
0,-1,0,0,6
0,-1,4,0,5
0,-1,3,0,5
0,-1,3,0,5
0,-1,3,0,5
0,-1,5,0,5
0,-1,5,0,5
0,-1,4,0,5
0,-1,3,0,5
0,-1,4,0,5
0,-1,3,0,5
0,-1,4,0,5
0,-1,0,0,5
0,-1,5,0,5
0,-1,6,0,5
0,-1,6,0,5
0,-1,4,0,5
0,-1,6,0,4
0,-1,6,0,4
0,-1,7,0,5
0,-1,7,0,5
0,-1,5,0,5
0,-1,4,0,5
0,-1,4,0,5
0,-1,0,0,5
0,-1,3,0,5
0,-1,5,0,5
0,-1,5,0,5
0,-1,3,0,6
0,-1,5,0,6
0,-1,5,0,6
0,-1,1,0,5
0,-1,4,0,5
0,-1,4,0,5
0,-1,3,0,5
0,-1,6,0,5
0,-1,5,0,5
0,-1,4,0,5
0,-1,5,0,5
0,-1,4,0,6
0,-1,3,0,6
0,-1,2,0,6
0,-1,3,0,6
0,-1,3,0,6
0,-1,0,0,6
0,-1,2,0,5
0,-1,5,0,5
0,-1,5,0,5
0,-1,5,0,5
0,-1,2,0,6
0,-1,2,0,6
0,-1,2,0,5
0,-1,1,0,5
0,-1,0,0,5
0,-1,1,0,5
0,-1,1,0,5
0,-1,1,0,5
0,-1,3,0,5
0,-1,3,0,5
0,-1,3,0,5
0,-1,3,0,5
0,-1,1,0,5
0,-1,1,0,5
0,-1,5,0,5
0,-1,4,0,5
0,-1,0,0,5
0,-1,6,0,5
0,-1,4,0,5
0,-1,4,0,5
0,-1,5,0,4
0,-1,3,0,5
0,-1,4,0,5
0,-1,5,0,5
0,-1,6,0,5
0,-1,5,0,5
0,-1,5,0,5
0,-1,4,0,5
0,-1,4,0,5
0,-1,0,0,5
0,-1,2,0,4
0,-1,3,0,4
0,-1,3,0,4
0,-1,0,0,5
0,-1,0,0,5
0,-1,4,0,5
0,-1,4,0,5
0,-1,2,0,5
0,-1,2,0,5
0,-1,2,0,5
0,-1,5,0,5
0,-1,0,0,5
0,-1,4,0,5
0,-1,3,0,6
0,-1,6,0,6
0,-1,4,0,6
0,-1,6,0,7
0,-1,5,0,7
0,-1,5,0,7
0,-1,7,0,7
0,-1,0,0,7
0,-1,8,0,6
0,-1,7,0,6
0,-1,7,0,6
0,-1,3,0,5
0,-1,4,0,5
0,-1,4,0,5
0,-1,5,0,6
0,-1,5,0,6
0,-1,5,0,6
0,-1,8,0,5
0,-1,6,0,5
0,-1,4,0,3
0,-1,4,0,3
0,-1,4,0,3
0,-1,4,0,7
0,-1,4,0,7
0,-1,4,0,7
0,-1,5,0,5
0,-1,5,0,5
0,-1,0,0,5
0,-1,3,0,7
0,-1,5,0,7
0,-1,5,0,7
1,1.0,6,0,8
0,-1,6,0,8
0,-1,6,0,8
0,-1,6,0,8
0,-1,6,0,13
0,-1,7,0,13
0,-1,7,0,13
0,-1,33,0,33
0,-1,45,0,33
0,-1,45,0,33
0,-1,45,0,33
0,-1,69,0,52
0,-1,59,0,52
0,-1,59,0,52
0,-1,38,0,50
0,-1,34,0,50
0,-1,0,0,50
0,-1,17,0,38
0,-1,16,0,38
0,-1,16,0,38
0,-1,16,0,22
0,-1,14,0,22
0,-1,3,0,22
0,-1,3,0,22
0,-1,9,0,14
0,-1,12,0,14
0,-1,10,0,11
0,-1,10,0,11
0,-1,10,0,11
0,-1,10,0,11
0,-1,10,0,11
0,-1,10,0,11
0,-1,11,0,8
0,-1,10,0,7
0,-1,8,0,7
0,-1,8,0,7
0,-1,8,0,7
0,-1,0,0,7
0,-1,0,0,7
0,-1,11,0,8
0,-1,10,0,8
0,-1,10,0,8
0,-1,7,0,10
0,-1,9,0,10
0,-1,6,0,10
0,-1,6,0,9
0,-1,7,0,9
0,-1,7,0,9
1,1.0,11,0,9
0,-1,33,0,9
0,-1,33,0,9
0,-1,33,0,9
0,-1,74,0,40
0,-1,69,0,40
0,-1,69,0,40
0,-1,39,0,46
0,-1,32,0,46
0,-1,0,0,46
0,-1,16,0,46
0,-1,5,0,46
0,-1,5,0,46
0,-1,13,0,18
0,-1,15,0,18
0,-1,15,0,18
0,-1,13,0,18
0,-1,0,0,18
0,-1,13,0,11
0,-1,14,0,11
0,-1,2,0,11
0,-1,9,0,8
0,-1,10,0,8
0,-1,10,0,8
0,-1,8,0,8
0,-1,8,0,8
0,-1,8,0,8
0,-1,4,0,6
0,-1,5,0,6
0,-1,0,0,6
0,-1,5,0,7
0,-1,6,0,7
0,-1,8,0,8
0,-1,6,0,8
0,-1,5,0,8
0,-1,5,0,8
0,-1,7,0,6
0,-1,6,0,6
0,-1,6,0,6
0,-1,6,0,7
0,-1,7,0,7
0,-1,7,0,7
0,-1,11,0,8
1,1.0,14,0,10
0,-1,20,0,10
0,-1,20,0,10
0,-1,47,0,24
0,-1,57,0,24
0,-1,89,0,49
0,-1,89,0,49
0,-1,91,0,49
0,-1,5,0,49
0,-1,5,0,49
0,-1,46,0,32
0,-1,40,0,32
0,-1,40,0,32
0,-1,21,0,30
0,-1,15,0,30
0,-1,0,0,30
0,-1,20,0,18
0,-1,24,0,18
0,-1,4,0,18
0,-1,4,0,18
0,-1,16,0,18
0,-1,16,0,18
0,-1,15,0,14
0,-1,13,0,14
0,-1,13,0,14
0,-1,14,0,11
0,-1,12,0,11
0,-1,1,0,11
0,-1,1,0,11
0,-1,9,0,11
0,-1,9,0,11
0,-1,7,0,7
0,-1,6,0,7
0,-1,6,0,7
0,-1,9,0,8
0,-1,9,0,8
0,-1,10,0,8
0,-1,12,0,9
0,-1,11,0,9
0,-1,11,0,9
0,-1,9,0,9
0,-1,8,0,9
0,-1,8,0,9
0,-1,7,0,9
0,-1,7,0,9
1,1.0,0,0,9
0,-1,10,0,9
0,-1,13,0,9
0,-1,13,0,9
0,-1,69,1,40
0,-1,83,0,40
0,-1,83,0,40
0,-1,91,0,40
0,-1,91,0,40
0,-1,91,0,40
0,-1,40,0,39
0,-1,32,0,39
0,-1,32,0,39
0,-1,21,0,39
0,-1,0,0,39
0,-1,28,0,16
0,-1,28,0,16
0,-1,3,0,16
0,-1,3,0,16
0,-1,16,0,16
0,-1,16,0,16
0,-1,15,0,11
0,-1,13,0,11
0,-1,13,0,11
0,-1,12,0,8
0,-1,12,0,8
0,-1,2,0,8
0,-1,2,0,8
0,-1,12,0,9
0,-1,10,0,9
0,-1,13,0,8
0,-1,11,0,8
0,-1,11,0,8
0,-1,10,0,8
0,-1,10,0,8
0,-1,0,0,8
0,-1,0,0,8
0,-1,12,0,8
0,-1,12,0,8
0,-1,12,0,8
0,-1,12,0,11
0,-1,9,0,11
0,-1,9,0,11
1,1.0,15,0,27
0,-1,24,0,27
0,-1,4,0,27
0,-1,4,0,27
0,-1,50,0,45
0,-1,52,0,45
0,-1,52,0,45
0,-1,34,0,55
0,-1,29,0,55
0,-1,0,0,55
0,-1,21,0,46
0,-1,22,0,46
0,-1,22,0,46
0,-1,29,0,30
0,-1,32,0,30
0,-1,32,0,30
0,-1,22,0,18
0,-1,21,0,18
0,-1,0,0,18
0,-1,20,0,18
0,-1,7,0,18
0,-1,7,0,18
0,-1,19,0,9
0,-1,17,0,9
0,-1,17,0,9
0,-1,16,0,7
0,-1,19,0,7
0,-1,14,0,7
0,-1,14,0,7
0,-1,4,0,7
0,-1,11,0,7
0,-1,9,0,8
0,-1,9,0,8
0,-1,10,0,8
0,-1,9,0,8
0,-1,0,0,8
0,-1,12,0,8
0,-1,12,0,8
0,-1,2,0,8
0,-1,2,0,8
0,-1,14,0,12
1,1.0,14,0,12
0,-1,14,0,12
0,-1,37,0,21
0,-1,49,0,21
0,-1,65,0,46
0,-1,74,0,46
0,-1,7,0,46
0,-1,7,0,46
0,-1,47,0,42
0,-1,38,0,42
0,-1,26,0,30
0,-1,21,0,30
0,-1,21,0,30
0,-1,11,0,21
0,-1,12,0,21
0,-1,2,0,21
0,-1,20,0,19
0,-1,18,0,19
0,-1,0,0,19
0,-1,13,0,14
0,-1,14,0,14
0,-1,14,0,14
0,-1,13,0,11
0,-1,11,0,11
0,-1,4,0,11
0,-1,4,0,11
0,-1,14,0,11
0,-1,0,0,11
0,-1,11,0,10
0,-1,10,0,10
0,-1,0,0,10
0,-1,6,0,9
0,-1,11,0,9
0,-1,11,0,9
0,-1,9,0,8
0,-1,11,0,8
0,-1,11,0,8
0,-1,12,0,11
0,-1,10,0,11
0,-1,10,0,11
1,1.0,9,0,21
0,-1,13,0,21
0,-1,13,0,21
0,-1,43,0,33
0,-1,55,0,33
0,-1,0,0,33
0,-1,71,0,57
0,-1,63,0,57
0,-1,63,0,57
0,-1,35,0,42
0,-1,28,0,42
0,-1,4,0,42
0,-1,4,0,42
0,-1,15,0,42
0,-1,0,0,42
0,-1,24,0,24
0,-1,24,0,24
0,-1,24,0,24
0,-1,24,0,24
0,-1,13,0,15
0,-1,16,0,15
0,-1,19,0,11
0,-1,21,0,11
0,-1,0,0,11
0,-1,17,0,11
0,-1,14,0,11
0,-1,14,0,11
0,-1,16,0,8
0,-1,13,0,7
0,-1,14,0,7
0,-1,14,0,7
0,-1,9,0,4
0,-1,14,0,4
0,-1,12,0,7
0,-1,12,0,7
0,-1,12,0,7
0,-1,0,0,7
0,-1,10,0,7
0,-1,2,0,7
0,-1,2,0,7
0,-1,9,0,13
1,1.0,12,0,13
0,-1,12,0,13
0,-1,40,0,13
0,-1,40,0,13
0,-1,40,0,13
0,-1,57,0,52
0,-1,48,0,52
0,-1,48,0,52
0,-1,27,1,37
0,-1,22,0,37
0,-1,22,0,37
0,-1,13,0,28
0,-1,20,0,28
0,-1,20,0,28
0,-1,20,0,22
0,-1,17,0,22
0,-1,17,0,22
0,-1,14,0,16
0,-1,12,0,16
0,-1,0,0,16
0,-1,19,0,12
0,-1,119,0,12
0,-1,5,0,12
0,-1,5,0,12
0,-1,15,0,10
0,-1,14,0,10
0,-1,14,0,10
0,-1,14,0,10
0,-1,15,0,10
0,-1,0,0,10
0,-1,15,0,11
0,-1,13,0,11
0,-1,13,0,11
0,-1,13,0,10
0,-1,10,0,10
0,-1,10,0,10
0,-1,11,0,8
0,-1,9,0,8
0,-1,9,0,8
0,-1,6,0,8
0,-1,6,0,8
0,-1,6,0,8
0,-1,9,0,8
1,1.0,15,0,8
0,-1,15,0,8
0,-1,25,0,12
0,-1,41,0,12
0,-1,0,0,12
0,-1,81,0,12
0,-1,0,0,12
0,-1,0,0,12
0,-1,49,0,43
0,-1,41,0,43
0,-1,41,0,43
0,-1,22,0,24
0,-1,19,0,24
0,-1,0,0,24
0,-1,28,0,24
0,-1,5,0,24
0,-1,5,0,24
0,-1,31,0,14
0,-1,32,0,14
0,-1,32,0,14
0,-1,27,0,13
0,-1,25,0,13
0,-1,26,0,11
0,-1,23,0,11
0,-1,3,0,11
0,-1,3,0,11
0,-1,17,0,12
0,-1,15,0,12
0,-1,15,0,12
0,-1,17,0,10
0,-1,13,0,10
0,-1,0,0,10
0,-1,17,0,10
0,-1,2,0,10
0,-1,2,0,10
0,-1,24,0,14
1,1.0,25,0,14
0,-1,25,0,14
0,-1,33,0,15
0,-1,45,0,15
0,-1,0,0,15
0,-1,81,0,43
0,-1,91,0,43
0,-1,3,0,43
0,-1,80,0,40
0,-1,64,11,40
0,-1,6,11,40
0,-1,38,3,30
0,-1,33,0,30
0,-1,33,0,30
0,-1,33,0,30
0,-1,33,0,22
0,-1,28,0,22
0,-1,28,0,22
0,-1,23,0,20
0,-1,22,0,20
0,-1,0,0,20
0,-1,35,0,13
0,-1,30,0,13
0,-1,30,0,13
0,-1,30,0,13
0,-1,24,0,13
0,-1,0,0,13
0,-1,0,0,13
0,-1,21,0,13
0,-1,0,0,13
0,-1,16,0,8
0,-1,15,0,8
0,-1,15,0,8
0,-1,19,0,7
0,-1,15,0,7
0,-1,5,0,7
0,-1,16,0,14
0,-1,19,0,14
0,-1,0,0,14
0,-1,17,0,13
0,-1,17,0,13
1,1.0,17,0,13
0,-1,26,0,17
0,-1,29,0,17
0,-1,29,0,17
0,-1,53,0,31
0,-1,62,0,31
0,-1,0,0,31
0,-1,78,0,75
0,-1,63,0,75
0,-1,63,0,75
0,-1,63,0,75
0,-1,27,0,36
0,-1,29,0,36
0,-1,21,0,32
0,-1,23,0,32
0,-1,0,0,32
0,-1,30,0,27
0,-1,26,0,27
0,-1,4,0,27
0,-1,4,0,27
0,-1,20,0,27
0,-1,20,0,27
0,-1,20,0,15
0,-1,18,0,15
0,-1,0,0,15
0,-1,16,0,9
0,-1,14,0,9
0,-1,7,0,9
0,-1,7,0,9
0,-1,16,0,11
0,-1,15,0,11
0,-1,15,0,11
0,-1,14,0,10
0,-1,12,0,10
0,-1,12,0,10
0,-1,20,0,10
0,-1,25,0,10
0,-1,2,0,10
0,-1,2,0,10
0,-1,18,0,10
0,-1,18,0,10
0,-1,24,0,13
1,1.0,20,0,13
0,-1,20,0,13
0,-1,21,0,14
0,-1,33,0,14
0,-1,5,0,14
0,-1,59,0,55
0,-1,66,0,55
0,-1,0,0,55
0,-1,64,0,75
0,-1,51,0,75
0,-1,51,0,75
0,-1,29,0,40
0,-1,25,0,40
0,-1,1,0,40
0,-1,1,0,40
0,-1,29,0,40
0,-1,0,0,40
0,-1,25,0,17
0,-1,23,0,17
0,-1,23,0,17
0,-1,23,0,17
0,-1,25,0,12
0,-1,24,0,12
0,-1,24,0,12
0,-1,25,0,12
0,-1,0,0,12
0,-1,21,0,11
0,-1,19,0,11
0,-1,7,0,11
0,-1,7,0,11
0,-1,15,0,11
0,-1,15,0,11
0,-1,20,0,11
0,-1,21,0,11
0,-1,0,0,11
0,-1,20,0,11
0,-1,18,0,11
0,-1,9,0,11
0,-1,19,0,11
0,-1,16,0,11
0,-1,16,0,11
1,1.0,15,0,11
0,-1,12,0,11
0,-1,12,0,11
0,-1,50,0,28
0,-1,73,0,28
0,-1,3,0,28
0,-1,3,0,28
0,-1,85,0,60
0,-1,67,0,60
0,-1,44,0,34
0,-1,35,0,34
0,-1,35,0,34
0,-1,21,0,31
0,-1,24,0,31
0,-1,8,0,31
0,-1,8,0,31
0,-1,27,0,21
0,-1,28,0,21
0,-1,0,0,21
0,-1,29,0,18
0,-1,26,0,18
0,-1,26,0,18
0,-1,26,0,18
0,-1,21,0,18
0,-1,21,0,18
0,-1,25,0,14
0,-1,23,0,14
0,-1,0,0,14
0,-1,21,0,14
0,-1,20,0,14
0,-1,20,0,14
0,-1,18,0,12
0,-1,20,0,12
0,-1,20,0,12
0,-1,20,0,11
0,-1,19,0,11
0,-1,0,10,11
0,-1,22,0,11
0,-1,19,0,11
0,-1,8,0,11
1,1.0,8,0,11
0,-1,19,0,14
0,-1,24,0,14
0,-1,24,0,14
0,-1,47,0,41
0,-1,77,0,41
0,-1,0,0,41
0,-1,83,0,43
0,-1,72,0,43
0,-1,8,0,43
0,-1,8,0,43
0,-1,36,0,31
0,-1,30,0,31
0,-1,30,0,31
0,-1,30,0,29
0,-1,30,0,29
0,-1,24,0,22
0,-1,24,0,22
0,-1,9,0,22
0,-1,9,0,22
0,-1,27,0,21
0,-1,25,0,21
0,-1,25,0,21
0,-1,35,0,21
0,-1,35,0,21
0,-1,30,0,13
0,-1,26,0,13
0,-1,8,0,13
0,-1,8,0,13
0,-1,28,0,12
0,-1,26,0,12
0,-1,26,0,12
0,-1,26,0,12
0,-1,25,0,12
0,-1,25,0,12
0,-1,25,0,12
0,-1,28,0,8
0,-1,26,0,8
0,-1,26,0,8
0,-1,21,0,13
1,1.0,19,0,13
0,-1,19,0,13
0,-1,32,0,30
0,-1,47,0,30
0,-1,47,0,30
0,-1,78,0,53
0,-1,80,0,53
0,-1,80,0,53
0,-1,62,0,53
0,-1,57,0,53
0,-1,0,0,53
0,-1,42,0,34
0,-1,36,0,34
0,-1,36,0,34
0,-1,30,0,24
0,-1,33,0,24
0,-1,33,0,24
0,-1,35,0,22
0,-1,34,0,22
0,-1,0,0,22
0,-1,32,0,17
0,-1,29,0,17
0,-1,29,0,17
0,-1,29,0,17
0,-1,20,0,12
0,-1,20,0,12
0,-1,19,0,12
0,-1,22,0,12
0,-1,0,0,12
0,-1,18,0,9
0,-1,21,0,9
0,-1,21,0,9
0,-1,18,0,9
0,-1,20,0,9
0,-1,18,0,9
0,-1,18,0,9
0,-1,21,0,9
0,-1,0,0,9
0,-1,16,0,6
0,-1,25,0,6
0,-1,25,0,6
0,-1,20,0,8
0,-1,19,0,8
0,-1,19,0,8
0,-1,21,0,10
0,-1,19,0,10
0,-1,0,0,10
0,-1,18,0,9
0,-1,18,0,9
0,-1,18,0,9
0,-1,14,0,9
0,-1,14,0,9
0,-1,14,0,9
0,-1,14,0,9
0,-1,13,0,9
0,-1,0,0,9
0,-1,11,0,9
0,-1,11,0,9
0,-1,0,0,9
0,-1,13,0,10
0,-1,12,0,10
0,-1,1,0,10
0,-1,1,0,10
0,-1,12,0,8
0,-1,14,0,8
0,-1,14,0,8
0,-1,15,0,8
0,-1,17,0,8
0,-1,0,0,8
0,-1,17,0,5
0,-1,15,0,5
0,-1,15,0,5
0,-1,16,0,5
0,-1,14,0,5
0,-1,14,0,5
0,-1,19,0,8
0,-1,20,0,8
0,-1,0,0,8
0,-1,15,0,8
0,-1,15,0,8
0,-1,18,0,8
0,-1,17,0,10
0,-1,16,0,10
0,-1,16,0,10
0,-1,16,0,8
0,-1,15,0,8
0,-1,16,0,9
0,-1,17,0,9
0,-1,17,0,9
0,-1,22,0,9
0,-1,22,0,9
0,-1,16,0,11
0,-1,19,0,11
0,-1,19,0,11
0,-1,16,0,9
0,-1,14,0,9
0,-1,5,0,9
0,-1,5,0,9
0,-1,14,0,8
0,-1,13,0,7
0,-1,17,0,7
0,-1,17,0,7
0,-1,12,0,9
0,-1,13,0,9
0,-1,0,0,9
0,-1,15,0,9
0,-1,5,0,9
0,-1,14,0,8
0,-1,16,0,9
0,-1,16,0,9
0,-1,16,0,9
0,-1,10,0,7
0,-1,15,0,7
0,-1,0,0,7
0,-1,19,0,7
0,-1,17,0,7
0,-1,17,0,7
0,-1,18,0,9
0,-1,19,0,9
0,-1,3,0,9
0,-1,3,0,9
0,-1,19,0,9
0,-1,18,0,9
0,-1,15,0,9
0,-1,13,0,9
0,-1,13,0,9
0,-1,13,0,9
0,-1,19,0,9
0,-1,8,0,9
0,-1,20,0,8
0,-1,18,0,8
0,-1,16,0,8
0,-1,16,0,8
0,-1,16,0,9
0,-1,16,0,9
0,-1,14,0,9
0,-1,13,0,9
0,-1,0,0,9
0,-1,0,0,9
0,-1,15,0,11
0,-1,14,0,11
0,-1,14,0,11
0,-1,17,0,9
0,-1,18,0,9
0,-1,0,0,9
0,-1,17,0,13
0,-1,18,0,13
0,-1,18,0,13
1,2.0,18,0,13
0,-1,18,0,13
0,-1,34,0,13
0,-1,34,0,13
0,-1,55,35,39
0,-1,60,43,39
0,-1,60,43,39
0,-1,60,43,39
0,-1,81,45,39
0,-1,7,37,39
0,-1,7,37,39
0,-1,37,10,40
0,-1,31,5,40
0,-1,31,5,40
0,-1,31,0,25
0,-1,29,0,25
0,-1,0,0,25
0,-1,29,0,15
0,-1,28,0,15
0,-1,28,0,15
0,-1,28,0,15
0,-1,21,0,15
0,-1,21,0,15
0,-1,19,0,8
0,-1,20,0,8
0,-1,20,0,8
0,-1,18,0,7
0,-1,18,0,7
0,-1,6,0,7
0,-1,13,0,9
0,-1,16,0,9
0,-1,16,0,9
0,-1,14,0,10
0,-1,12,0,10
0,-1,0,0,10
1,2.0,13,0,9
0,-1,17,0,9
0,-1,8,0,9
0,-1,30,0,18
0,-1,49,29,18
0,-1,0,29,18
0,-1,83,81,53
0,-1,96,83,53
0,-1,8,83,53
0,-1,8,83,53
0,-1,62,50,53
0,-1,2,37,53
0,-1,2,37,53
0,-1,29,12,27
0,-1,32,3,27
0,-1,32,3,27
0,-1,32,3,27
0,-1,29,0,27
0,-1,29,0,27
0,-1,29,0,27
0,-1,20,0,13
0,-1,19,0,13
0,-1,19,0,13
0,-1,20,0,18
0,-1,17,0,18
0,-1,17,0,18
0,-1,17,0,12
0,-1,19,0,12
0,-1,19,0,12
0,-1,19,0,10
0,-1,21,0,10
0,-1,6,0,10
0,-1,6,0,10
0,-1,17,0,8
0,-1,18,0,8
0,-1,18,0,8
0,-1,19,0,8
1,2.0,18,0,8
0,-1,18,0,8
0,-1,19,0,11
0,-1,23,0,11
0,-1,2,0,11
0,-1,2,0,11
0,-1,52,50,45
0,-1,65,79,45
0,-1,8,79,45
0,-1,62,54,37
0,-1,51,41,37
0,-1,51,41,37
0,-1,51,41,37
0,-1,23,9,37
0,-1,23,9,37
0,-1,19,0,24
0,-1,24,0,24
0,-1,0,0,24
0,-1,22,0,14
0,-1,20,0,14
0,-1,20,0,14
0,-1,16,0,11
0,-1,18,0,11
0,-1,18,0,11
0,-1,16,0,9
0,-1,16,0,9
0,-1,0,0,9
0,-1,18,0,8
0,-1,16,0,8
0,-1,17,0,8
0,-1,19,0,7
0,-1,17,0,7
0,-1,17,0,7
0,-1,16,0,6
0,-1,16,0,6
0,-1,22,0,7
0,-1,17,0,7
0,-1,17,0,7
0,-1,16,0,7
0,-1,14,0,9
1,2.0,12,0,9
0,-1,12,0,9
0,-1,11,0,7
0,-1,17,0,7
0,-1,17,0,7
0,-1,56,5,7
0,-1,56,5,7
0,-1,56,5,7
0,-1,85,59,51
0,-1,82,52,51
0,-1,82,52,51
0,-1,56,16,51
0,-1,14,16,51
0,-1,14,16,51
0,-1,24,6,51
0,-1,1,0,51
0,-1,1,0,51
0,-1,25,0,16
0,-1,22,0,16
0,-1,15,0,11
0,-1,20,0,11
0,-1,20,0,11
0,-1,16,0,9
0,-1,16,0,9
0,-1,4,0,9
0,-1,17,0,9
0,-1,17,0,9
0,-1,17,0,9
0,-1,12,0,10
0,-1,12,0,10
0,-1,12,0,10
0,-1,13,0,8
0,-1,14,0,8
0,-1,2,0,8
0,-1,9,0,10
0,-1,10,0,10
0,-1,10,0,10
1,2.0,15,0,8
0,-1,12,0,8
0,-1,0,0,8
0,-1,22,0,6
0,-1,41,0,6
0,-1,4,4,6
0,-1,4,4,6
0,-1,78,27,49
0,-1,93,50,49
0,-1,73,38,54
0,-1,60,30,54
0,-1,60,30,54
0,-1,60,30,54
0,-1,28,5,54
0,-1,4,0,54
0,-1,4,0,54
0,-1,28,0,54
0,-1,0,0,54
0,-1,20,0,18
0,-1,21,0,18
0,-1,21,0,18
0,-1,21,0,18
0,-1,23,0,18
0,-1,23,0,18
0,-1,19,0,8
0,-1,19,0,8
0,-1,0,0,8
0,-1,16,0,11
0,-1,16,0,11
0,-1,16,0,11
0,-1,14,0,10
0,-1,17,0,10
0,-1,16,0,10
0,-1,17,0,8
1,2.0,14,0,8
0,-1,0,0,8
0,-1,17,0,9
0,-1,22,0,9
0,-1,22,0,9
0,-1,22,0,9
0,-1,54,23,9
0,-1,1,23,9
0,-1,91,42,28
0,-1,78,43,28
0,-1,33,43,28
0,-1,33,43,28
0,-1,37,6,28
0,-1,0,16,28
0,-1,0,16,28
0,-1,19,0,23
0,-1,21,0,23
0,-1,21,0,23
0,-1,21,0,23
0,-1,17,0,23
0,-1,17,0,23
0,-1,16,0,12
0,-1,16,0,12
0,-1,5,0,12
0,-1,5,0,12
0,-1,22,0,12
0,-1,0,0,12
0,-1,17,0,9
0,-1,15,0,9
0,-1,15,0,9
0,-1,18,0,10
0,-1,16,0,10
0,-1,4,0,10
0,-1,22,0,10
0,-1,18,0,10
0,-1,0,0,10
0,-1,15,0,10
0,-1,21,0,10
1,2.0,21,0,10
0,-1,18,0,12
0,-1,15,0,12
0,-1,4,0,12
0,-1,4,0,12
0,-1,52,38,20
0,-1,74,41,20
0,-1,79,43,49
0,-1,92,52,49
0,-1,92,52,49
0,-1,92,52,49
0,-1,77,45,49
0,-1,63,39,49
0,-1,63,39,49
0,-1,39,15,31
0,-1,32,9,31
0,-1,10,9,31
0,-1,31,0,31
0,-1,2,0,31
0,-1,2,0,31
0,-1,26,0,24
0,-1,30,0,24
0,-1,30,0,24
0,-1,25,0,24
0,-1,25,0,24
0,-1,23,0,17
0,-1,20,0,17
0,-1,9,0,17
0,-1,9,0,17
0,-1,19,0,11
0,-1,17,0,11
0,-1,17,0,11
0,-1,17,0,11
0,-1,17,0,11
0,-1,17,0,11
0,-1,18,0,10
1,2.0,16,0,10
0,-1,16,0,10
0,-1,17,0,31
0,-1,24,1,31
0,-1,6,1,31
0,-1,93,72,64
0,-1,96,73,64
0,-1,96,73,64
0,-1,75,53,59
0,-1,62,44,59
0,-1,9,44,59
0,-1,40,16,45
0,-1,35,7,45
0,-1,0,7,45
0,-1,29,0,30
0,-1,29,0,30
0,-1,8,0,30
0,-1,8,0,30
0,-1,27,0,30
0,-1,27,0,30
0,-1,18,0,13
0,-1,20,0,13
0,-1,20,0,13
0,-1,26,0,14
0,-1,22,0,14
0,-1,2,0,14
0,-1,2,0,14
0,-1,18,0,14
0,-1,18,0,14
0,-1,21,0,9
0,-1,21,0,9
0,-1,21,0,9
1,2.0,18,0,11
0,-1,19,0,11
0,-1,2,0,11
0,-1,2,0,11
0,-1,38,0,37
0,-1,54,14,37
0,-1,1,594,37
0,-1,82,29,65
0,-1,75,25,62
0,-1,75,20,62
0,-1,13,20,62
0,-1,13,20,62
0,-1,41,23,38
0,-1,36,21,38
0,-1,36,21,38
0,-1,31,0,33
0,-1,27,0,33
0,-1,0,0,33
0,-1,25,0,33
0,-1,1,0,33
0,-1,1,0,33
0,-1,19,0,16
0,-1,15,0,16
0,-1,15,0,16
0,-1,16,0,13
0,-1,17,0,13
0,-1,0,0,13
0,-1,13,0,9
0,-1,14,0,9
0,-1,14,0,9
0,-1,13,0,10
0,-1,15,0,10
0,-1,15,0,10
0,-1,18,0,7
0,-1,15,0,7
0,-1,0,0,7
0,-1,12,0,7
0,-1,2,0,7
1,2.0,2,0,7
0,-1,15,0,11
0,-1,18,0,11
0,-1,18,0,11
0,-1,37,70,22
0,-1,50,80,22
0,-1,77,80,22
0,-1,63,67,50
0,-1,52,52,50
0,-1,3,40,50
0,-1,3,40,50
0,-1,25,15,50
0,-1,25,15,50
0,-1,25,15,50
0,-1,16,0,32
0,-1,17,0,32
0,-1,17,0,32
0,-1,17,0,19
0,-1,19,0,19
0,-1,8,0,19
0,-1,8,0,19
0,-1,17,0,14
0,-1,15,0,14
0,-1,0,0,14
0,-1,18,0,11
0,-1,24,0,11
0,-1,24,0,11
0,-1,14,0,10
0,-1,13,0,10
0,-1,13,0,10
0,-1,13,0,9
0,-1,11,0,9
0,-1,11,0,9
0,-1,14,0,10
0,-1,18,0,10
0,-1,18,0,10
0,-1,17,0,10
0,-1,22,0,10
1,2.0,22,0,10
0,-1,24,0,11
0,-1,33,0,11
0,-1,0,0,11
0,-1,79,67,23
0,-1,116,79,23
0,-1,5,69,23
0,-1,5,69,23
0,-1,82,34,42
0,-1,65,32,42
0,-1,65,32,42
0,-1,37,27,31
0,-1,30,17,31
0,-1,8,17,31
0,-1,28,0,24
0,-1,26,0,24
0,-1,26,0,24
0,-1,21,0,15
0,-1,19,0,15
0,-1,19,0,15
0,-1,21,0,10
0,-1,17,0,10
0,-1,0,0,10
0,-1,22,0,10
0,-1,1,0,10
0,-1,1,0,10
0,-1,14,0,8
0,-1,12,0,8
0,-1,12,0,8
0,-1,16,0,10
0,-1,14,0,10
0,-1,14,0,10
0,-1,14,0,11
0,-1,13,0,11
0,-1,8,0,11
0,-1,8,0,11
0,-1,13,0,8
0,-1,11,0,8
1,2.0,12,0,10
0,-1,10,0,10
0,-1,10,0,10
0,-1,17,41,11
0,-1,39,80,11
0,-1,1,82,11
0,-1,1,82,11
0,-1,103,75,51
0,-1,99,76,51
0,-1,9,76,51
0,-1,60,50,38
0,-1,50,38,38
0,-1,50,38,38
0,-1,27,9,27
0,-1,22,2,27
0,-1,22,2,27
0,-1,30,0,18
0,-1,25,0,18
0,-1,0,0,18
0,-1,19,0,15
0,-1,17,0,15
0,-1,17,0,15
0,-1,17,0,15
0,-1,21,0,15
0,-1,21,0,15
0,-1,21,0,15
0,-1,20,0,15
0,-1,0,0,15
0,-1,16,0,10
0,-1,16,0,10
0,-1,5,0,10
0,-1,16,0,10
0,-1,14,0,10
0,-1,13,0,10
0,-1,13,0,10
1,2.0,18,0,10
0,-1,0,0,10
0,-1,24,0,20
0,-1,28,12,20
0,-1,4,37,20
0,-1,4,37,20
0,-1,61,48,48
0,-1,71,44,48
0,-1,2,514,48
0,-1,69,41,44
0,-1,57,29,44
0,-1,57,29,44
0,-1,57,29,44
0,-1,27,0,39
0,-1,22,0,39
0,-1,22,0,39
0,-1,29,0,24
0,-1,27,0,24
0,-1,27,0,24
0,-1,26,0,24
0,-1,26,0,24
0,-1,26,0,24
0,-1,20,0,10
0,-1,18,0,10
0,-1,18,0,10
0,-1,18,0,10
0,-1,0,0,10
0,-1,20,0,8
0,-1,17,0,8
0,-1,17,0,8
0,-1,21,0,8
0,-1,21,0,8
0,-1,21,0,8
0,-1,16,0,7
0,-1,16,0,7
0,-1,0,0,7
1,2.0,20,0,9
0,-1,26,0,9
0,-1,26,0,9
0,-1,26,0,9
0,-1,84,0,9
0,-1,8,9,9
0,-1,96,36,50
0,-1,99,48,50
0,-1,99,48,50
0,-1,99,48,50
0,-1,61,21,50
0,-1,0,22,50
0,-1,0,22,50
0,-1,40,0,30
0,-1,35,0,30
0,-1,35,0,30
0,-1,34,0,30
0,-1,34,0,30
0,-1,28,0,16
0,-1,31,0,16
0,-1,6,0,16
0,-1,6,0,16
0,-1,20,0,10
0,-1,20,0,10
0,-1,20,0,10
0,-1,18,0,9
0,-1,18,0,9
0,-1,0,0,9
0,-1,13,0,9
0,-1,1,0,9
0,-1,1,0,9
0,-1,16,0,8
0,-1,14,0,8
0,-1,14,0,8
0,-1,20,0,10
1,2.0,19,0,10
0,-1,0,0,10
0,-1,22,0,13
0,-1,32,2,13
0,-1,32,2,13
0,-1,32,2,13
0,-1,67,54,49
0,-1,76,55,49
0,-1,5,55,49
0,-1,97,32,56
0,-1,79,31,47
0,-1,65,24,47
0,-1,65,24,47
0,-1,38,12,47
0,-1,3,3,47
0,-1,3,3,47
0,-1,25,0,31
0,-1,21,0,31
0,-1,21,0,31
0,-1,21,0,31
0,-1,21,0,31
0,-1,21,0,31
0,-1,21,0,31
0,-1,12,0,11
0,-1,11,0,11
0,-1,11,0,11
0,-1,16,0,11
0,-1,0,0,11
0,-1,8,0,9
0,-1,13,0,9
0,-1,13,0,9
0,-1,13,0,9
0,-1,11,0,9
0,-1,2,0,9
0,-1,2,0,9
0,-1,12,0,9
0,-1,0,0,9
0,-1,19,0,9
0,-1,17,0,9
0,-1,17,0,9
0,-1,13,0,7
0,-1,12,0,7
0,-1,3,0,7
0,-1,3,0,7
0,-1,13,0,6
0,-1,14,0,6
0,-1,11,0,8
0,-1,10,0,8
0,-1,10,0,8
0,-1,14,0,6
0,-1,14,0,6
0,-1,1,0,6
0,-1,10,0,9
0,-1,8,0,9
0,-1,8,0,9
0,-1,8,0,9
0,-1,9,0,8
0,-1,11,0,8
0,-1,11,0,8
0,-1,14,0,8
0,-1,14,0,8
0,-1,14,0,8
0,-1,9,0,7
0,-1,8,0,7
0,-1,12,0,7
0,-1,12,0,7
0,-1,12,0,8
0,-1,10,0,8
0,-1,10,0,8
0,-1,10,0,8
0,-1,0,0,8
0,-1,9,0,8
0,-1,10,0,8
0,-1,10,0,8
0,-1,8,0,6
0,-1,9,0,6
0,-1,8,0,6
0,-1,5,0,12
0,-1,5,0,12
0,-1,8,0,12
0,-1,0,0,12
0,-1,19,0,12
0,-1,8,0,12
0,-1,8,0,12
0,-1,9,0,9
0,-1,9,0,9
0,-1,9,0,9
0,-1,8,0,10
0,-1,9,0,10
0,-1,9,0,10
0,-1,9,0,8
0,-1,9,0,8
0,-1,0,0,8
1,3.0,18,0,8
0,-1,5,0,8
0,-1,5,0,8
0,-1,19,0,36
0,-1,19,0,36
0,-1,0,0,36
0,-1,23,13,77
0,-1,24,11,77
0,-1,24,11,77
0,-1,24,11,77
0,-1,30,45,83
0,-1,24,38,83
0,-1,8,38,83
0,-1,18,8,54
0,-1,15,3,54
0,-1,0,3,54
0,-1,14,0,54
0,-1,4,0,54
0,-1,4,0,54
0,-1,13,0,18
0,-1,11,0,18
0,-1,11,0,18
0,-1,12,0,11
0,-1,16,0,11
0,-1,13,0,8
0,-1,11,0,8
0,-1,9,0,8
0,-1,8,0,7
0,-1,9,0,10
0,-1,7,0,10
0,-1,7,0,10
0,-1,5,0,10
0,-1,5,0,10
0,-1,5,0,10
0,-1,7,0,10
0,-1,7,0,10
0,-1,4,0,8
0,-1,6,0,10
0,-1,8,0,10
1,3.0,8,0,10
0,-1,9,0,10
0,-1,9,0,10
0,-1,9,0,10
0,-1,15,0,17
0,-1,12,0,17
0,-1,12,0,17
0,-1,39,6,45
0,-1,43,4,45
0,-1,43,4,45
0,-1,46,31,59
0,-1,39,29,59
0,-1,21,29,59
0,-1,23,6,36
0,-1,22,4,36
0,-1,22,4,36
0,-1,14,0,32
0,-1,13,0,32
0,-1,13,0,32
0,-1,18,0,23
0,-1,15,0,23
0,-1,0,0,23
0,-1,11,0,17
0,-1,14,0,17
0,-1,14,0,17
0,-1,14,0,17
0,-1,9,0,17
0,-1,9,0,17
0,-1,9,0,10
0,-1,8,0,10
0,-1,8,0,10
0,-1,7,0,11
0,-1,8,0,11
0,-1,0,0,11
0,-1,6,0,11
0,-1,6,0,11
1,3.0,6,0,11
0,-1,11,0,21
0,-1,13,0,21
0,-1,0,0,21
0,-1,23,19,44
0,-1,28,31,44
0,-1,28,31,44
0,-1,28,31,44
0,-1,42,31,44
0,-1,6,31,44
0,-1,4,31,44
0,-1,22,14,49
0,-1,17,8,49
0,-1,16,0,33
0,-1,15,0,33
0,-1,5,0,33
0,-1,5,0,33
0,-1,13,0,22
0,-1,12,0,22
0,-1,12,0,22
0,-1,6,0,16
0,-1,10,0,16
0,-1,10,0,16
0,-1,12,0,11
0,-1,11,0,11
0,-1,11,0,11
0,-1,11,0,11
0,-1,9,0,11
0,-1,9,0,11
0,-1,9,0,9
0,-1,7,0,9
0,-1,7,0,9
0,-1,11,0,11
0,-1,15,0,11
0,-1,15,0,11
1,3.0,15,0,11
0,-1,14,0,12
0,-1,13,0,12
0,-1,13,0,12
0,-1,15,0,12
0,-1,0,0,12
0,-1,2,0,12
0,-1,2,0,12
0,-1,34,21,62
0,-1,34,21,62
0,-1,6,25,62
0,-1,6,25,62
0,-1,64,50,89
0,-1,55,50,89
0,-1,6,50,89
0,-1,39,20,58
0,-1,36,13,58
0,-1,4,13,58
0,-1,27,0,58
0,-1,7,0,58
0,-1,7,0,58
0,-1,23,0,33
0,-1,22,0,33
0,-1,22,0,33
0,-1,21,0,20
0,-1,20,0,20
0,-1,20,0,20
0,-1,15,0,15
0,-1,14,0,15
0,-1,14,0,15
0,-1,11,0,11
0,-1,9,0,11
0,-1,9,0,11
0,-1,12,0,11
0,-1,12,0,11
0,-1,12,0,11
0,-1,12,0,13
0,-1,11,0,13
1,3.0,11,0,13
0,-1,12,0,9
0,-1,9,0,9
0,-1,9,0,9
0,-1,21,28,9
0,-1,21,28,9
0,-1,21,28,9
0,-1,62,56,60
0,-1,68,54,60
0,-1,68,54,60
0,-1,54,47,60
0,-1,44,35,60
0,-1,24,35,60
0,-1,27,8,60
0,-1,6,1,60
0,-1,6,1,60
0,-1,25,0,22
0,-1,23,0,22
0,-1,23,0,22
0,-1,12,0,22
0,-1,12,0,22
0,-1,11,0,13
0,-1,10,0,13
0,-1,0,0,13
0,-1,13,0,13
0,-1,11,0,13
0,-1,0,0,13
0,-1,9,0,9
0,-1,12,0,9
0,-1,12,0,9
0,-1,9,0,8
0,-1,8,0,8
0,-1,8,0,8
0,-1,10,0,11
0,-1,11,0,11
0,-1,0,0,11
0,-1,9,0,9
0,-1,9,0,9
0,-1,9,0,9
1,3.0,11,0,12
0,-1,11,0,12
0,-1,1,0,12
0,-1,1,0,12
0,-1,31,23,12
0,-1,31,23,12
0,-1,50,58,65
0,-1,58,65,65
0,-1,58,65,65
0,-1,58,65,65
0,-1,33,27,46
0,-1,31,17,46
0,-1,31,17,46
0,-1,25,0,56
0,-1,30,0,56
0,-1,0,0,56
0,-1,25,0,31
0,-1,22,0,31
0,-1,22,0,31
0,-1,24,0,18
0,-1,20,0,18
0,-1,20,0,18
0,-1,17,0,17
0,-1,16,0,17
0,-1,0,15,17
0,-1,15,0,14
0,-1,11,0,14
0,-1,2,0,14
0,-1,2,0,14
0,-1,12,0,15
0,-1,12,0,15
0,-1,12,0,15
0,-1,12,0,15
0,-1,0,0,15
0,-1,10,0,10
0,-1,13,0,10
1,3.0,4,0,10
0,-1,4,0,10
0,-1,15,0,10
0,-1,0,0,10
0,-1,31,35,45
0,-1,34,48,45
0,-1,34,48,45
0,-1,34,48,45
0,-1,53,61,51
0,-1,46,55,51
0,-1,46,55,51
0,-1,29,17,36
0,-1,27,9,36
0,-1,2,9,36
0,-1,26,0,36
0,-1,7,0,36
0,-1,7,0,36
0,-1,23,0,16
0,-1,21,0,16
0,-1,21,0,16
0,-1,15,0,15
0,-1,16,0,15
0,-1,0,0,15
0,-1,12,0,15
0,-1,1,0,15
0,-1,1,0,15
0,-1,11,0,9
0,-1,10,0,9
0,-1,10,0,9
0,-1,9,0,9
0,-1,0,0,9
0,-1,11,0,9
0,-1,17,0,9
1,3.0,7,0,9
0,-1,7,0,9
0,-1,18,0,19
0,-1,22,2,19
0,-1,6,2,19
0,-1,6,2,19
0,-1,47,30,19
0,-1,47,30,19
0,-1,47,30,19
0,-1,70,51,19
0,-1,4,43,19
0,-1,4,43,19
0,-1,48,33,83
0,-1,39,25,83
0,-1,5,25,83
0,-1,22,4,83
0,-1,2,0,83
0,-1,2,0,83
0,-1,26,0,34
0,-1,22,0,34
0,-1,22,0,34
0,-1,16,0,20
0,-1,15,0,20
0,-1,0,0,20
0,-1,15,0,18
0,-1,13,0,18
0,-1,2,0,18
0,-1,2,0,18
0,-1,14,0,13
0,-1,12,0,13
0,-1,12,0,13
0,-1,10,0,13
0,-1,0,0,13
0,-1,9,0,10
0,-1,8,0,10
0,-1,8,0,10
0,-1,8,0,10
0,-1,10,0,14
0,-1,13,0,14
1,3.0,12,0,13
0,-1,15,0,13
0,-1,15,0,13
0,-1,0,0,13
0,-1,17,0,26
0,-1,16,0,26
0,-1,6,3,26
0,-1,6,3,26
0,-1,23,21,50
0,-1,38,32,50
0,-1,0,32,50
0,-1,35,44,60
0,-1,36,37,60
0,-1,36,37,60
0,-1,36,37,60
0,-1,20,14,60
0,-1,20,14,60
0,-1,13,0,24
0,-1,13,0,24
0,-1,0,0,24
0,-1,14,0,24
0,-1,13,0,24
0,-1,13,0,24
0,-1,11,0,16
0,-1,9,0,16
0,-1,9,0,16
0,-1,8,0,11
0,-1,7,0,11
0,-1,7,0,11
0,-1,8,0,11
0,-1,8,0,11
0,-1,6,0,10
0,-1,7,0,10
0,-1,6,0,10
1,3.0,4,0,10
0,-1,3,0,10
0,-1,3,0,10
0,-1,9,0,10
0,-1,3,1,10
0,-1,3,1,10
0,-1,19,24,44
0,-1,20,26,44
0,-1,5,26,44
0,-1,20,19,50
0,-1,19,17,50
0,-1,19,17,50
0,-1,10,0,29
0,-1,11,0,29
0,-1,11,0,29
0,-1,10,0,29
0,-1,9,0,29
0,-1,9,0,29
0,-1,6,0,17
0,-1,5,0,17
0,-1,0,0,17
0,-1,7,0,12
0,-1,5,0,12
0,-1,5,0,12
0,-1,7,0,8
0,-1,6,0,8
0,-1,6,0,8
0,-1,7,0,13
0,-1,6,0,13
0,-1,6,0,13
0,-1,6,0,13
0,-1,6,0,13
0,-1,6,0,13
0,-1,4,0,11
0,-1,4,0,11
1,3.0,4,0,11
0,-1,4,0,12
0,-1,6,0,12
0,-1,0,0,12
0,-1,16,0,12
0,-1,4,0,12
0,-1,4,0,12
0,-1,4,0,12
0,-1,43,48,12
0,-1,1,48,12
0,-1,1,48,12
0,-1,41,40,54
0,-1,34,29,54
0,-1,34,29,54
0,-1,34,29,54
0,-1,8,0,54
0,-1,8,0,54
0,-1,14,0,27
0,-1,11,0,27
0,-1,11,0,27
0,-1,8,0,17
0,-1,7,0,17
0,-1,5,0,12
0,-1,6,0,12
0,-1,6,0,12
0,-1,5,0,10
0,-1,5,0,13
0,-1,4,0,13
0,-1,4,0,13
0,-1,7,0,12
0,-1,4,0,12
0,-1,4,0,12
0,-1,3,0,10
0,-1,5,0,10
0,-1,5,0,10
0,-1,8,0,12
0,-1,12,0,14
0,-1,12,0,14
1,3.0,12,0,14
0,-1,12,0,19
0,-1,12,0,19
0,-1,0,0,19
0,-1,18,9,50
0,-1,27,33,50
0,-1,27,33,50
0,-1,27,33,50
0,-1,48,61,50
0,-1,7,61,50
0,-1,32,67,87
0,-1,27,50,87
0,-1,27,50,87
0,-1,27,50,87
0,-1,18,12,87
0,-1,5,4,87
0,-1,5,4,87
0,-1,12,0,28
0,-1,11,0,28
0,-1,11,0,28
0,-1,5,0,18
0,-1,6,0,18
0,-1,6,0,18
0,-1,6,0,18
0,-1,6,0,18
0,-1,6,0,15
0,-1,5,0,13
0,-1,3,0,13
0,-1,3,0,13
0,-1,5,0,13
0,-1,0,0,13
0,-1,4,0,13
0,-1,6,0,13
0,-1,6,0,13
1,3.0,17,0,18
0,-1,13,0,22
0,-1,13,0,22
0,-1,13,0,22
0,-1,17,0,39
0,-1,24,14,39
0,-1,14,14,39
0,-1,22,29,39
0,-1,22,29,39
0,-1,2,31,39
0,-1,2,31,39
0,-1,28,45,69
0,-1,30,33,69
0,-1,8,33,69
0,-1,22,12,58
0,-1,21,4,58
0,-1,21,4,58
0,-1,17,0,38
0,-1,14,0,38
0,-1,14,0,38
0,-1,14,0,38
0,-1,15,0,38
0,-1,0,0,38
0,-1,13,0,14
0,-1,12,0,14
0,-1,12,0,14
0,-1,6,0,12
0,-1,7,0,12
0,-1,9,0,9
0,-1,12,0,10
0,-1,13,0,10
0,-1,0,0,10
0,-1,13,0,10
0,-1,0,0,10
0,-1,9,0,8
0,-1,7,0,7
1,3.0,10,0,7
0,-1,10,0,7
0,-1,20,0,22
0,-1,19,0,22
0,-1,19,0,22
0,-1,29,19,52
0,-1,36,36,52
0,-1,36,36,52
0,-1,36,36,52
0,-1,35,38,54
0,-1,27,26,54
0,-1,27,26,54
0,-1,23,0,45
0,-1,22,0,45
0,-1,0,0,45
0,-1,18,0,45
0,-1,0,0,45
0,-1,0,0,45
0,-1,13,0,17
0,-1,12,0,17
0,-1,12,0,17
0,-1,19,0,14
0,-1,16,0,14
0,-1,0,0,14
0,-1,14,0,14
0,-1,2,0,14
0,-1,2,0,14
0,-1,14,0,9
0,-1,15,0,9
0,-1,15,0,9
0,-1,11,0,10
0,-1,14,0,10
0,-1,0,0,10
1,3.0,12,0,12
0,-1,13,0,12
0,-1,13,0,12
0,-1,13,0,12
0,-1,21,9,12
0,-1,6,9,12
0,-1,30,42,47
0,-1,38,46,47
0,-1,46,46,47
0,-1,46,46,47
0,-1,28,36,47
0,-1,6,24,47
0,-1,6,24,47
0,-1,19,1,47
0,-1,18,0,47
0,-1,18,0,47
0,-1,16,0,34
0,-1,16,0,34
0,-1,16,0,34
0,-1,10,0,20
0,-1,12,0,20
0,-1,2,0,20
0,-1,2,0,20
0,-1,14,0,11
0,-1,11,0,11
0,-1,11,0,11
0,-1,7,0,9
0,-1,7,0,9
0,-1,7,0,9
0,-1,7,0,8
0,-1,6,0,8
0,-1,0,0,8
0,-1,4,0,9
0,-1,3,0,9
0,-1,6,0,8
0,-1,6,0,9
0,-1,5,0,9
0,-1,5,0,9
0,-1,4,0,9
0,-1,4,0,9
0,-1,0,0,9
0,-1,5,0,9
0,-1,5,0,9
0,-1,5,0,9
0,-1,9,0,9
0,-1,9,0,9
0,-1,9,0,9
0,-1,9,0,9
0,-1,9,0,9
0,-1,0,0,9
0,-1,8,0,8
0,-1,8,0,8
0,-1,8,0,8
0,-1,8,0,7
0,-1,8,0,7
0,-1,11,0,8
0,-1,9,0,8
0,-1,8,0,8
0,-1,8,0,8
0,-1,8,0,7
0,-1,7,0,7
0,-1,7,0,7
0,-1,6,0,8
0,-1,5,0,8
0,-1,5,0,7
0,-1,4,0,8
0,-1,6,0,8
0,-1,4,0,8
0,-1,7,0,9
0,-1,8,0,9
0,-1,8,0,9
0,-1,6,0,8
0,-1,7,0,8
0,-1,7,0,8
0,-1,6,0,15
0,-1,7,0,15
0,-1,7,0,15
0,-1,6,0,14
0,-1,4,0,14
0,-1,4,0,14
0,-1,5,0,13
0,-1,6,0,13
0,-1,6,0,13
0,-1,6,0,11
0,-1,9,0,11
0,-1,0,0,11
0,-1,8,0,10
0,-1,11,0,10
0,-1,11,0,10
0,-1,12,0,13
0,-1,12,0,13
0,-1,0,0,13
0,-1,13,0,11
0,-1,12,0,11
0,-1,12,0,11
0,-1,12,0,11
0,-1,15,0,11
0,-1,3,0,11
0,-1,3,0,11
0,-1,16,0,8
0,-1,15,0,8
0,-1,0,0,8
0,-1,15,0,12
0,-1,12,0,18
0,-1,11,0,18
0,-1,11,0,18
0,-1,11,0,29
0,-1,10,0,29
0,-1,10,0,29
1,4.0,14,0,29
0,-1,14,0,29
0,-1,14,0,29
0,-1,20,0,29
0,-1,20,0,29
0,-1,20,0,29
0,-1,51,9,104
0,-1,54,5,104
0,-1,54,5,104
0,-1,44,11,92
0,-1,43,2,92
0,-1,42,0,66
0,-1,39,0,55
0,-1,34,0,55
0,-1,34,0,55
0,-1,34,0,55
0,-1,21,0,30
0,-1,22,0,30
0,-1,22,0,30
0,-1,23,0,18
0,-1,20,0,18
0,-1,0,0,18
0,-1,13,0,17
0,-1,18,0,17
0,-1,6,0,17
0,-1,4,0,17
0,-1,12,0,12
0,-1,10,0,12
0,-1,10,0,12
0,-1,9,0,10
0,-1,8,0,10
0,-1,8,0,10
0,-1,9,0,10
0,-1,11,0,10
0,-1,11,0,10
1,4.0,11,0,10
0,-1,11,0,10
0,-1,11,0,10
0,-1,22,5,66
0,-1,29,5,66
0,-1,9,5,66
0,-1,9,5,66
0,-1,63,5,66
0,-1,1,3,66
0,-1,1,3,66
0,-1,44,5,66
0,-1,0,5,66
0,-1,0,5,66
0,-1,38,0,61
0,-1,44,0,61
0,-1,44,0,61
0,-1,32,0,36
0,-1,31,0,36
0,-1,8,0,36
0,-1,8,0,36
0,-1,24,0,23
0,-1,22,0,23
0,-1,0,0,23
0,-1,13,0,18
0,-1,12,0,18
0,-1,12,0,18
0,-1,12,0,18
0,-1,10,0,14
0,-1,10,0,14
0,-1,10,0,14
0,-1,6,0,14
0,-1,6,0,14
0,-1,6,0,14
0,-1,7,0,13
0,-1,7,0,13
0,-1,7,0,13
0,-1,8,0,12
1,4.0,12,0,14
0,-1,9,0,14
0,-1,3,0,14
0,-1,17,0,24
0,-1,16,0,24
0,-1,0,0,24
0,-1,30,5,66
0,-1,41,12,66
0,-1,4,15,66
0,-1,4,15,66
0,-1,44,12,111
0,-1,45,27,111
0,-1,8,27,111
0,-1,8,27,111
0,-1,54,0,111
0,-1,54,0,111
0,-1,54,0,111
0,-1,38,0,59
0,-1,34,0,59
0,-1,34,0,59
0,-1,29,0,33
0,-1,25,0,33
0,-1,0,0,33
0,-1,16,0,19
0,-1,16,0,19
0,-1,16,0,19
0,-1,12,0,14
0,-1,11,0,14
0,-1,11,0,14
0,-1,7,0,11
0,-1,8,0,11
0,-1,0,0,11
0,-1,8,0,10
0,-1,7,0,10
0,-1,0,0,10
0,-1,6,0,8
0,-1,7,0,8
0,-1,7,0,8
0,-1,7,0,13
0,-1,8,0,13
0,-1,8,0,13
0,-1,8,0,12
0,-1,9,0,12
1,4.0,9,0,12
0,-1,16,0,20
0,-1,19,0,20
0,-1,6,0,20
0,-1,5,0,20
0,-1,30,0,56
0,-1,34,0,56
0,-1,34,0,56
0,-1,50,1,130
0,-1,59,0,130
0,-1,59,0,130
0,-1,59,0,130
0,-1,39,0,130
0,-1,2,0,130
0,-1,2,0,130
0,-1,34,0,130
0,-1,0,0,130
0,-1,23,0,28
0,-1,26,0,28
0,-1,26,0,28
0,-1,26,0,28
0,-1,22,0,28
0,-1,22,0,28
0,-1,22,0,28
0,-1,13,0,12
0,-1,11,0,12
0,-1,11,0,12
0,-1,10,0,12
0,-1,8,0,12
0,-1,0,0,12
0,-1,5,0,11
0,-1,6,0,11
0,-1,6,0,11
0,-1,11,0,8
0,-1,11,0,8
0,-1,11,0,8
0,-1,9,0,12
0,-1,12,0,12
1,4.0,12,0,12
0,-1,16,0,27
0,-1,22,0,27
0,-1,22,0,27
0,-1,31,0,61
0,-1,41,0,61
0,-1,0,0,61
0,-1,53,0,90
0,-1,50,0,90
0,-1,50,0,90
0,-1,50,0,90
0,-1,40,0,90
0,-1,40,0,90
0,-1,27,0,38
0,-1,28,0,38
0,-1,0,0,38
0,-1,20,0,22
0,-1,18,0,22
0,-1,7,0,22
0,-1,15,0,17
0,-1,16,0,17
0,-1,16,0,17
0,-1,12,0,10
0,-1,9,0,10
0,-1,9,0,10
0,-1,11,0,8
0,-1,9,0,8
0,-1,7,0,9
0,-1,6,0,9
0,-1,7,0,9
0,-1,7,0,9
0,-1,8,0,9
1,4.0,6,0,9
0,-1,0,0,9
0,-1,10,0,14
0,-1,11,0,14
0,-1,11,0,14
0,-1,39,0,91
0,-1,50,0,91
0,-1,50,0,91
0,-1,57,0,97
0,-1,56,0,97
0,-1,1,0,97
0,-1,42,0,79
0,-1,44,0,79
0,-1,44,0,79
0,-1,44,0,79
0,-1,36,0,79
0,-1,36,0,79
0,-1,30,0,26
0,-1,26,0,26
0,-1,0,0,26
0,-1,19,0,21
0,-1,17,0,21
0,-1,17,0,21
0,-1,12,0,15
0,-1,10,0,15
0,-1,10,0,15
0,-1,5,0,11
0,-1,5,0,11
0,-1,5,0,11
0,-1,3,0,11
0,-1,2,0,11
0,-1,0,0,11
0,-1,4,0,10
0,-1,3,0,10
0,-1,3,0,10
0,-1,6,0,13
0,-1,7,0,13
0,-1,7,0,13
0,-1,10,0,17
0,-1,8,0,17
1,4.0,8,0,17
0,-1,9,0,19
0,-1,11,0,19
0,-1,11,0,19
0,-1,42,0,87
0,-1,45,0,87
0,-1,0,0,87
0,-1,54,1,135
0,-1,59,5,135
0,-1,59,5,135
0,-1,42,0,93
0,-1,41,0,93
0,-1,41,0,93
0,-1,33,0,61
0,-1,31,0,61
0,-1,0,0,61
0,-1,24,0,31
0,-1,20,0,31
0,-1,20,0,31
0,-1,15,0,19
0,-1,12,0,19
0,-1,12,0,19
0,-1,9,0,19
0,-1,0,0,19
0,-1,0,0,19
0,-1,8,0,11
0,-1,7,0,11
0,-1,7,0,11
0,-1,6,0,14
0,-1,7,0,14
0,-1,7,0,14
0,-1,6,0,13
0,-1,9,0,13
0,-1,9,0,13
0,-1,8,0,13
0,-1,10,0,13
1,4.0,3,0,13
0,-1,14,0,20
0,-1,17,0,20
0,-1,17,0,20
0,-1,17,0,20
0,-1,38,6,20
0,-1,38,6,20
0,-1,49,8,82
0,-1,55,25,82
0,-1,4,23,82
0,-1,4,23,82
0,-1,41,0,82
0,-1,0,0,82
0,-1,35,0,31
0,-1,31,0,31
0,-1,31,0,31
0,-1,25,0,22
0,-1,24,0,22
0,-1,1,0,22
0,-1,16,0,19
0,-1,18,0,19
0,-1,0,0,19
0,-1,15,0,14
0,-1,14,0,14
0,-1,14,0,14
0,-1,14,0,14
0,-1,11,0,14
0,-1,11,0,14
0,-1,9,0,12
0,-1,9,0,12
0,-1,0,0,12
0,-1,10,0,12
0,-1,1,0,12
0,-1,1,0,12
0,-1,14,0,15
1,4.0,14,0,15
0,-1,14,0,15
0,-1,22,0,22
0,-1,28,0,22
0,-1,0,0,22
0,-1,48,0,71
0,-1,56,0,71
0,-1,56,0,71
0,-1,77,0,120
0,-1,73,0,120
0,-1,73,0,120
0,-1,54,0,95
0,-1,48,0,95
0,-1,48,0,95
0,-1,41,0,52
0,-1,35,0,52
0,-1,35,0,52
0,-1,28,0,34
0,-1,26,0,34
0,-1,0,0,34
0,-1,21,0,20
0,-1,19,0,20
0,-1,19,0,20
0,-1,17,0,17
0,-1,17,0,17
0,-1,17,0,17
0,-1,17,0,13
0,-1,15,0,13
0,-1,0,0,13
0,-1,20,0,10
0,-1,18,0,10
0,-1,18,0,10
0,-1,16,0,9
0,-1,17,0,9
0,-1,17,0,9
0,-1,22,0,11
0,-1,26,0,11
0,-1,0,0,11
0,-1,20,0,11
1,4.0,2,0,11
0,-1,2,0,11
0,-1,24,0,24
0,-1,26,0,24
0,-1,26,0,24
0,-1,46,2,84
0,-1,55,10,84
0,-1,17,10,84
0,-1,17,10,84
0,-1,53,25,84
0,-1,53,25,84
0,-1,54,6,80
0,-1,48,2,80
0,-1,0,2,80
0,-1,0,2,80
0,-1,32,0,80
0,-1,32,0,80
0,-1,23,0,24
0,-1,23,0,24
0,-1,23,0,24
0,-1,24,0,18
0,-1,23,0,18
0,-1,0,0,18
0,-1,23,0,13
0,-1,21,0,13
0,-1,21,0,13
0,-1,21,0,13
0,-1,15,0,13
0,-1,15,0,13
0,-1,15,0,12
0,-1,16,0,12
0,-1,0,0,12
0,-1,19,0,14
0,-1,17,0,14
0,-1,8,0,14
0,-1,16,0,10
0,-1,15,0,10
1,4.0,15,0,10
0,-1,21,0,16
0,-1,20,0,24
0,-1,23,0,24
0,-1,29,0,41
0,-1,34,0,41
0,-1,3,0,41
0,-1,3,0,41
0,-1,61,6,86
0,-1,56,6,86
0,-1,6,6,86
0,-1,49,6,86
0,-1,49,6,86
0,-1,40,0,69
0,-1,39,0,69
0,-1,9,0,69
0,-1,9,0,69
0,-1,29,0,31
0,-1,29,0,31
0,-1,29,0,21
0,-1,30,0,21
0,-1,30,0,21
0,-1,30,0,21
0,-1,20,0,19
0,-1,18,0,19
0,-1,15,0,19
0,-1,17,0,14
0,-1,19,0,14
0,-1,0,0,14
0,-1,21,0,12
0,-1,20,0,12
0,-1,7,0,12
0,-1,21,0,11
1,4.0,22,0,11
0,-1,22,0,11
0,-1,18,0,34
0,-1,22,0,34
0,-1,0,0,34
0,-1,48,0,71
0,-1,55,5,71
0,-1,4,0,71
0,-1,4,0,71
0,-1,54,0,71
0,-1,54,0,71
0,-1,44,0,78
0,-1,41,0,78
0,-1,41,0,78
0,-1,41,0,38
0,-1,42,0,38
0,-1,8,0,38
0,-1,30,0,25
0,-1,27,0,25
0,-1,0,0,25
0,-1,18,0,21
0,-1,19,0,21
0,-1,19,0,21
0,-1,15,0,17
0,-1,15,0,17
0,-1,15,0,17
0,-1,14,0,12
0,-1,12,0,12
0,-1,0,0,12
0,-1,11,0,12
0,-1,1,0,12
0,-1,1,0,12
0,-1,11,0,11
0,-1,12,0,11
0,-1,12,0,11
0,-1,11,0,11
0,-1,18,0,11
0,-1,0,11,11
0,-1,17,0,11
0,-1,17,0,11
0,-1,7,0,11
0,-1,7,0,11
0,-1,15,0,9
0,-1,16,0,9
1,4.0,16,0,9
0,-1,17,0,14
0,-1,20,0,14
0,-1,0,0,14
0,-1,25,0,14
0,-1,7,0,14
0,-1,7,0,14
0,-1,41,0,84
0,-1,43,0,84
0,-1,43,0,84
0,-1,49,5,84
0,-1,59,0,84
0,-1,0,0,84
0,-1,45,0,84
0,-1,8,0,84
0,-1,8,0,84
0,-1,33,0,37
0,-1,33,0,37
0,-1,33,0,37
0,-1,24,0,37
0,-1,24,0,37
0,-1,24,0,37
0,-1,17,0,16
0,-1,21,0,16
0,-1,14,0,16
0,-1,20,0,14
0,-1,18,0,14
0,-1,0,0,14
0,-1,12,0,12
0,-1,15,0,12
0,-1,6,0,12
0,-1,6,0,12
0,-1,12,0,10
0,-1,10,0,10
1,4.0,10,0,10
0,-1,13,0,21
0,-1,13,0,21
0,-1,0,0,21
0,-1,15,0,25
0,-1,25,0,25
0,-1,4,0,25
0,-1,4,0,25
0,-1,61,9,80
0,-1,65,10,80
0,-1,65,10,80
0,-1,71,9,111
0,-1,70,11,111
0,-1,61,6,92
0,-1,58,3,92
0,-1,5,3,92
0,-1,5,3,92
0,-1,34,0,41
0,-1,29,0,41
0,-1,29,0,41
0,-1,21,0,22
0,-1,21,0,22
0,-1,21,0,22
0,-1,22,0,18
0,-1,21,0,18
0,-1,21,0,18
0,-1,20,0,13
0,-1,19,0,13
0,-1,0,0,13
0,-1,18,0,13
0,-1,16,0,13
0,-1,16,0,13
0,-1,22,0,11
0,-1,18,0,11
0,-1,18,0,11
0,-1,20,0,21
0,-1,18,0,21
1,4.0,15,0,17
0,-1,15,0,17
0,-1,8,0,17
0,-1,8,0,17
0,-1,28,0,74
0,-1,40,0,74
0,-1,40,0,74
0,-1,93,0,112
0,-1,85,0,112
0,-1,1,0,112
0,-1,1,0,112
0,-1,60,4,112
0,-1,2,0,112
0,-1,2,0,112
0,-1,37,7,112
0,-1,1,7,112
0,-1,1,7,112
0,-1,38,0,112
0,-1,38,0,112
0,-1,28,0,27
0,-1,24,0,27
0,-1,8,0,27
0,-1,8,0,27
0,-1,23,0,15
0,-1,20,0,15
0,-1,20,0,15
0,-1,20,0,15
0,-1,14,0,15
0,-1,0,0,15
0,-1,14,0,11
0,-1,13,0,11
0,-1,3,0,11
0,-1,3,0,11
0,-1,16,0,14
0,-1,15,0,14
0,-1,15,0,14
0,-1,12,0,9
0,-1,16,0,9
0,-1,0,0,9
0,-1,19,0,9
0,-1,7,0,9
0,-1,7,0,9
0,-1,18,0,10
0,-1,19,0,10
0,-1,19,0,10
0,-1,21,0,10
0,-1,18,0,10
0,-1,0,0,10
0,-1,16,0,14
0,-1,18,0,14
0,-1,18,0,14
0,-1,17,0,12
0,-1,19,0,12
0,-1,19,0,12
0,-1,16,0,11
0,-1,19,0,11
0,-1,0,0,11
0,-1,16,0,10
0,-1,15,0,10
0,-1,15,0,10
0,-1,13,0,9
0,-1,12,0,8
0,-1,11,0,8
0,-1,11,0,8
0,-1,10,0,8
0,-1,14,0,8
0,-1,14,0,8
0,-1,13,0,8
0,-1,13,0,8
0,-1,11,0,13
0,-1,14,0,13
0,-1,7,0,13
0,-1,7,0,13
0,-1,13,0,15
0,-1,13,0,15
0,-1,13,0,15
0,-1,14,0,15
0,-1,14,0,15
0,-1,14,0,15
0,-1,16,0,17
0,-1,15,0,17
0,-1,15,0,17
0,-1,15,0,17
0,-1,12,0,17
0,-1,12,0,17
0,-1,17,0,13
0,-1,22,0,13
0,-1,22,0,13
0,-1,57,0,25
1,5.0,67,5,25
0,-1,1,29,25
0,-1,1,29,25
0,-1,108,70,25
0,-1,108,70,25
0,-1,108,70,25
0,-1,120,65,25
0,-1,12,56,25
0,-1,12,56,25
0,-1,64,17,37
0,-1,54,10,37
0,-1,54,10,37
0,-1,35,0,22
0,-1,31,0,22
0,-1,0,0,22
0,-1,27,0,19
0,-1,26,0,19
0,-1,2,0,19
0,-1,2,0,19
0,-1,21,0,12
0,-1,18,0,12
0,-1,18,0,12
0,-1,16,0,12
0,-1,14,0,12
0,-1,0,0,12
0,-1,18,0,12
0,-1,8,0,12
0,-1,13,0,10
0,-1,14,0,10
0,-1,14,0,10
0,-1,14,0,10
0,-1,18,0,9
0,-1,18,0,9
0,-1,19,0,8
0,-1,16,0,8
0,-1,7,0,8
0,-1,19,0,7
0,-1,21,0,7
0,-1,18,0,7
0,-1,18,0,7
0,-1,14,0,9
0,-1,15,0,9
0,-1,0,0,9
1,5.0,24,0,9
0,-1,3,0,9
0,-1,3,0,9
0,-1,38,7,38
0,-1,65,75,38
0,-1,65,75,38
0,-1,100,86,59
0,-1,106,76,59
0,-1,106,76,59
0,-1,106,76,59
0,-1,97,77,59
0,-1,97,77,59
0,-1,57,35,40
0,-1,47,33,40
0,-1,26,33,40
0,-1,25,9,20
0,-1,23,2,20
0,-1,23,2,20
0,-1,23,2,20
0,-1,16,0,20
0,-1,3,0,20
0,-1,3,0,20
0,-1,19,0,14
0,-1,21,0,14
0,-1,21,0,14
0,-1,17,0,14
0,-1,17,0,14
0,-1,15,0,8
0,-1,15,0,10
0,-1,15,0,10
0,-1,15,0,10
0,-1,13,0,8
0,-1,15,0,8
0,-1,15,0,8
0,-1,16,0,8
0,-1,16,0,8
0,-1,19,0,6
0,-1,17,0,6
0,-1,8,0,6
0,-1,8,0,6
0,-1,13,0,6
0,-1,0,0,6
0,-1,15,0,6
0,-1,16,0,6
0,-1,16,0,6
0,-1,20,0,7
0,-1,18,0,7
0,-1,18,0,7
0,-1,18,0,7
1,5.0,19,0,7
0,-1,19,0,7
0,-1,21,0,20
0,-1,20,0,20
0,-1,20,0,20
0,-1,28,0,17
0,-1,31,0,17
0,-1,6,0,17
1,5.0,24,0,17
0,-1,22,0,17
0,-1,22,0,17
0,-1,24,0,14
0,-1,26,0,14
0,-1,26,0,14
0,-1,34,0,17
0,-1,37,0,17
0,-1,3,0,17
0,-1,3,0,17
0,-1,57,18,37
0,-1,72,18,37
0,-1,1,18,37
0,-1,96,29,72
0,-1,102,29,72
0,-1,102,29,72
0,-1,102,29,72
0,-1,99,50,72
0,-1,57,50,72
0,-1,94,48,56
0,-1,80,36,56
0,-1,27,36,56
0,-1,27,36,56
0,-1,38,15,56
0,-1,38,15,56
0,-1,25,1,23
0,-1,21,0,23
0,-1,0,0,23
0,-1,21,0,19
0,-1,20,0,19
0,-1,20,0,19
0,-1,23,0,12
0,-1,22,0,12
0,-1,22,0,12
0,-1,18,0,11
0,-1,19,0,11
0,-1,0,0,11
0,-1,20,0,8
0,-1,19,0,8
0,-1,17,0,6
0,-1,20,0,6
0,-1,17,0,6
0,-1,7,0,6
0,-1,21,0,10
0,-1,21,0,10
1,5.0,0,0,10
0,-1,25,0,10
0,-1,25,0,10
0,-1,25,0,10
0,-1,39,0,17
0,-1,62,0,17
0,-1,7,0,17
0,-1,7,0,17
0,-1,103,34,17
0,-1,103,34,17
0,-1,103,34,17
0,-1,118,50,17
0,-1,13,44,17
0,-1,13,44,17
0,-1,67,11,29
0,-1,55,5,29
0,-1,55,5,29
0,-1,32,0,19
0,-1,27,0,19
0,-1,0,0,19
0,-1,26,0,12
0,-1,24,0,12
0,-1,0,0,12
0,-1,23,0,7
0,-1,26,0,7
0,-1,26,0,7
0,-1,26,0,7
0,-1,19,0,10
0,-1,15,0,10
0,-1,0,0,10
0,-1,20,0,8
0,-1,20,0,8
0,-1,1,0,8
0,-1,22,0,7
0,-1,22,0,6
0,-1,19,0,6
0,-1,18,0,6
0,-1,16,0,6
0,-1,0,0,6
0,-1,20,0,6
0,-1,26,0,6
0,-1,26,0,6
1,5.0,32,0,8
0,-1,35,0,8
0,-1,35,0,8
0,-1,50,0,18
0,-1,79,0,18
0,-1,79,0,18
0,-1,139,8,49
0,-1,150,28,49
0,-1,49,41,49
0,-1,49,41,49
0,-1,118,33,49
0,-1,4,33,49
0,-1,5,33,49
0,-1,56,1,49
0,-1,56,1,49
0,-1,31,0,13
0,-1,27,0,13
0,-1,27,0,13
0,-1,27,0,12
0,-1,22,0,12
0,-1,0,0,12
0,-1,18,0,8
0,-1,15,0,8
0,-1,15,0,8
0,-1,17,0,9
0,-1,17,0,9
0,-1,7,0,9
0,-1,17,0,7
0,-1,17,0,7
0,-1,0,0,7
0,-1,18,0,7
0,-1,17,0,7
0,-1,17,0,7
0,-1,22,0,7
0,-1,26,0,7
0,-1,2,0,7
0,-1,22,0,8
0,-1,21,0,8
0,-1,21,0,8
0,-1,19,0,6
1,5.0,17,0,6
0,-1,0,0,6
0,-1,27,0,16
0,-1,37,0,16
0,-1,8,0,16
0,-1,8,0,16
0,-1,119,41,36
0,-1,143,43,36
0,-1,40,43,36
0,-1,40,43,36
0,-1,4,43,36
0,-1,4,43,36
0,-1,75,10,36
0,-1,62,8,36
0,-1,62,8,36
0,-1,44,0,27
0,-1,50,0,27
0,-1,0,0,27
0,-1,32,0,18
0,-1,30,0,18
0,-1,30,0,18
0,-1,26,0,16
0,-1,25,0,16
0,-1,25,0,16
0,-1,25,0,14
0,-1,22,0,14
0,-1,16,0,12
0,-1,15,0,12
0,-1,6,0,12
0,-1,6,0,12
0,-1,20,0,12
0,-1,20,0,12
0,-1,18,0,10
0,-1,17,0,10
0,-1,17,0,10
0,-1,30,0,9
0,-1,36,0,9
1,5.0,3,0,9
0,-1,3,0,9
0,-1,44,0,12
0,-1,44,0,12
0,-1,44,0,12
0,-1,71,24,12
0,-1,3,35,12
0,-1,3,35,12
0,-1,3,35,12
0,-1,130,49,12
0,-1,7,49,12
0,-1,78,27,27
0,-1,65,17,27
0,-1,11,17,27
0,-1,38,3,27
0,-1,5,3,27
0,-1,5,3,27
0,-1,28,0,13
0,-1,22,0,13
0,-1,22,0,13
0,-1,32,0,11
0,-1,27,0,11
0,-1,27,0,11
0,-1,23,0,11
0,-1,23,0,11
0,-1,5,0,11
0,-1,5,0,11
0,-1,19,0,10
0,-1,16,0,10
0,-1,16,0,10
0,-1,13,0,10
0,-1,11,0,10
0,-1,0,8,10
0,-1,12,0,8
0,-1,13,0,8
0,-1,4,0,8
0,-1,4,0,8
0,-1,13,0,7
0,-1,21,0,7
0,-1,21,0,7
0,-1,23,0,7
0,-1,23,0,7
0,-1,24,0,8
0,-1,26,0,8
1,5.0,9,0,8
0,-1,27,0,11
0,-1,33,0,16
0,-1,39,0,16
0,-1,57,40,45
0,-1,80,42,45
0,-1,80,42,45
0,-1,51,42,45
0,-1,51,42,45
0,-1,98,50,52
0,-1,84,41,52
0,-1,84,41,52
0,-1,46,12,27
0,-1,39,11,27
0,-1,8,11,27
0,-1,27,1,27
0,-1,0,0,27
0,-1,0,0,27
0,-1,26,0,18
0,-1,21,0,18
0,-1,21,0,18
0,-1,17,0,12
0,-1,27,0,12
0,-1,20,0,13
0,-1,17,0,13
0,-1,5,0,13
0,-1,5,0,13
0,-1,11,0,11
0,-1,10,0,11
0,-1,10,0,11
0,-1,12,0,11
0,-1,12,0,11
0,-1,14,0,10
0,-1,12,0,10
0,-1,2,0,10
0,-1,14,0,8
0,-1,13,0,8
0,-1,16,0,8
0,-1,19,0,7
0,-1,18,0,7
0,-1,18,0,7
0,-1,18,0,8
0,-1,19,0,8
1,5.0,1,0,8
0,-1,30,0,6
0,-1,37,0,6
0,-1,37,0,6
0,-1,84,32,66
0,-1,120,68,66
0,-1,7,90,66
0,-1,7,90,66
0,-1,7,90,66
0,-1,102,56,66
0,-1,0,4156,66
0,-1,0,4156,66
0,-1,59,21,34
0,-1,48,13,34
0,-1,6,13,34
0,-1,31,0,25
0,-1,38,0,25
0,-1,38,0,25
0,-1,38,0,25
0,-1,28,0,22
0,-1,27,0,22
0,-1,27,0,22
0,-1,25,0,14
0,-1,22,0,14
0,-1,0,0,14
0,-1,17,0,10
0,-1,17,0,10
0,-1,17,0,10
0,-1,14,0,9
0,-1,12,0,9
0,-1,12,0,9
0,-1,9,0,8
0,-1,8,0,8
0,-1,0,0,8
0,-1,13,0,8
0,-1,3,0,8
0,-1,3,0,8
0,-1,16,0,18
0,-1,16,0,18
0,-1,16,0,18
0,-1,12,0,18
0,-1,19,0,18
0,-1,0,0,18
0,-1,20,0,23
1,5.0,19,0,23
0,-1,19,0,23
0,-1,19,0,23
0,-1,22,0,19
0,-1,31,0,19
0,-1,31,0,19
0,-1,63,30,30
0,-1,84,36,30
0,-1,66,36,30
0,-1,66,36,30
0,-1,136,76,30
0,-1,30,81,30
0,-1,8,81,30
0,-1,91,58,30
0,-1,42,58,30
0,-1,53,30,35
0,-1,43,25,35
0,-1,43,25,35
0,-1,43,25,35
0,-1,27,2,26
0,-1,26,0,26
0,-1,24,0,23
0,-1,24,0,23
0,-1,0,0,23
0,-1,19,0,15
0,-1,18,0,15
0,-1,4,0,15
0,-1,20,0,11
0,-1,18,0,11
0,-1,18,0,11
0,-1,18,0,11
0,-1,17,0,11
0,-1,17,0,11
0,-1,16,0,10
0,-1,14,0,10
0,-1,14,0,10
0,-1,12,0,8
0,-1,11,0,8
0,-1,11,0,8
0,-1,18,0,9
1,5.0,19,0,9
0,-1,19,0,9
0,-1,19,0,12
0,-1,23,0,12
0,-1,2,0,12
0,-1,2,0,12
0,-1,46,0,15
0,-1,49,0,15
0,-1,73,28,43
0,-1,80,55,43
0,-1,4,80,43
0,-1,4,80,43
0,-1,149,61,47
0,-1,137,56,47
0,-1,3,56,47
0,-1,81,26,47
0,-1,81,26,47
0,-1,81,26,47
0,-1,41,0,47
0,-1,8,0,47
0,-1,8,0,47
0,-1,25,0,47
0,-1,0,0,47
0,-1,25,0,11
0,-1,22,0,11
0,-1,22,0,11
0,-1,20,0,10
0,-1,23,0,10
0,-1,2,0,10
0,-1,2,0,10
0,-1,25,0,10
0,-1,0,0,10
0,-1,28,0,11
0,-1,29,0,11
0,-1,29,0,11
0,-1,23,0,7
0,-1,22,0,7
0,-1,1,0,7
0,-1,24,0,8
0,-1,22,0,8
0,-1,22,0,8
1,5.0,31,0,10
0,-1,30,0,10
0,-1,30,0,10
0,-1,35,0,9
0,-1,36,0,9
0,-1,8,0,9
0,-1,8,0,9
0,-1,70,0,17
0,-1,72,37,17
0,-1,99,47,41
0,-1,119,47,41
0,-1,3,48,41
0,-1,3,48,41
0,-1,105,47,43
0,-1,87,37,43
0,-1,87,37,43
0,-1,49,13,26
0,-1,42,9,26
0,-1,3,9,26
0,-1,3,9,26
0,-1,28,0,26
0,-1,6,0,26
0,-1,6,0,26
0,-1,18,0,11
0,-1,26,0,11
0,-1,26,0,11
0,-1,21,0,10
0,-1,27,0,10
0,-1,20,0,10
0,-1,19,0,10
0,-1,7,0,10
0,-1,7,0,10
0,-1,17,0,7
0,-1,16,0,7
0,-1,16,0,7
0,-1,20,0,6
0,-1,20,0,6
0,-1,19,0,8
0,-1,22,0,8
1,5.0,1,0,8
0,-1,22,0,7
0,-1,25,0,8
0,-1,34,0,8
0,-1,34,0,8
0,-1,80,10,8
0,-1,5,39,8
0,-1,5,39,8
0,-1,150,87,8
0,-1,45,88,8
0,-1,1,88,8
0,-1,102,58,60
0,-1,86,47,60
0,-1,34,47,60
0,-1,53,18,60
0,-1,7,19,60
0,-1,7,19,60
0,-1,34,11,23
0,-1,29,11,23
0,-1,29,11,23
0,-1,32,0,17
0,-1,31,0,17
0,-1,0,0,17
0,-1,31,0,17
0,-1,9,0,17
0,-1,9,0,17
0,-1,23,0,8
0,-1,23,0,8
0,-1,23,0,8
0,-1,20,0,8
0,-1,20,0,8
0,-1,17,0,7
0,-1,15,0,7
0,-1,6,0,7
0,-1,23,0,11
0,-1,20,0,10
0,-1,22,0,10
0,-1,22,0,10
0,-1,26,0,10
0,-1,26,0,10
1,5.0,36,0,10
0,-1,36,0,10
0,-1,0,0,10
0,-1,0,0,10
0,-1,89,47,52
0,-1,106,61,52
0,-1,106,61,52
0,-1,136,63,52
0,-1,2,68,52
0,-1,2,68,52
0,-1,95,39,52
0,-1,7,39,52
0,-1,64,14,28
0,-1,58,12,28
0,-1,58,12,28
0,-1,36,0,16
0,-1,30,0,16
0,-1,30,0,16
0,-1,23,0,10
0,-1,23,0,10
0,-1,0,0,10
0,-1,19,0,9
0,-1,19,0,9
0,-1,16,0,8
0,-1,18,0,8
0,-1,21,0,8
0,-1,21,0,8
0,-1,19,0,7
0,-1,17,0,7
0,-1,17,0,8
0,-1,17,0,8
0,-1,17,0,8
0,-1,19,0,9
0,-1,18,0,9
0,-1,5,0,9
0,-1,5,0,9
0,-1,19,0,9
0,-1,0,0,9
0,-1,19,0,10
0,-1,21,0,10
0,-1,21,0,10
0,-1,21,0,10
0,-1,29,0,10
0,-1,29,0,10
0,-1,29,0,10
0,-1,40,0,10
1,5.0,0,0,10
0,-1,48,0,20
0,-1,51,0,20
0,-1,51,0,20
0,-1,51,0,20
0,-1,79,8,40
0,-1,90,18,40
0,-1,90,18,40
0,-1,111,35,40
0,-1,3,49,40
0,-1,3,49,40
0,-1,3,49,40
0,-1,74,32,40
0,-1,74,32,40
0,-1,44,6,27
0,-1,43,9,27
0,-1,43,9,27
0,-1,26,0,15
0,-1,21,0,15
0,-1,21,0,15
0,-1,20,0,10
0,-1,19,0,10
0,-1,19,0,10
0,-1,17,0,11
0,-1,16,0,11
0,-1,16,0,11
0,-1,15,0,9
0,-1,14,0,9
0,-1,14,0,9
0,-1,12,0,10
0,-1,13,0,8
0,-1,13,0,8
0,-1,13,0,8
0,-1,10,0,7
0,-1,10,0,7
0,-1,10,0,7
0,-1,9,0,7
0,-1,0,0,7
0,-1,0,0,7
0,-1,9,0,7
0,-1,2,0,7
0,-1,2,0,7
0,-1,12,0,7
0,-1,12,0,9
0,-1,10,0,9
0,-1,10,0,9
0,-1,11,0,10
0,-1,11,0,10
0,-1,0,0,10
0,-1,11,0,7
0,-1,12,0,7
0,-1,12,0,7
0,-1,16,0,8
0,-1,16,0,8
0,-1,16,0,8
0,-1,18,0,8
0,-1,19,0,8
0,-1,0,0,8
0,-1,19,0,11
0,-1,18,0,11
0,-1,18,0,11
0,-1,18,0,11
0,-1,19,0,9
0,-1,20,0,9
0,-1,20,0,9
0,-1,20,0,9
0,-1,21,0,9
0,-1,21,0,9
0,-1,23,0,9
0,-1,23,0,9
0,-1,0,0,9
0,-1,20,0,9
0,-1,0,0,9
0,-1,0,0,9
0,-1,19,0,10
0,-1,19,0,10
0,-1,19,0,10
0,-1,15,0,12
0,-1,12,0,12
0,-1,12,0,12
0,-1,12,0,12
0,-1,11,0,14
0,-1,11,0,14
0,-1,11,0,14
0,-1,11,0,9
0,-1,10,0,9
0,-1,10,0,9
0,-1,12,0,8
0,-1,12,0,8
0,-1,0,0,8
0,-1,13,0,9
0,-1,15,0,9
0,-1,5,0,9
0,-1,14,0,8
0,-1,13,0,8
0,-1,14,0,8
0,-1,19,0,11
0,-1,19,0,11
0,-1,0,0,11
0,-1,24,0,11
0,-1,21,0,11
0,-1,9,0,11
0,-1,9,0,11
0,-1,20,0,10
0,-1,18,0,10
0,-1,18,0,10
0,-1,19,0,10
0,-1,0,0,10
0,-1,19,0,12
0,-1,19,0,12
0,-1,8,0,12
0,-1,8,0,12
0,-1,17,0,12
0,-1,17,0,12
0,-1,17,0,12
0,-1,17,0,32
0,-1,15,0,32
0,-1,15,0,32
0,-1,17,0,32
0,-1,19,0,32
0,-1,6,0,32
0,-1,6,0,32
0,-1,12,0,24
0,-1,13,0,24
0,-1,13,0,17
0,-1,12,0,17
0,-1,12,0,17
0,-1,13,0,16
0,-1,16,0,16
0,-1,8,0,16
0,-1,8,0,16
0,-1,19,0,12
0,-1,20,0,12
0,-1,20,0,12
0,-1,19,0,12
0,-1,19,0,12
0,-1,19,0,12
0,-1,19,0,20
0,-1,21,0,20
0,-1,7,0,20
0,-1,24,0,21
0,-1,24,0,21
0,-1,24,0,21
0,-1,24,0,21
0,-1,22,0,21
0,-1,22,0,21
0,-1,24,0,13
0,-1,22,0,13
0,-1,9,0,13
0,-1,9,0,13
0,-1,20,0,13
0,-1,0,0,13
0,-1,20,0,11
0,-1,19,0,11
0,-1,19,0,11
0,-1,19,0,11
0,-1,15,0,11
0,-1,5,0,11
0,-1,5,0,11
0,-1,16,0,11
0,-1,0,0,11
0,-1,13,0,9
0,-1,13,0,9
0,-1,13,0,9
0,-1,13,0,9
0,-1,15,0,11
0,-1,13,0,11
0,-1,14,0,13
0,-1,15,0,13
0,-1,0,0,13
0,-1,16,0,14
0,-1,14,0,14
0,-1,14,0,14
1,1.0,10,0,17
0,-1,12,0,17
0,-1,12,0,17
0,-1,18,0,38
0,-1,23,0,38
0,-1,0,0,38
0,-1,42,0,38
0,-1,3,0,38
0,-1,3,0,38
0,-1,61,0,67
0,-1,54,0,67
0,-1,54,0,67
0,-1,40,0,47
0,-1,35,0,47
0,-1,35,0,47
0,-1,24,0,41
0,-1,23,0,41
0,-1,1,0,41
0,-1,1,0,41
0,-1,19,0,30
0,-1,17,0,30
0,-1,17,0,30
0,-1,17,0,21
0,-1,15,0,21
0,-1,13,0,16
0,-1,16,0,16
0,-1,7,0,16
0,-1,7,0,16
0,-1,14,0,10
0,-1,14,0,10
0,-1,14,0,10
0,-1,16,0,7
0,-1,14,0,7
0,-1,13,0,6
0,-1,16,0,6
0,-1,4,0,6
0,-1,5,0,6
0,-1,20,0,9
0,-1,20,0,9
0,-1,20,0,9
0,-1,22,0,10
0,-1,24,0,10
0,-1,0,0,10
0,-1,24,0,7
0,-1,224,0,7
0,-1,1,0,7
0,-1,1,0,7
0,-1,20,0,19
1,1.0,22,0,19
0,-1,22,0,19
0,-1,20,0,25
0,-1,26,0,25
0,-1,0,0,25
0,-1,86,0,51
0,-1,92,0,51
0,-1,3,0,51
0,-1,97,0,73
0,-1,88,0,73
0,-1,88,0,73
0,-1,58,0,59
0,-1,49,0,59
0,-1,49,0,59
0,-1,49,0,59
0,-1,33,0,38
0,-1,29,0,38
0,-1,29,0,38
0,-1,23,0,29
0,-1,24,0,29
0,-1,24,0,29
0,-1,24,0,24
0,-1,22,0,24
0,-1,22,0,24
0,-1,21,0,16
0,-1,22,0,16
0,-1,22,0,16
0,-1,20,0,11
0,-1,23,0,11
0,-1,0,0,11
0,-1,23,0,10
0,-1,21,0,10
0,-1,21,0,10
0,-1,23,0,10
0,-1,22,0,10
0,-1,22,0,10
0,-1,23,0,8
0,-1,27,0,8
0,-1,0,8,8
0,-1,26,0,12
0,-1,30,0,12
0,-1,0,0,12
0,-1,0,0,12
0,-1,32,0,26
1,1.0,32,0,26
0,-1,32,0,26
0,-1,40,0,32
0,-1,47,0,32
0,-1,0,0,32
0,-1,60,0,72
0,-1,64,0,72
0,-1,64,0,72
0,-1,68,0,72
0,-1,62,0,72
0,-1,62,0,72
0,-1,43,0,52
0,-1,37,0,52
0,-1,0,0,52
0,-1,23,0,52
0,-1,0,0,52
0,-1,0,0,52
0,-1,16,0,29
0,-1,16,0,29
0,-1,16,0,29
0,-1,13,0,29
0,-1,13,0,29
0,-1,13,0,29
0,-1,12,0,17
0,-1,16,0,17
0,-1,16,0,17
0,-1,13,0,15
0,-1,16,0,15
0,-1,16,0,15
0,-1,19,0,15
0,-1,19,0,15
0,-1,19,0,15
0,-1,20,0,14
0,-1,23,0,14
0,-1,23,0,14
0,-1,21,0,14
0,-1,0,0,14
0,-1,26,0,11
0,-1,26,0,11
0,-1,4,0,11
0,-1,4,0,11
0,-1,19,0,10
0,-1,21,0,10
0,-1,21,0,10
0,-1,22,0,18
0,-1,21,0,18
1,1.0,0,0,18
0,-1,28,0,18
0,-1,3,0,18
0,-1,3,0,18
0,-1,84,0,67
0,-1,91,0,67
0,-1,91,0,67
0,-1,88,0,61
0,-1,86,0,61
0,-1,0,0,61
0,-1,62,0,43
0,-1,51,0,43
0,-1,51,0,43
0,-1,31,0,30
0,-1,28,0,30
0,-1,28,0,30
0,-1,21,0,20
0,-1,25,0,20
0,-1,0,0,20
0,-1,20,0,16
0,-1,19,0,16
0,-1,6,0,16
0,-1,18,0,16
0,-1,17,0,16
0,-1,17,0,16
0,-1,17,0,11
0,-1,16,0,11
0,-1,16,0,11
0,-1,15,0,9
0,-1,14,0,9
0,-1,14,0,9
0,-1,16,0,9
0,-1,16,0,9
0,-1,16,0,9
0,-1,20,0,10
0,-1,21,0,10
0,-1,21,0,11
0,-1,23,0,11
0,-1,24,0,11
0,-1,24,0,11
0,-1,24,0,13
1,1.0,27,0,13
0,-1,27,0,13
0,-1,38,0,17
0,-1,39,0,17
0,-1,39,0,17
0,-1,86,0,53
0,-1,80,0,53
0,-1,80,0,53
0,-1,62,0,51
0,-1,53,0,51
0,-1,0,0,51
0,-1,40,0,43
0,-1,35,0,43
0,-1,35,0,43
0,-1,35,0,43
0,-1,22,0,26
0,-1,25,0,26
0,-1,27,0,22
0,-1,23,0,22
0,-1,0,0,22
0,-1,18,0,15
0,-1,16,0,15
0,-1,16,0,15
0,-1,16,0,15
0,-1,18,0,15
0,-1,18,0,15
0,-1,17,0,12
0,-1,15,0,12
0,-1,0,0,12
0,-1,16,0,8
0,-1,19,0,8
0,-1,19,0,8
0,-1,24,0,8
0,-1,24,0,8
0,-1,24,0,8
0,-1,31,0,8
0,-1,30,0,8
0,-1,30,0,8
0,-1,0,0,8
0,-1,25,0,8
0,-1,8,0,8
0,-1,33,0,10
0,-1,31,0,8
0,-1,31,0,8
1,1.0,31,0,8
0,-1,35,0,16
0,-1,37,0,16
0,-1,0,0,16
0,-1,60,1,36
0,-1,92,0,36
0,-1,92,0,36
0,-1,119,0,66
0,-1,120,0,66
0,-1,6,0,66
0,-1,94,4,61
0,-1,81,0,61
0,-1,0,0,61
0,-1,51,0,40
0,-1,45,0,40
0,-1,45,0,40
0,-1,35,0,28
0,-1,40,0,28
0,-1,40,0,28
0,-1,32,0,28
0,-1,32,0,28
0,-1,32,0,28
0,-1,21,0,16
0,-1,31,0,16
0,-1,31,0,16
0,-1,24,0,16
0,-1,0,0,16
0,-1,21,0,12
0,-1,21,0,12
0,-1,2,0,12
0,-1,22,0,10
0,-1,22,0,9
0,-1,24,0,9
0,-1,24,0,9
0,-1,22,0,9
0,-1,0,0,9
0,-1,27,0,14
0,-1,25,0,14
0,-1,3,0,14
0,-1,3,0,14
1,1.0,22,0,17
0,-1,29,0,17
0,-1,39,0,32
0,-1,49,0,32
0,-1,49,0,32
0,-1,107,0,52
0,-1,152,0,52
0,-1,80,0,52
0,-1,80,0,52
0,-1,143,0,79
0,-1,126,0,79
0,-1,0,0,79
0,-1,79,0,60
0,-1,65,0,60
0,-1,65,0,60
0,-1,42,0,34
0,-1,38,0,34
0,-1,38,0,34
0,-1,42,0,28
0,-1,39,0,28
0,-1,0,0,28
0,-1,32,0,20
0,-1,29,0,20
0,-1,29,0,20
0,-1,24,0,17
0,-1,30,0,17
0,-1,30,0,17
0,-1,29,0,14
0,-1,27,0,14
0,-1,0,0,14
0,-1,25,0,14
0,-1,8,0,14
0,-1,8,0,14
0,-1,26,0,15
0,-1,26,0,15
0,-1,26,0,15
0,-1,25,0,20
0,-1,23,0,20
0,-1,0,0,20
1,1.0,28,0,20
0,-1,27,0,20
0,-1,0,0,20
0,-1,0,0,20
0,-1,49,0,36
0,-1,73,0,36
0,-1,73,0,36
0,-1,107,0,36
0,-1,107,0,36
0,-1,107,0,36
0,-1,95,0,36
0,-1,3,0,36
0,-1,3,0,36
0,-1,68,9,54
0,-1,56,14,54
0,-1,56,14,54
0,-1,39,0,31
0,-1,47,0,31
0,-1,54,0,20
0,-1,48,0,20
0,-1,3,0,20
0,-1,3,0,20
0,-1,31,0,13
0,-1,42,0,13
0,-1,42,0,13
0,-1,35,0,11
0,-1,325,0,11
0,-1,325,0,11
0,-1,325,0,11
0,-1,40,0,11
0,-1,7,0,11
0,-1,7,0,11
0,-1,33,0,11
0,-1,0,0,11
0,-1,30,0,10
0,-1,32,0,10
0,-1,32,0,10
0,-1,35,0,8
0,-1,32,0,8
0,-1,3,0,8
0,-1,33,0,11
0,-1,32,0,11
1,1.0,0,0,11
0,-1,41,0,10
0,-1,47,0,10
0,-1,47,0,10
0,-1,69,0,24
0,-1,86,0,24
0,-1,0,0,24
0,-1,109,0,47
0,-1,122,0,47
0,-1,122,0,47
0,-1,122,0,47
0,-1,99,0,47
0,-1,7,0,47
0,-1,7,0,47
0,-1,57,0,47
0,-1,57,0,47
0,-1,46,0,35
0,-1,39,0,35
0,-1,39,0,35
0,-1,35,0,35
0,-1,35,0,35
0,-1,35,0,35
0,-1,26,0,27
0,-1,25,0,27
0,-1,0,0,27
0,-1,18,0,19
0,-1,18,0,19
0,-1,18,0,19
0,-1,21,0,16
0,-1,23,0,16
0,-1,23,0,16
0,-1,21,0,12
0,-1,22,0,12
0,-1,0,0,12
0,-1,19,0,15
0,-1,18,0,15
0,-1,18,0,15
0,-1,26,0,12
0,-1,26,0,12
0,-1,26,0,12
0,-1,26,0,12
1,1.0,25,0,12
0,-1,0,0,12
0,-1,34,0,32
0,-1,46,0,32
0,-1,9,0,32
0,-1,9,0,32
0,-1,116,0,71
0,-1,133,0,71
0,-1,0,0,71
0,-1,109,4,71
0,-1,2,0,71
0,-1,75,0,63
0,-1,63,0,63
0,-1,3,0,63
0,-1,3,0,63
0,-1,35,0,45
0,-1,36,0,45
0,-1,36,0,45
0,-1,43,0,30
0,-1,37,0,30
0,-1,29,0,20
0,-1,33,0,20
0,-1,1,0,20
0,-1,1,0,20
0,-1,30,0,21
0,-1,26,0,21
0,-1,26,0,21
0,-1,26,0,15
0,-1,25,0,15
0,-1,25,0,15
0,-1,26,0,11
0,-1,25,0,11
0,-1,25,0,11
0,-1,25,0,11
0,-1,34,0,11
0,-1,34,0,11
0,-1,28,0,13
0,-1,32,0,13
0,-1,32,0,13
0,-1,30,0,12
0,-1,27,0,12
0,-1,27,0,12
0,-1,24,0,11
0,-1,22,0,11
0,-1,0,0,11
0,-1,23,0,12
1,1.0,25,0,12
0,-1,25,0,12
0,-1,25,0,12
0,-1,37,0,39
0,-1,38,0,39
0,-1,38,0,39
0,-1,94,0,39
0,-1,94,0,39
0,-1,99,0,63
0,-1,84,0,63
0,-1,84,0,63
0,-1,84,0,63
0,-1,44,0,44
0,-1,38,0,44
0,-1,38,0,44
0,-1,27,0,35
0,-1,22,0,35
0,-1,26,0,35
0,-1,24,0,35
0,-1,2,0,35
0,-1,2,0,35
0,-1,24,0,29
0,-1,24,0,29
0,-1,24,0,29
0,-1,24,0,20
0,-1,23,0,20
0,-1,0,0,20
0,-1,21,0,20
0,-1,4,0,20
0,-1,4,0,20
0,-1,22,0,20
0,-1,27,0,20
0,-1,27,0,20
0,-1,24,0,13
0,-1,25,0,13
0,-1,0,15,13
0,-1,28,0,13
0,-1,25,0,13
0,-1,3,0,13
0,-1,3,0,13
0,-1,29,0,14
0,-1,30,0,14
0,-1,30,0,14
0,-1,25,0,12
0,-1,24,0,12
0,-1,24,0,12
0,-1,24,0,12
1,1.0,25,0,16
0,-1,25,0,16
0,-1,25,0,16
0,-1,34,0,35
0,-1,33,0,35
0,-1,33,0,35
0,-1,62,0,43
0,-1,69,0,43
0,-1,69,0,43
0,-1,88,0,53
0,-1,74,0,53
0,-1,5,0,53
0,-1,5,0,53
0,-1,48,0,50
0,-1,42,0,50
0,-1,32,0,37
0,-1,27,0,37
0,-1,27,0,37
0,-1,27,0,41
0,-1,25,0,41
0,-1,2,0,41
0,-1,25,0,23
0,-1,25,0,23
0,-1,0,0,23
0,-1,25,0,18
0,-1,23,0,18
0,-1,23,0,18
0,-1,23,0,18
0,-1,21,0,11
0,-1,21,0,11
0,-1,21,0,11
0,-1,31,0,12
0,-1,26,0,12
0,-1,0,0,12
0,-1,25,0,11
0,-1,25,0,11
0,-1,25,0,11
0,-1,29,0,9
0,-1,26,0,9
0,-1,26,0,9
0,-1,24,0,10
0,-1,24,0,10
0,-1,0,0,10
0,-1,0,0,10
0,-1,17,0,10
0,-1,1,0,10
0,-1,1,0,10
0,-1,24,0,13
0,-1,25,0,13
1,1.0,25,0,13
0,-1,25,0,13
0,-1,25,0,13
0,-1,0,0,13
0,-1,65,0,38
0,-1,75,0,38
0,-1,75,0,38
0,-1,75,0,38
0,-1,79,0,74
0,-1,85,0,74
0,-1,74,0,81
0,-1,65,0,81
0,-1,65,0,81
0,-1,46,0,57
0,-1,40,0,57
0,-1,5,0,57
0,-1,5,0,57
0,-1,28,0,36
0,-1,30,0,36
0,-1,0,0,36
0,-1,31,0,25
0,-1,31,0,25
0,-1,31,0,25
0,-1,26,0,18
0,-1,22,0,18
0,-1,7,0,18
0,-1,24,0,15
0,-1,23,0,15
0,-1,0,0,15
0,-1,0,0,15
0,-1,27,0,11
0,-1,31,0,11
0,-1,31,0,11
0,-1,28,0,11
0,-1,31,0,11
0,-1,27,0,11
0,-1,27,0,11
0,-1,22,0,10
0,-1,23,0,10
0,-1,23,0,10
0,-1,29,0,10
0,-1,29,0,10
0,-1,29,0,10
0,-1,22,0,8
0,-1,28,0,8
0,-1,28,0,8
0,-1,25,0,9
0,-1,22,0,9
0,-1,22,0,9
0,-1,22,0,9
0,-1,22,0,9
0,-1,22,0,9
0,-1,22,0,11
1,1.0,22,0,11
0,-1,21,0,17
0,-1,20,0,17
0,-1,0,0,17
0,-1,45,0,44
0,-1,55,0,44
0,-1,9,0,44
0,-1,9,0,44
0,-1,122,0,65
0,-1,137,0,65
0,-1,0,0,65
0,-1,106,0,80
0,-1,106,0,80
0,-1,78,0,65
0,-1,64,0,65
0,-1,7,0,65
0,-1,7,0,65
0,-1,34,0,48
0,-1,30,0,48
0,-1,30,0,48
0,-1,23,0,46
0,-1,21,0,46
0,-1,0,0,46
0,-1,31,0,46
0,-1,7,0,46
0,-1,7,0,46
0,-1,27,0,21
0,-1,23,0,21
0,-1,23,0,21
0,-1,24,0,12
0,-1,23,0,12
0,-1,23,0,12
0,-1,24,0,17
0,-1,22,0,17
0,-1,22,0,17
0,-1,20,0,13
0,-1,20,0,13
0,-1,0,0,13
0,-1,20,0,11
0,-1,20,0,11
0,-1,20,0,11
0,-1,23,0,9
0,-1,23,0,9
0,-1,23,0,9
0,-1,27,0,12
0,-1,22,0,12
0,-1,0,0,12
0,-1,24,0,14
0,-1,25,0,14
0,-1,25,0,14
0,-1,25,0,14
0,-1,36,0,35
1,1.0,37,0,35
0,-1,39,0,42
0,-1,43,0,39
0,-1,57,0,39
0,-1,0,0,39
0,-1,83,0,51
0,-1,79,0,51
0,-1,79,0,51
0,-1,79,0,51
0,-1,92,0,55
0,-1,80,0,55
0,-1,80,0,55
0,-1,51,0,51
0,-1,45,0,51
0,-1,0,0,51
0,-1,39,0,51
0,-1,2,0,51
0,-1,2,0,51
0,-1,35,0,29
0,-1,35,0,29
0,-1,35,0,29
0,-1,32,0,23
0,-1,30,0,23
0,-1,28,0,16
0,-1,26,0,16
0,-1,8,0,16
0,-1,8,0,16
0,-1,24,0,13
0,-1,23,0,13
0,-1,23,0,13
0,-1,29,0,10
0,-1,30,0,10
0,-1,0,0,10
0,-1,27,0,10
0,-1,0,0,10
0,-1,0,0,10
0,-1,29,0,8
0,-1,27,0,8
0,-1,27,0,8
0,-1,25,0,8
0,-1,26,0,8
0,-1,30,0,8
0,-1,27,0,8
0,-1,9,0,8
0,-1,25,0,7
0,-1,25,0,6
0,-1,22,0,6
0,-1,22,0,6
0,-1,22,0,5
0,-1,20,0,5
0,-1,0,0,5
0,-1,22,0,5
0,-1,1,0,5
0,-1,1,0,5
0,-1,17,0,7
0,-1,18,0,7
0,-1,18,0,7
0,-1,15,0,10
0,-1,14,0,11
0,-1,14,0,11
0,-1,0,0,11
0,-1,19,0,9
0,-1,22,0,9
0,-1,20,0,9
0,-1,0,0,9
0,-1,24,0,7
0,-1,24,0,7
0,-1,28,0,7
0,-1,28,0,9
0,-1,28,0,9
0,-1,27,0,9
0,-1,25,0,9
0,-1,29,0,9
0,-1,0,0,9
0,-1,30,0,8
0,-1,26,0,8
0,-1,26,0,8
0,-1,26,0,8
0,-1,23,0,8
0,-1,2,0,8
0,-1,2,0,8
0,-1,20,0,8
0,-1,0,0,8
0,-1,21,0,9
0,-1,20,0,9
0,-1,20,0,9
0,-1,18,0,7
0,-1,20,0,7
0,-1,3,0,7
0,-1,20,0,11
0,-1,20,0,11
0,-1,20,0,11
0,-1,16,0,33
1,2.0,24,0,33
0,-1,24,0,33
0,-1,23,0,27
0,-1,29,0,27
0,-1,7,11,27
0,-1,7,11,27
0,-1,53,55,27
0,-1,60,55,27
0,-1,74,69,59
0,-1,89,83,59
0,-1,5,102,59
0,-1,5,102,59
0,-1,5,102,59
0,-1,51,37,65
0,-1,47,28,65
0,-1,36,18,52
0,-1,32,11,45
0,-1,32,3,45
0,-1,0,3,45
0,-1,29,0,45
0,-1,9,0,45
0,-1,9,0,45
0,-1,25,0,14
0,-1,25,0,14
0,-1,25,0,14
0,-1,27,0,14
0,-1,27,0,14
0,-1,0,0,14
0,-1,21,0,14
0,-1,1,0,14
0,-1,19,0,10
0,-1,20,0,12
0,-1,22,0,12
0,-1,22,0,12
0,-1,25,0,19
0,-1,23,0,19
0,-1,28,0,15
0,-1,28,0,15
0,-1,6,0,15
0,-1,6,0,15
0,-1,25,0,15
0,-1,26,0,15
0,-1,26,0,15
1,2.0,27,0,23
0,-1,28,0,23
0,-1,0,0,23
0,-1,27,0,26
0,-1,33,20,26
0,-1,3,28,26
0,-1,3,28,26
0,-1,83,54,44
0,-1,86,59,44
0,-1,80,59,44
0,-1,100,84,66
0,-1,90,79,66
0,-1,62,79,66
0,-1,62,79,66
0,-1,63,22,66
0,-1,63,22,66
0,-1,42,2,38
0,-1,38,0,38
0,-1,38,0,38
0,-1,36,0,25
0,-1,33,0,25
0,-1,33,0,25
0,-1,26,0,14
0,-1,24,0,14
0,-1,24,0,14
0,-1,18,0,12
0,-1,19,0,12
0,-1,0,0,12
0,-1,23,0,10
0,-1,23,0,10
0,-1,23,0,10
0,-1,23,0,10
0,-1,24,0,10
0,-1,3,0,10
0,-1,25,0,7
0,-1,26,0,7
0,-1,0,0,7
0,-1,24,0,9
0,-1,24,0,9
0,-1,24,0,9
0,-1,25,0,15
0,-1,23,0,15
0,-1,23,0,15
0,-1,23,0,15
0,-1,29,0,15
0,-1,0,0,15
0,-1,29,0,13
0,-1,32,0,13
1,2.0,32,0,13
0,-1,32,0,13
0,-1,35,0,24
0,-1,39,0,24
0,-1,39,0,24
0,-1,63,14,35
0,-1,80,22,35
0,-1,80,22,35
0,-1,143,107,53
0,-1,148,119,53
0,-1,37,108,53
0,-1,6,108,53
0,-1,120,107,53
0,-1,120,107,53
0,-1,120,107,53
0,-1,89,50,53
0,-1,89,50,53
0,-1,89,50,53
0,-1,48,16,53
0,-1,48,16,53
0,-1,43,0,33
0,-1,36,0,33
0,-1,0,0,33
0,-1,35,0,20
0,-1,31,0,20
0,-1,8,0,20
0,-1,8,0,20
0,-1,8,0,20
0,-1,27,0,11
0,-1,28,0,11
0,-1,28,0,11
0,-1,25,0,10
0,-1,29,0,10
0,-1,0,0,10
0,-1,25,0,10
0,-1,7,0,10
0,-1,27,0,7
0,-1,25,0,7
0,-1,26,0,7
0,-1,26,0,7
0,-1,24,0,7
0,-1,26,0,7
0,-1,0,7,7
0,-1,23,0,6
0,-1,24,0,6
0,-1,6,0,6
0,-1,31,0,8
0,-1,28,0,8
0,-1,27,0,8
0,-1,27,0,8
0,-1,23,0,8
1,2.0,22,0,8
0,-1,22,0,8
0,-1,28,0,8
0,-1,28,0,8
0,-1,28,0,8
0,-1,49,38,33
0,-1,54,56,33
0,-1,54,56,33
0,-1,96,97,53
0,-1,89,96,53
0,-1,92,96,53
0,-1,74,56,53
0,-1,66,46,53
0,-1,66,46,53
0,-1,66,46,53
0,-1,39,7,53
0,-1,39,7,53
0,-1,28,0,27
0,-1,27,0,27
0,-1,0,0,27
0,-1,23,0,15
0,-1,24,0,15
0,-1,4,0,15
0,-1,20,0,11
0,-1,20,0,11
0,-1,20,0,11
0,-1,22,0,11
0,-1,21,0,11
0,-1,21,0,11
0,-1,21,0,8
0,-1,20,0,8
0,-1,20,0,8
0,-1,24,0,8
0,-1,23,0,8
0,-1,23,0,8
0,-1,18,0,8
0,-1,20,0,8
0,-1,0,0,8
0,-1,18,0,7
0,-1,218,0,7
0,-1,6,0,7
0,-1,6,0,7
0,-1,25,0,9
0,-1,23,0,9
0,-1,23,0,9
0,-1,26,0,9
0,-1,26,0,9
0,-1,29,0,9
0,-1,27,0,9
0,-1,3,0,9
0,-1,3,0,9
1,2.0,26,0,10
0,-1,27,0,10
0,-1,27,0,10
0,-1,35,48,31
0,-1,62,109,31
0,-1,62,109,31
0,-1,62,109,31
0,-1,97,112,31
0,-1,13,112,31
0,-1,70,91,48
0,-1,66,72,48
0,-1,53,72,48
0,-1,53,72,48
0,-1,40,37,48
0,-1,8,29,48
0,-1,8,29,48
0,-1,29,0,48
0,-1,29,0,48
0,-1,25,0,15
0,-1,23,0,15
0,-1,23,0,15
0,-1,20,0,12
0,-1,20,0,12
0,-1,0,0,12
0,-1,22,0,9
0,-1,21,0,9
0,-1,0,0,9
0,-1,26,0,9
0,-1,25,0,9
0,-1,25,0,9
0,-1,30,0,8
0,-1,29,0,8
0,-1,7,0,8
0,-1,23,0,7
0,-1,27,0,7
0,-1,32,0,7
0,-1,32,0,7
0,-1,31,0,7
0,-1,31,0,7
0,-1,32,0,6
0,-1,35,0,6
0,-1,6,0,6
0,-1,30,0,8
0,-1,31,0,8
0,-1,31,0,8
0,-1,31,0,10
0,-1,31,0,10
1,2.0,0,0,10
0,-1,29,0,14
0,-1,29,0,14
0,-1,8,0,14
0,-1,8,0,14
0,-1,59,45,34
0,-1,93,78,34
0,-1,2,558,34
0,-1,89,90,59
0,-1,101,102,65
0,-1,118,104,65
0,-1,8,104,65
0,-1,140,94,85
0,-1,126,78,85
0,-1,9,78,85
0,-1,78,39,63
0,-1,63,32,63
0,-1,22,32,63
0,-1,22,32,63
0,-1,57,7,63
0,-1,3,1,63
0,-1,3,1,63
0,-1,41,0,32
0,-1,36,0,32
0,-1,36,0,32
0,-1,35,0,19
0,-1,32,0,19
0,-1,0,0,19
0,-1,28,0,19
0,-1,0,0,19
0,-1,0,0,19
0,-1,24,0,9
0,-1,26,0,9
0,-1,26,0,9
0,-1,35,0,9
0,-1,35,0,9
0,-1,26,0,14
0,-1,26,0,14
0,-1,6,0,14
0,-1,6,0,14
0,-1,32,0,15
0,-1,28,0,15
0,-1,40,0,19
0,-1,39,0,19
0,-1,39,0,19
0,-1,39,0,19
0,-1,40,0,11
0,-1,39,0,11
0,-1,30,0,16
1,2.0,30,0,16
0,-1,37,0,16
0,-1,0,0,16
0,-1,54,39,48
0,-1,74,36,48
0,-1,74,36,48
0,-1,85,55,75
0,-1,109,52,75
0,-1,54,52,75
0,-1,85,53,60
0,-1,72,36,60
0,-1,25,36,60
0,-1,25,36,60
0,-1,50,4,60
0,-1,3,0,60
0,-1,35,0,28
0,-1,35,0,28
0,-1,35,0,28
0,-1,29,0,18
0,-1,30,0,18
0,-1,30,0,18
0,-1,27,0,21
0,-1,26,0,21
0,-1,26,0,21
0,-1,25,0,13
0,-1,25,0,13
0,-1,0,0,13
0,-1,34,0,11
0,-1,31,0,11
0,-1,31,0,11
0,-1,31,0,11
0,-1,25,0,11
0,-1,25,0,11
0,-1,26,0,7
0,-1,23,0,7
0,-1,0,0,7
0,-1,24,0,7
0,-1,22,0,7
0,-1,21,0,9
0,-1,22,0,8
0,-1,21,0,8
0,-1,21,0,8
0,-1,28,0,7
0,-1,25,0,7
1,2.0,0,0,7
0,-1,26,0,7
0,-1,9,0,7
0,-1,9,0,7
0,-1,38,13,24
0,-1,63,18,24
0,-1,1,18,24
0,-1,108,32,59
0,-1,115,82,59
0,-1,115,82,59
0,-1,115,82,59
0,-1,91,53,59
0,-1,2,45,59
0,-1,2,45,59
0,-1,59,25,48
0,-1,55,16,48
0,-1,40,4,34
0,-1,36,0,34
0,-1,36,0,34
0,-1,27,0,20
0,-1,26,0,20
0,-1,6,0,20
0,-1,6,0,20
0,-1,22,0,13
0,-1,21,0,13
0,-1,21,0,13
0,-1,23,0,10
0,-1,29,0,10
0,-1,25,0,9
0,-1,23,0,9
0,-1,23,0,9
0,-1,23,0,9
0,-1,26,0,9
0,-1,24,0,9
0,-1,24,0,9
0,-1,21,0,9
0,-1,21,0,9
0,-1,21,0,9
0,-1,22,0,8
0,-1,22,0,8
0,-1,3,0,8
0,-1,3,0,8
0,-1,18,0,8
0,-1,22,0,8
0,-1,22,0,8
0,-1,19,0,10
0,-1,19,0,10
1,2.0,0,0,10
0,-1,0,0,10
0,-1,17,0,9
0,-1,26,0,9
0,-1,26,0,9
0,-1,68,35,38
0,-1,83,49,38
0,-1,51,49,38
0,-1,51,49,38
0,-1,112,57,38
0,-1,3,67,38
0,-1,3,67,38
0,-1,78,60,64
0,-1,69,45,64
0,-1,69,45,64
0,-1,48,9,64
0,-1,4,9,64
0,-1,31,0,28
0,-1,28,0,28
0,-1,6,0,28
0,-1,6,0,28
0,-1,28,0,13
0,-1,28,0,13
0,-1,28,0,13
0,-1,22,0,10
0,-1,22,0,10
0,-1,0,0,10
0,-1,27,0,9
0,-1,25,0,9
0,-1,3,0,9
0,-1,21,0,7
0,-1,25,0,7
0,-1,25,0,7
0,-1,21,0,7
0,-1,23,0,7
0,-1,0,0,7
0,-1,22,0,7
0,-1,3,0,7
0,-1,22,0,8
0,-1,21,0,8
0,-1,22,0,8
0,-1,22,0,8
0,-1,20,0,11
0,-1,22,0,11
0,-1,0,8,11
0,-1,21,0,8
0,-1,23,0,8
0,-1,8,0,8
1,2.0,8,0,8
0,-1,30,0,12
0,-1,27,0,12
0,-1,27,0,12
0,-1,36,0,31
0,-1,52,11,31
0,-1,25,11,31
0,-1,78,63,53
0,-1,107,64,53
0,-1,4,85,53
0,-1,4,85,53
0,-1,89,56,53
0,-1,8,56,53
0,-1,65,35,41
0,-1,57,31,41
0,-1,57,31,41
0,-1,57,31,41
0,-1,35,0,41
0,-1,35,0,41
0,-1,30,0,20
0,-1,29,0,20
0,-1,0,0,20
0,-1,25,0,13
0,-1,24,0,13
0,-1,24,0,13
0,-1,22,0,9
0,-1,24,0,9
0,-1,21,0,9
0,-1,20,0,10
0,-1,21,0,10
0,-1,0,0,10
0,-1,20,0,11
0,-1,22,0,11
0,-1,22,0,11
0,-1,21,0,8
0,-1,28,0,8
0,-1,5,0,8
0,-1,5,0,8
0,-1,24,0,8
0,-1,0,0,8
0,-1,26,0,8
0,-1,26,0,8
0,-1,26,0,8
1,2.0,34,0,14
0,-1,37,0,14
0,-1,6,0,14
0,-1,6,0,14
0,-1,40,21,14
0,-1,55,49,14
0,-1,9,49,14
0,-1,77,83,14
0,-1,77,83,14
0,-1,77,83,14
0,-1,87,106,62
0,-1,77,114,62
0,-1,2,114,62
0,-1,48,54,62
0,-1,48,54,62
0,-1,48,54,62
0,-1,25,16,28
0,-1,22,14,28
0,-1,22,14,28
0,-1,23,15,18
0,-1,19,23,18
0,-1,26,23,18
0,-1,15,24,18
0,-1,3,28,18
0,-1,3,28,18
0,-1,12,18,11
0,-1,12,13,11
0,-1,2,13,11
0,-1,12,2,16
0,-1,11,0,16
0,-1,0,0,16
0,-1,11,0,16
0,-1,11,0,16
0,-1,11,0,16
0,-1,11,0,16
0,-1,9,0,11
0,-1,12,0,11
0,-1,12,0,11
0,-1,18,0,12
0,-1,18,0,12
0,-1,0,0,12
0,-1,22,0,10
0,-1,22,0,10
0,-1,22,0,10
0,-1,22,0,10
0,-1,28,0,10
1,2.0,28,0,10
0,-1,32,0,14
0,-1,33,0,14
0,-1,33,0,14
0,-1,39,10,19
0,-1,50,19,19
0,-1,4,30,19
0,-1,4,30,19
0,-1,102,59,55
0,-1,102,64,55
0,-1,102,64,55
0,-1,102,64,55
0,-1,117,75,55
0,-1,6,58,55
0,-1,6,58,55
0,-1,60,22,55
0,-1,5,22,55
0,-1,35,4,36
0,-1,27,5,36
0,-1,27,5,36
0,-1,18,9,21
0,-1,15,12,21
0,-1,5,18,21
0,-1,5,18,21
0,-1,12,17,21
0,-1,20,17,21
0,-1,14,22,9
0,-1,13,20,9
0,-1,13,20,9
0,-1,13,20,9
0,-1,16,8,8
0,-1,16,2,8
0,-1,16,2,8
0,-1,15,0,8
0,-1,0,0,8
0,-1,17,0,7
0,-1,17,0,7
0,-1,17,0,7
0,-1,19,0,7
0,-1,25,0,7
0,-1,25,0,7
0,-1,28,0,6
0,-1,27,0,6
0,-1,0,0,6
0,-1,28,0,9
1,2.0,34,0,9
0,-1,34,0,9
0,-1,32,0,10
0,-1,34,0,10
0,-1,34,0,10
0,-1,34,0,10
0,-1,59,83,39
0,-1,66,76,39
0,-1,86,103,5
0,-1,86,103,5
0,-1,5,129,5
0,-1,5,129,5
0,-1,68,94,57
0,-1,62,73,57
0,-1,4,73,57
0,-1,35,32,31
0,-1,30,27,31
0,-1,30,27,31
0,-1,28,6,25
0,-1,29,3,25
0,-1,29,3,25
0,-1,18,0,17
0,-1,17,0,17
0,-1,17,0,17
0,-1,17,0,12
0,-1,15,0,12
0,-1,15,0,12
0,-1,15,0,12
0,-1,15,0,12
0,-1,16,0,12
0,-1,16,0,12
0,-1,22,0,14
0,-1,20,0,14
0,-1,0,0,14
0,-1,16,0,14
0,-1,8,0,14
0,-1,19,0,10
0,-1,19,0,8
0,-1,22,0,8
0,-1,22,0,8
0,-1,20,0,8
0,-1,0,0,8
0,-1,28,0,8
0,-1,27,0,8
0,-1,27,0,8
0,-1,27,0,8
1,2.0,33,0,8
0,-1,33,0,8
0,-1,35,0,13
0,-1,37,0,13
0,-1,0,0,13
0,-1,6,0,13
0,-1,61,31,13
0,-1,1,32,13
0,-1,1,32,13
0,-1,1,32,13
0,-1,87,65,13
0,-1,4,65,13
0,-1,57,29,35
0,-1,53,19,35
0,-1,12,19,35
0,-1,31,0,19
0,-1,26,0,19
0,-1,4,0,19
0,-1,4,0,19
0,-1,21,0,15
0,-1,18,0,15
0,-1,18,0,15
0,-1,15,0,9
0,-1,12,0,9
0,-1,12,0,9
0,-1,17,0,10
0,-1,18,0,10
0,-1,6,0,10
0,-1,14,0,7
0,-1,25,0,7
0,-1,25,0,7
0,-1,20,0,8
0,-1,20,0,8
0,-1,20,0,8
0,-1,22,0,9
0,-1,20,0,9
0,-1,0,0,9
0,-1,17,0,8
0,-1,18,0,6
0,-1,23,0,6
0,-1,23,0,6
0,-1,19,0,6
0,-1,0,0,6
0,-1,19,0,6
0,-1,21,0,6
1,2.0,21,0,6
0,-1,23,0,29
0,-1,26,0,24
0,-1,29,0,24
0,-1,29,0,24
0,-1,61,35,35
0,-1,75,54,35
0,-1,75,54,35
0,-1,106,82,35
0,-1,41,79,35
0,-1,2,79,35
0,-1,100,97,57
0,-1,85,78,57
0,-1,7,78,57
0,-1,7,78,57
0,-1,50,29,57
0,-1,3,24,57
0,-1,3,24,57
0,-1,3,24,57
0,-1,25,2,19
0,-1,24,0,19
0,-1,24,0,19
0,-1,22,0,15
0,-1,18,0,15
0,-1,0,0,15
0,-1,13,0,15
0,-1,5,0,15
0,-1,18,0,8
0,-1,19,0,8
0,-1,18,0,8
0,-1,18,0,8
0,-1,19,0,7
0,-1,20,0,7
0,-1,0,0,7
0,-1,16,0,8
0,-1,16,0,8
0,-1,16,0,8
0,-1,17,0,6
0,-1,18,0,6
0,-1,7,0,6
0,-1,7,0,6
0,-1,21,0,6
0,-1,21,0,6
0,-1,20,0,7
0,-1,19,0,7
0,-1,19,0,7
0,-1,20,0,9
0,-1,17,0,9
0,-1,17,0,9
0,-1,18,0,7
0,-1,19,0,7
0,-1,19,0,7
0,-1,22,0,9
0,-1,22,0,9
0,-1,0,0,9
0,-1,16,0,9
0,-1,6,0,9
0,-1,6,0,9
0,-1,10,0,8
0,-1,11,0,8
0,-1,11,0,8
0,-1,10,0,17
0,-1,12,0,17
0,-1,0,0,17
0,-1,10,0,16
0,-1,12,0,16
0,-1,3,0,16
0,-1,3,0,16
0,-1,15,0,10
0,-1,15,0,10
0,-1,15,0,10
0,-1,18,0,8
0,-1,20,0,8
0,-1,0,0,8
0,-1,26,0,7
0,-1,25,0,7
0,-1,25,0,7
0,-1,25,0,7
0,-1,25,0,7
0,-1,25,0,7
0,-1,25,0,10
0,-1,25,0,10
0,-1,25,0,10
0,-1,26,0,7
0,-1,24,0,7
0,-1,24,0,7
0,-1,21,0,8
0,-1,23,0,8
0,-1,3,0,8
0,-1,23,0,6
0,-1,22,0,6
0,-1,22,0,6
0,-1,17,0,5
0,-1,19,0,5
0,-1,0,0,5
0,-1,22,0,9
0,-1,122,0,9
0,-1,9,0,9
0,-1,9,0,9
1,3.0,22,0,14
0,-1,24,0,14
0,-1,24,0,14
0,-1,33,18,34
0,-1,43,20,34
0,-1,43,20,34
0,-1,43,20,34
0,-1,57,73,34
0,-1,3,92,34
0,-1,3,92,34
0,-1,44,44,64
0,-1,40,39,64
0,-1,1,39,64
0,-1,28,20,64
0,-1,28,20,64
0,-1,28,20,64
0,-1,23,0,39
0,-1,23,0,39
0,-1,23,0,39
0,-1,22,0,21
0,-1,25,0,21
0,-1,0,0,21
0,-1,20,0,12
0,-1,19,0,12
0,-1,19,0,12
0,-1,15,0,8
0,-1,14,0,8
0,-1,14,0,8
0,-1,12,0,10
0,-1,10,0,10
0,-1,10,0,10
0,-1,11,0,10
0,-1,2,0,10
0,-1,12,0,9
0,-1,13,0,10
0,-1,16,0,10
0,-1,16,0,10
0,-1,13,0,8
0,-1,16,0,8
0,-1,0,0,8
0,-1,24,0,9
0,-1,24,0,9
0,-1,24,0,9
0,-1,21,0,12
0,-1,18,0,12
0,-1,18,0,12
1,3.0,21,0,15
0,-1,24,0,15
0,-1,0,0,15
0,-1,37,8,36
0,-1,37,27,36
0,-1,37,27,36
0,-1,37,27,36
0,-1,80,88,74
0,-1,79,99,74
0,-1,79,99,74
0,-1,55,60,64
0,-1,47,45,64
0,-1,33,55,64
0,-1,33,55,64
0,-1,36,29,43
0,-1,31,22,43
0,-1,9,14,43
0,-1,9,14,43
0,-1,23,0,22
0,-1,22,0,22
0,-1,22,0,22
0,-1,17,0,15
0,-1,15,0,15
0,-1,0,0,15
0,-1,21,0,16
0,-1,17,0,16
0,-1,7,0,16
0,-1,7,0,16
0,-1,16,0,16
0,-1,16,0,16
0,-1,15,0,11
0,-1,14,0,11
0,-1,14,0,11
0,-1,17,0,9
0,-1,17,0,9
0,-1,8,0,9
0,-1,16,0,11
0,-1,18,0,10
0,-1,18,0,10
0,-1,18,0,10
0,-1,20,0,8
0,-1,20,0,8
0,-1,0,0,8
0,-1,22,0,10
0,-1,24,0,10
1,3.0,24,0,10
0,-1,24,0,10
0,-1,21,0,28
0,-1,19,11,28
0,-1,30,56,72
0,-1,42,75,72
0,-1,80,75,72
0,-1,80,75,72
0,-1,63,86,72
0,-1,3,91,72
0,-1,3,91,72
0,-1,39,49,83
0,-1,36,40,83
0,-1,6,40,83
0,-1,22,19,83
0,-1,22,19,83
0,-1,22,19,83
0,-1,17,0,24
0,-1,15,0,24
0,-1,15,0,24
0,-1,15,0,24
0,-1,15,0,24
0,-1,0,0,24
0,-1,13,0,17
0,-1,13,0,17
0,-1,13,0,17
0,-1,13,0,12
0,-1,13,0,12
0,-1,13,0,12
0,-1,13,0,10
0,-1,13,0,10
0,-1,0,0,10
0,-1,21,0,10
0,-1,221,0,10
0,-1,0,0,10
0,-1,0,0,10
0,-1,22,0,11
0,-1,21,0,11
0,-1,21,0,11
0,-1,22,0,11
0,-1,25,0,11
0,-1,0,0,11
0,-1,19,0,19
0,-1,21,0,19
0,-1,21,0,19
0,-1,21,0,19
0,-1,21,0,14
0,-1,24,0,14
0,-1,24,0,14
0,-1,23,0,10
1,3.0,24,0,10
0,-1,0,0,10
0,-1,33,0,10
0,-1,5,3,10
0,-1,5,31,10
0,-1,36,48,59
0,-1,34,50,62
0,-1,44,49,62
0,-1,38,52,71
0,-1,35,48,71
0,-1,35,48,71
0,-1,33,48,71
0,-1,26,11,71
0,-1,7,2,71
0,-1,7,2,71
0,-1,25,0,30
0,-1,21,0,30
0,-1,21,0,30
0,-1,18,0,22
0,-1,15,0,22
0,-1,15,0,22
0,-1,16,0,16
0,-1,19,0,16
0,-1,19,0,16
0,-1,16,0,11
0,-1,14,0,11
0,-1,0,0,11
0,-1,14,0,11
0,-1,4,0,11
0,-1,4,0,11
0,-1,18,0,10
0,-1,15,0,10
0,-1,15,0,10
0,-1,16,0,10
0,-1,15,0,10
0,-1,0,0,10
0,-1,17,0,7
0,-1,18,0,7
0,-1,18,0,7
0,-1,21,0,9
0,-1,19,0,9
0,-1,19,0,9
0,-1,16,0,9
0,-1,16,0,9
0,-1,16,0,9
0,-1,17,0,7
1,3.0,19,0,7
0,-1,19,0,7
0,-1,20,0,16
0,-1,16,0,16
0,-1,16,0,16
0,-1,29,11,50
0,-1,40,10,50
0,-1,13,10,50
0,-1,54,44,56
0,-1,50,41,56
0,-1,50,41,56
0,-1,50,41,56
0,-1,35,16,56
0,-1,35,16,56
0,-1,32,0,35
0,-1,29,0,35
0,-1,0,0,35
0,-1,19,0,22
0,-1,17,0,22
0,-1,5,0,22
0,-1,5,0,22
0,-1,13,0,22
0,-1,13,0,22
0,-1,12,0,10
0,-1,14,0,10
0,-1,14,0,10
0,-1,14,0,11
0,-1,14,0,11
0,-1,2,0,11
0,-1,12,0,9
0,-1,12,0,9
0,-1,12,0,9
0,-1,14,0,10
0,-1,13,0,10
0,-1,13,0,10
0,-1,13,0,10
0,-1,3,0,10
0,-1,3,0,10
0,-1,14,0,10
0,-1,15,0,10
0,-1,15,0,10
0,-1,16,0,9
0,-1,16,0,9
0,-1,16,0,7
0,-1,15,0,7
0,-1,9,0,7
0,-1,9,0,7
1,3.0,21,0,16
0,-1,17,0,16
0,-1,17,0,16
0,-1,30,25,61
0,-1,37,28,61
0,-1,37,28,61
0,-1,37,28,61
0,-1,39,42,61
0,-1,4,41,61
0,-1,27,32,52
0,-1,25,23,52
0,-1,12,23,52
0,-1,24,0,32
0,-1,22,0,32
0,-1,22,0,32
0,-1,22,0,32
0,-1,19,0,23
0,-1,19,0,23
0,-1,19,0,23
0,-1,14,0,14
0,-1,13,0,14
0,-1,13,0,10
0,-1,12,0,10
0,-1,1,0,10
0,-1,10,0,9
0,-1,12,0,9
0,-1,11,0,9
0,-1,11,0,9
0,-1,10,0,10
0,-1,10,0,10
0,-1,10,0,10
0,-1,14,0,10
0,-1,14,0,10
0,-1,14,0,10
0,-1,16,0,9
0,-1,15,0,9
0,-1,15,0,9
0,-1,17,0,16
0,-1,17,0,16
0,-1,17,0,11
0,-1,17,0,11
0,-1,17,0,11
0,-1,17,0,11
0,-1,19,0,11
1,3.0,21,0,11
0,-1,20,0,17
0,-1,24,0,17
0,-1,0,0,17
0,-1,30,25,50
0,-1,33,33,50
0,-1,6,46,50
0,-1,6,46,50
0,-1,52,43,77
0,-1,45,50,77
0,-1,0,50,77
0,-1,39,45,77
0,-1,39,45,77
0,-1,39,45,77
0,-1,26,10,40
0,-1,22,3,40
0,-1,22,3,40
0,-1,14,0,28
0,-1,16,0,28
0,-1,0,0,28
0,-1,0,0,28
0,-1,14,0,28
0,-1,4,0,28
0,-1,4,0,28
0,-1,13,0,13
0,-1,11,0,13
0,-1,11,0,13
0,-1,12,0,14
0,-1,11,0,14
0,-1,11,0,14
0,-1,15,0,14
0,-1,3,0,14
0,-1,3,0,14
0,-1,12,0,11
0,-1,13,0,11
0,-1,13,0,11
0,-1,13,0,12
0,-1,14,0,12
0,-1,0,0,12
0,-1,14,0,12
0,-1,5,0,12
0,-1,5,0,12
0,-1,17,0,9
0,-1,16,0,9
0,-1,16,0,9
0,-1,15,0,9
1,3.0,15,0,9
0,-1,16,0,17
0,-1,17,0,17
0,-1,9,0,17
0,-1,9,0,17
0,-1,48,42,55
0,-1,54,46,55
0,-1,0,46,55
0,-1,53,64,84
0,-1,49,63,84
0,-1,49,63,84
0,-1,49,63,84
0,-1,34,35,84
0,-1,34,35,84
0,-1,25,18,43
0,-1,23,10,43
0,-1,4,10,43
0,-1,22,0,31
0,-1,22,0,31
0,-1,22,0,31
0,-1,23,0,22
0,-1,20,0,22
0,-1,20,0,22
0,-1,15,0,14
0,-1,15,0,14
0,-1,0,0,14
0,-1,15,0,12
0,-1,13,0,12
0,-1,4,0,12
0,-1,12,0,14
0,-1,11,0,14
0,-1,11,0,14
0,-1,14,0,10
0,-1,17,0,10
0,-1,0,10,10
0,-1,0,10,10
0,-1,16,0,10
0,-1,5,0,10
0,-1,5,0,10
0,-1,16,0,10
0,-1,15,0,10
0,-1,20,0,8
0,-1,19,0,8
0,-1,19,0,8
0,-1,19,0,8
1,3.0,23,0,13
0,-1,21,0,13
0,-1,21,0,13
0,-1,23,0,15
0,-1,25,0,15
0,-1,25,0,15
0,-1,38,8,27
0,-1,47,16,27
0,-1,47,16,27
0,-1,47,16,27
0,-1,58,34,27
0,-1,2,324,27
0,-1,2,324,27
0,-1,37,37,68
0,-1,37,30,68
0,-1,20,30,68
0,-1,20,30,68
0,-1,22,0,68
0,-1,0,0,68
0,-1,0,0,68
0,-1,23,0,68
0,-1,23,0,68
0,-1,23,0,21
0,-1,20,0,21
0,-1,0,0,21
0,-1,14,0,14
0,-1,16,0,14
0,-1,16,0,14
0,-1,16,0,14
0,-1,19,0,14
0,-1,19,0,14
0,-1,16,0,15
0,-1,16,0,15
0,-1,16,0,15
0,-1,21,0,11
0,-1,19,0,11
0,-1,19,0,11
0,-1,20,0,10
0,-1,18,0,10
0,-1,18,0,10
0,-1,18,0,14
0,-1,18,0,14
1,3.0,18,0,14
0,-1,19,0,15
0,-1,24,0,15
0,-1,8,10,15
0,-1,8,10,15
0,-1,44,39,15
0,-1,44,39,15
0,-1,0,39,15
0,-1,51,60,87
0,-1,44,48,87
0,-1,44,48,87
0,-1,32,31,46
0,-1,28,22,46
0,-1,3,22,46
0,-1,22,0,39
0,-1,22,0,39
0,-1,0,0,39
0,-1,18,0,39
0,-1,7,0,39
0,-1,7,0,39
0,-1,17,0,16
0,-1,14,0,16
0,-1,14,0,16
0,-1,12,0,12
0,-1,12,0,12
0,-1,0,0,12
0,-1,14,0,12
0,-1,4,0,12
0,-1,4,0,12
0,-1,15,0,11
0,-1,15,0,11
0,-1,15,0,11
0,-1,17,0,11
0,-1,17,0,11
0,-1,20,0,9
0,-1,22,0,9
0,-1,4,0,9
0,-1,4,0,9
0,-1,17,0,11
0,-1,24,0,11
0,-1,24,0,11
0,-1,23,0,13
1,3.0,24,0,13
0,-1,0,15,13
0,-1,23,0,18
0,-1,29,0,18
0,-1,5,8,18
0,-1,5,8,18
0,-1,51,28,53
0,-1,53,41,53
0,-1,2,41,53
0,-1,63,57,64
0,-1,60,49,64
0,-1,60,49,64
0,-1,60,49,64
0,-1,35,22,33
0,-1,31,12,33
0,-1,31,12,33
0,-1,28,0,33
0,-1,0,0,33
0,-1,18,0,22
0,-1,15,0,22
0,-1,5,0,22
0,-1,5,0,22
0,-1,11,0,15
0,-1,12,0,15
0,-1,12,0,15
0,-1,10,0,15
0,-1,10,0,15
0,-1,12,0,10
0,-1,13,0,10
0,-1,4,0,10
0,-1,4,0,10
0,-1,20,0,9
0,-1,20,0,9
0,-1,20,0,9
0,-1,21,0,7
0,-1,19,0,7
0,-1,0,0,7
0,-1,18,0,8
0,-1,17,0,8
0,-1,15,0,10
0,-1,15,0,10
0,-1,16,0,10
0,-1,16,0,10
0,-1,16,0,10
0,-1,20,0,18
1,3.0,24,0,18
0,-1,0,0,18
0,-1,27,0,18
0,-1,5,0,18
0,-1,5,0,18
0,-1,46,24,77
0,-1,54,34,77
0,-1,0,34,77
0,-1,62,43,77
0,-1,62,43,77
0,-1,46,43,77
0,-1,39,44,69
0,-1,39,30,69
0,-1,39,30,69
0,-1,39,30,69
0,-1,26,0,69
0,-1,0,0,69
0,-1,20,0,30
0,-1,20,0,30
0,-1,20,0,30
0,-1,15,0,19
0,-1,14,0,19
0,-1,8,0,19
0,-1,16,0,14
0,-1,14,0,15
0,-1,15,0,15
0,-1,15,0,15
0,-1,16,0,10
0,-1,17,0,10
0,-1,17,0,10
0,-1,15,0,14
0,-1,15,0,14
0,-1,15,0,14
0,-1,18,0,13
0,-1,16,0,13
0,-1,16,0,13
0,-1,18,0,14
0,-1,16,0,14
0,-1,16,0,14
0,-1,17,0,12
0,-1,18,0,12
0,-1,9,0,12
0,-1,18,0,13
0,-1,19,0,13
0,-1,0,0,13
0,-1,16,0,11
0,-1,16,0,11
0,-1,16,0,11
0,-1,13,0,9
0,-1,15,0,9
0,-1,15,0,9
0,-1,12,0,8
0,-1,11,0,8
0,-1,0,0,8
0,-1,13,0,8
0,-1,4,0,8
0,-1,12,0,7
0,-1,13,0,10
0,-1,11,0,10
0,-1,11,0,10
0,-1,12,0,11
0,-1,14,0,11
0,-1,0,0,11
0,-1,14,0,11
0,-1,14,0,11
0,-1,14,0,11
0,-1,19,0,12
1,3.0,18,0,12
0,-1,18,0,12
0,-1,18,0,12
0,-1,28,5,12
0,-1,17,5,12
0,-1,27,27,51
0,-1,36,30,51
0,-1,36,30,51
0,-1,36,30,51
0,-1,24,29,67
0,-1,19,27,67
0,-1,19,27,67
0,-1,21,1,53
0,-1,22,0,53
0,-1,0,0,53
0,-1,19,0,53
0,-1,0,0,53
0,-1,0,0,53
0,-1,17,0,21
0,-1,16,0,17
0,-1,14,0,17
0,-1,14,0,17
0,-1,14,0,12
0,-1,13,0,12
0,-1,0,0,12
0,-1,12,0,9
0,-1,11,0,9
0,-1,11,0,9
0,-1,13,0,8
0,-1,12,0,8
0,-1,12,0,8
0,-1,11,0,13
0,-1,10,0,13
0,-1,0,0,13
0,-1,12,0,10
0,-1,16,0,10
0,-1,8,0,10
0,-1,8,0,10
0,-1,17,0,10
0,-1,17,0,10
0,-1,17,0,10
1,3.0,16,0,15
0,-1,14,0,15
0,-1,0,0,15
0,-1,17,0,15
0,-1,6,15,15
0,-1,6,15,15
0,-1,6,15,15
0,-1,62,46,78
0,-1,52,40,78
0,-1,48,32,61
0,-1,48,32,61
0,-1,40,20,61
0,-1,11,20,61
0,-1,3,20,61
0,-1,25,0,61
0,-1,3,0,61
0,-1,3,0,61
0,-1,20,0,24
0,-1,20,0,24
0,-1,20,0,24
0,-1,16,0,17
0,-1,12,0,17
0,-1,0,0,17
0,-1,11,0,17
0,-1,11,0,17
0,-1,11,0,17
0,-1,12,0,14
0,-1,12,0,14
0,-1,12,0,14
0,-1,15,0,14
0,-1,14,0,14
0,-1,0,0,14
0,-1,15,0,11
0,-1,16,0,11
0,-1,7,0,11
0,-1,1,0,11
0,-1,15,0,11
0,-1,16,0,11
0,-1,16,0,11
0,-1,17,0,10
0,-1,19,0,10
0,-1,19,0,10
1,3.0,24,0,13
0,-1,27,0,13
0,-1,27,0,13
0,-1,35,5,39
0,-1,43,23,39
0,-1,1,23,39
0,-1,71,34,77
0,-1,63,35,77
0,-1,63,35,77
0,-1,44,30,57
0,-1,42,20,57
0,-1,42,20,57
0,-1,26,1,40
0,-1,23,0,40
0,-1,0,0,40
0,-1,17,0,27
0,-1,19,0,27
0,-1,19,0,27
0,-1,14,0,23
0,-1,14,0,23
0,-1,14,0,23
0,-1,10,0,16
0,-1,9,0,16
0,-1,0,0,16
0,-1,13,0,11
0,-1,15,0,11
0,-1,4,0,11
0,-1,19,0,11
0,-1,17,0,11
0,-1,17,0,11
0,-1,16,0,7
0,-1,17,0,7
0,-1,0,0,7
0,-1,18,0,11
0,-1,18,0,11
0,-1,7,0,11
0,-1,15,0,8
0,-1,16,0,8
0,-1,17,0,8
0,-1,17,0,8
0,-1,16,0,8
0,-1,0,0,8
0,-1,15,0,7
0,-1,12,0,7
0,-1,3,0,7
0,-1,12,0,7
0,-1,14,0,6
0,-1,13,0,6
0,-1,13,0,6
0,-1,11,0,6
0,-1,0,0,6
0,-1,10,0,9
0,-1,9,0,9
0,-1,9,0,9
0,-1,11,0,7
0,-1,11,0,7
0,-1,0,0,7
0,-1,0,0,7
0,-1,11,0,7
0,-1,10,0,7
0,-1,10,0,7
0,-1,9,0,7
0,-1,11,0,7
0,-1,9,0,6
0,-1,10,0,6
0,-1,10,0,6
0,-1,10,0,8
0,-1,9,0,8
0,-1,10,0,8
0,-1,10,0,8
0,-1,11,0,8
0,-1,11,0,8
0,-1,11,0,8
0,-1,10,0,8
0,-1,1,0,8
0,-1,1,0,8
0,-1,12,0,9
0,-1,12,0,9
0,-1,10,0,8
0,-1,10,0,8
0,-1,10,0,8
0,-1,9,0,8
0,-1,7,0,8
0,-1,7,0,8
0,-1,7,0,7
0,-1,8,0,9
0,-1,7,0,9
0,-1,7,0,9
0,-1,8,0,9
0,-1,6,0,9
0,-1,6,0,9
0,-1,8,0,9
0,-1,8,0,9
0,-1,8,0,9
0,-1,12,0,14
0,-1,12,0,14
0,-1,12,0,14
0,-1,15,0,20
0,-1,15,0,20
0,-1,15,0,20
0,-1,14,0,17
0,-1,14,0,17
0,-1,14,0,17
0,-1,14,0,18
0,-1,16,0,18
0,-1,6,0,18
0,-1,6,0,18
0,-1,16,0,15
0,-1,15,0,15
0,-1,20,0,29
0,-1,19,0,29
0,-1,19,0,29
0,-1,19,0,29
0,-1,17,0,16
0,-1,16,0,16
0,-1,16,0,16
0,-1,20,0,19
0,-1,18,0,19
0,-1,18,0,19
0,-1,22,0,23
0,-1,21,0,23
0,-1,21,0,23
0,-1,20,0,18
0,-1,20,0,18
0,-1,20,0,18
0,-1,19,0,23
0,-1,21,0,23
0,-1,0,0,23
0,-1,23,0,23
0,-1,1,0,23
0,-1,1,0,23
1,4.0,42,0,73
0,-1,42,0,73
0,-1,42,0,73
0,-1,58,0,80
0,-1,58,0,80
0,-1,0,0,80
0,-1,62,0,82
0,-1,58,0,82
0,-1,58,0,82
0,-1,39,0,63
0,-1,38,0,63
0,-1,38,0,63
0,-1,31,0,33
0,-1,31,0,33
0,-1,0,0,33
0,-1,23,0,24
0,-1,25,0,24
0,-1,4,0,24
0,-1,4,0,24
0,-1,19,0,13
0,-1,18,0,13
0,-1,18,0,13
0,-1,17,0,13
0,-1,0,0,13
0,-1,0,0,13
0,-1,18,0,12
0,-1,19,0,12
0,-1,19,0,12
0,-1,15,0,9
0,-1,16,0,9
0,-1,16,0,9
0,-1,16,0,10
0,-1,16,0,10
0,-1,0,0,10
0,-1,17,0,9
0,-1,18,0,9
0,-1,18,0,9
0,-1,14,0,10
0,-1,15,0,10
0,-1,5,0,10
0,-1,5,0,10
0,-1,15,0,10
0,-1,0,0,10
0,-1,16,0,11
1,4.0,24,0,11
0,-1,24,0,11
0,-1,24,0,11
0,-1,29,0,50
0,-1,31,0,50
0,-1,31,0,50
0,-1,40,0,86
0,-1,46,1,86
0,-1,46,1,86
0,-1,79,0,87
0,-1,76,2,87
0,-1,76,2,87
0,-1,56,0,74
0,-1,47,0,74
0,-1,47,0,74
0,-1,47,0,74
0,-1,32,0,74
0,-1,0,0,74
0,-1,28,0,27
0,-1,27,0,27
0,-1,27,0,27
0,-1,27,0,27
0,-1,22,0,21
0,-1,21,0,21
0,-1,21,0,21
0,-1,18,0,12
0,-1,19,0,12
0,-1,0,0,12
0,-1,0,0,12
0,-1,20,0,12
0,-1,20,0,12
0,-1,20,0,12
0,-1,19,0,12
0,-1,18,0,12
0,-1,18,0,12
0,-1,17,0,11
0,-1,17,0,11
0,-1,0,0,11
0,-1,16,0,13
0,-1,16,0,13
0,-1,16,0,13
0,-1,17,0,11
0,-1,16,0,11
0,-1,16,0,11
0,-1,18,0,13
0,-1,17,0,13
1,4.0,0,0,13
0,-1,21,0,32
0,-1,25,0,32
0,-1,25,0,32
0,-1,25,0,32
0,-1,48,0,67
0,-1,73,0,67
0,-1,73,0,67
0,-1,64,0,75
0,-1,56,0,75
0,-1,0,0,75
0,-1,50,0,44
0,-1,47,0,44
0,-1,47,0,44
0,-1,36,0,24
0,-1,30,0,24
0,-1,30,0,24
0,-1,22,0,15
0,-1,22,0,15
0,-1,0,0,15
0,-1,19,0,10
0,-1,17,0,10
0,-1,17,0,10
0,-1,16,0,7
0,-1,15,0,7
0,-1,4,0,7
0,-1,15,0,9
0,-1,15,0,9
0,-1,0,0,9
0,-1,14,0,8
0,-1,14,0,8
0,-1,14,0,8
0,-1,12,0,9
0,-1,14,0,9
0,-1,3,0,9
0,-1,12,0,8
0,-1,13,0,8
0,-1,13,0,8
0,-1,14,0,8
0,-1,15,0,8
0,-1,15,0,8
0,-1,18,0,8
0,-1,18,0,8
0,-1,18,0,8
0,-1,19,0,13
0,-1,19,0,13
0,-1,19,0,13
1,4.0,30,0,13
0,-1,30,0,13
0,-1,30,0,13
0,-1,30,0,35
0,-1,35,0,35
0,-1,35,0,35
0,-1,79,0,80
0,-1,75,2,80
0,-1,3,2,80
0,-1,69,0,101
0,-1,62,0,101
0,-1,62,0,101
0,-1,62,0,101
0,-1,43,0,101
0,-1,43,0,101
0,-1,32,0,38
0,-1,29,0,38
0,-1,0,0,38
0,-1,25,0,21
0,-1,22,0,21
0,-1,22,0,21
0,-1,22,0,21
0,-1,18,0,21
0,-1,18,0,21
0,-1,18,0,12
0,-1,16,0,12
0,-1,0,0,12
0,-1,16,0,10
0,-1,15,0,10
0,-1,15,0,10
0,-1,17,0,11
0,-1,18,0,11
0,-1,18,0,11
0,-1,14,0,12
0,-1,15,0,12
0,-1,0,0,12
0,-1,15,0,12
0,-1,7,0,12
0,-1,9,0,12
0,-1,18,0,13
0,-1,18,0,13
0,-1,18,0,13
0,-1,19,0,12
0,-1,20,0,12
0,-1,20,0,12
0,-1,21,0,15
0,-1,19,0,15
1,4.0,0,0,15
0,-1,0,0,15
0,-1,27,0,52
0,-1,35,0,52
0,-1,49,0,93
0,-1,52,0,93
0,-1,52,0,93
0,-1,0,0,93
0,-1,63,3,84
0,-1,60,0,84
0,-1,60,0,84
0,-1,44,0,57
0,-1,39,0,57
0,-1,39,0,57
0,-1,28,0,32
0,-1,26,0,32
0,-1,26,0,32
0,-1,21,0,21
0,-1,19,0,21
0,-1,6,0,21
0,-1,16,0,20
0,-1,15,0,20
0,-1,0,0,20
0,-1,14,0,15
0,-1,15,0,15
0,-1,15,0,15
0,-1,14,0,10
0,-1,15,0,10
0,-1,5,0,10
0,-1,5,0,10
0,-1,13,0,7
0,-1,15,0,7
0,-1,0,0,7
0,-1,14,0,10
0,-1,15,0,10
0,-1,15,0,10
0,-1,16,0,10
0,-1,16,0,10
0,-1,16,0,10
0,-1,18,0,7
0,-1,16,0,7
0,-1,16,0,7
0,-1,18,0,10
0,-1,17,0,10
0,-1,17,0,10
0,-1,22,0,9
0,-1,19,0,9
1,4.0,7,0,9
0,-1,16,0,19
0,-1,17,0,19
0,-1,17,0,19
0,-1,17,0,19
0,-1,45,3,19
0,-1,45,3,19
0,-1,53,2,88
0,-1,50,8,88
0,-1,2,8,88
0,-1,2,8,88
0,-1,38,0,49
0,-1,35,0,49
0,-1,35,0,49
0,-1,30,0,49
0,-1,30,0,49
0,-1,22,0,20
0,-1,20,0,20
0,-1,1,0,20
0,-1,1,0,20
0,-1,17,0,14
0,-1,17,0,14
0,-1,17,0,14
0,-1,15,0,14
0,-1,15,0,14
0,-1,15,0,14
0,-1,14,0,9
0,-1,13,0,9
0,-1,13,0,9
0,-1,13,0,8
0,-1,14,0,8
0,-1,14,0,8
0,-1,14,0,8
0,-1,14,0,8
0,-1,15,0,9
0,-1,15,0,9
0,-1,16,0,9
0,-1,16,0,9
0,-1,17,0,8
0,-1,18,0,8
1,4.0,18,0,8
0,-1,22,0,24
0,-1,31,0,24
0,-1,31,0,24
0,-1,64,0,68
0,-1,65,0,68
0,-1,65,0,68
0,-1,68,4,91
0,-1,72,10,91
0,-1,72,10,91
0,-1,50,0,58
0,-1,48,0,58
0,-1,48,0,58
0,-1,36,0,34
0,-1,31,0,34
0,-1,8,0,34
0,-1,23,0,18
0,-1,22,0,18
0,-1,0,0,18
0,-1,18,0,12
0,-1,16,0,12
0,-1,16,0,12
0,-1,16,0,12
0,-1,13,0,12
0,-1,3,0,12
0,-1,3,0,12
0,-1,10,0,12
0,-1,0,0,12
0,-1,11,0,9
0,-1,10,0,9
0,-1,10,0,9
0,-1,10,0,7
0,-1,10,0,7
0,-1,1,0,7
0,-1,13,0,7
0,-1,15,0,7
0,-1,15,0,7
0,-1,16,0,7
0,-1,17,0,7
0,-1,18,0,10
0,-1,18,0,10
0,-1,19,0,10
1,4.0,19,0,10
0,-1,26,0,32
0,-1,25,0,32
0,-1,25,0,32
0,-1,60,0,58
0,-1,67,0,58
0,-1,67,0,58
0,-1,66,0,62
0,-1,66,0,62
0,-1,66,0,62
0,-1,55,0,46
0,-1,47,0,46
0,-1,0,0,46
0,-1,32,0,24
0,-1,28,0,24
0,-1,28,0,24
0,-1,20,0,14
0,-1,18,0,14
0,-1,9,0,14
0,-1,9,0,14
0,-1,16,0,14
0,-1,0,0,14
0,-1,16,0,15
0,-1,14,0,15
0,-1,14,0,15
0,-1,14,0,15
0,-1,15,0,15
0,-1,15,0,15
0,-1,15,0,15
0,-1,14,0,15
0,-1,0,0,15
0,-1,16,0,14
0,-1,16,0,14
0,-1,6,0,14
0,-1,6,0,14
0,-1,20,0,14
0,-1,20,0,14
0,-1,17,0,13
0,-1,21,0,13
0,-1,0,0,13
0,-1,25,0,13
0,-1,7,0,13
0,-1,6,0,13
0,-1,23,0,20
0,-1,23,0,20
0,-1,23,0,20
1,4.0,25,0,41
0,-1,23,0,41
0,-1,23,0,41
0,-1,37,0,64
0,-1,39,0,64
0,-1,4,0,64
0,-1,57,0,82
0,-1,56,0,82
0,-1,56,0,82
0,-1,41,0,63
0,-1,39,0,63
0,-1,39,0,63
0,-1,28,0,45
0,-1,30,0,45
0,-1,9,0,45
0,-1,9,0,45
0,-1,21,0,27
0,-1,21,0,27
0,-1,21,0,17
0,-1,22,0,17
0,-1,22,0,17
0,-1,22,0,17
0,-1,19,0,17
0,-1,8,0,17
0,-1,18,0,12
0,-1,21,0,12
0,-1,0,0,12
0,-1,20,0,12
0,-1,20,0,12
0,-1,20,0,12
0,-1,20,0,12
0,-1,23,0,9
0,-1,22,0,9
0,-1,22,0,9
0,-1,22,0,9
0,-1,0,0,9
0,-1,22,0,10
0,-1,24,0,10
0,-1,24,0,10
0,-1,24,0,10
0,-1,22,0,8
0,-1,23,0,8
0,-1,23,0,8
0,-1,23,0,17
0,-1,25,0,17
1,4.0,0,0,17
0,-1,30,0,29
0,-1,32,0,29
0,-1,32,0,29
0,-1,32,0,29
0,-1,47,0,91
0,-1,55,0,91
0,-1,55,0,91
0,-1,46,0,68
0,-1,39,0,68
0,-1,0,0,68
0,-1,28,0,43
0,-1,30,0,43
0,-1,30,0,43
0,-1,30,0,43
0,-1,22,0,43
0,-1,22,0,43
0,-1,17,0,18
0,-1,19,0,18
0,-1,0,0,18
0,-1,23,0,14
0,-1,22,0,14
0,-1,0,0,14
0,-1,20,0,12
0,-1,19,0,12
0,-1,19,0,12
0,-1,23,0,17
0,-1,21,0,17
0,-1,0,0,17
0,-1,23,0,13
0,-1,22,0,13
0,-1,0,0,13
0,-1,0,0,13
0,-1,19,0,11
0,-1,24,0,11
0,-1,24,0,11
0,-1,20,0,17
0,-1,24,0,17
0,-1,24,0,17
0,-1,25,0,12
0,-1,25,0,12
0,-1,25,0,12
0,-1,29,0,16
0,-1,30,0,16
0,-1,0,0,16
0,-1,33,0,19
0,-1,34,0,19
1,4.0,34,0,19
0,-1,28,0,30
0,-1,35,0,30
0,-1,35,0,30
0,-1,38,0,83
0,-1,51,0,83
0,-1,0,0,83
0,-1,56,0,102
0,-1,57,0,92
0,-1,53,0,92
0,-1,53,0,92
0,-1,35,0,50
0,-1,34,0,50
0,-1,34,0,50
0,-1,23,0,35
0,-1,22,0,35
0,-1,22,0,35
0,-1,17,0,35
0,-1,5,0,35
0,-1,5,0,35
0,-1,15,0,16
0,-1,15,0,16
0,-1,15,0,16
0,-1,13,0,12
0,-1,12,0,12
0,-1,0,0,12
0,-1,14,0,14
0,-1,14,0,14
0,-1,14,0,14
0,-1,13,0,13
0,-1,14,0,13
0,-1,14,0,13
0,-1,18,0,9
0,-1,19,0,9
0,-1,20,0,14
0,-1,22,0,14
0,-1,3,0,14
0,-1,3,0,14
0,-1,19,0,9
0,-1,21,0,9
0,-1,21,0,9
0,-1,23,0,9
0,-1,23,0,9
0,-1,0,0,9
0,-1,27,0,18
1,4.0,26,0,18
0,-1,26,0,18
0,-1,33,0,47
0,-1,47,0,47
0,-1,47,0,47
0,-1,55,0,70
0,-1,57,0,70
0,-1,0,0,70
0,-1,56,0,100
0,-1,57,0,100
0,-1,0,0,100
0,-1,0,0,100
0,-1,38,0,62
0,-1,36,0,62
0,-1,36,0,62
0,-1,23,0,62
0,-1,23,0,62
0,-1,16,0,23
0,-1,15,0,23
0,-1,4,0,23
0,-1,4,0,23
0,-1,16,0,23
0,-1,15,0,23
0,-1,15,0,23
0,-1,14,0,23
0,-1,14,0,23
0,-1,16,0,13
0,-1,15,0,13
0,-1,6,0,13
0,-1,6,0,13
0,-1,15,0,13
0,-1,15,0,13
0,-1,17,0,13
0,-1,18,0,8
0,-1,19,0,7
0,-1,20,0,7
0,-1,20,0,7
0,-1,18,0,9
0,-1,20,0,9
0,-1,20,0,9
0,-1,20,0,9
0,-1,18,0,9
0,-1,18,0,9
0,-1,22,0,25
0,-1,27,0,25
1,4.0,6,0,25
0,-1,6,0,25
0,-1,24,0,25
0,-1,24,0,25
0,-1,24,0,25
0,-1,48,0,25
0,-1,48,0,25
0,-1,46,0,81
0,-1,49,0,81
0,-1,4,0,81
0,-1,0,0,81
0,-1,34,0,51
0,-1,34,0,45
0,-1,29,0,45
0,-1,29,0,45
0,-1,21,0,26
0,-1,20,0,26
0,-1,16,0,31
0,-1,14,0,31
0,-1,5,0,31
0,-1,5,0,31
0,-1,13,0,19
0,-1,17,0,19
0,-1,17,0,19
0,-1,15,0,15
0,-1,16,0,15
0,-1,0,0,15
0,-1,15,0,10
0,-1,14,0,10
0,-1,14,0,10
0,-1,14,0,11
0,-1,16,0,11
0,-1,16,0,11
0,-1,16,0,10
0,-1,15,0,10
0,-1,0,0,10
0,-1,0,0,10
0,-1,18,0,10
0,-1,8,0,10
0,-1,8,0,10
0,-1,20,0,11
0,-1,20,0,11
0,-1,20,0,11
0,-1,23,0,21
1,4.0,25,0,21
0,-1,0,0,21
0,-1,21,0,28
0,-1,21,0,28
0,-1,5,0,28
0,-1,5,0,28
0,-1,35,0,57
0,-1,50,0,57
0,-1,50,0,57
0,-1,54,0,79
0,-1,49,0,79
0,-1,49,0,79
0,-1,55,0,71
0,-1,49,0,71
0,-1,5,0,71
0,-1,5,0,71
0,-1,29,0,71
0,-1,0,0,71
0,-1,20,0,33
0,-1,17,0,33
0,-1,17,0,33
0,-1,10,0,20
0,-1,9,0,20
0,-1,9,0,20
0,-1,6,0,16
0,-1,6,0,16
0,-1,6,0,16
0,-1,4,0,11
0,-1,4,0,11
0,-1,0,0,11
0,-1,6,0,10
0,-1,7,0,10
0,-1,8,0,9
0,-1,9,0,8
0,-1,9,0,8
0,-1,9,0,8
0,-1,15,0,9
0,-1,16,0,9
0,-1,0,0,9
0,-1,18,0,10
0,-1,21,0,10
0,-1,1,0,10
0,-1,1,0,10
1,4.0,29,0,28
0,-1,31,0,28
0,-1,31,0,28
0,-1,43,2,73
0,-1,40,6,73
0,-1,40,6,73
0,-1,62,9,128
0,-1,61,6,128
0,-1,1,4,128
0,-1,1,4,128
0,-1,43,0,76
0,-1,40,0,76
0,-1,40,0,76
0,-1,33,0,43
0,-1,28,0,43
0,-1,0,0,43
0,-1,19,0,29
0,-1,19,0,29
0,-1,7,0,29
0,-1,7,0,29
0,-1,7,0,29
0,-1,15,0,17
0,-1,13,0,17
0,-1,13,0,17
0,-1,10,0,21
0,-1,10,0,21
0,-1,0,0,21
0,-1,9,0,15
0,-1,9,0,15
0,-1,9,0,15
0,-1,9,0,15
0,-1,11,0,10
0,-1,15,0,10
0,-1,15,0,10
0,-1,15,0,10
0,-1,0,0,10
0,-1,21,0,12
0,-1,21,0,12
0,-1,2,0,12
0,-1,2,0,12
0,-1,24,0,8
0,-1,25,0,7
0,-1,23,0,7
0,-1,23,0,7
0,-1,24,0,8
0,-1,23,0,8
0,-1,0,0,8
0,-1,21,0,8
0,-1,21,0,8
0,-1,21,0,8
0,-1,20,0,9
0,-1,20,0,9
0,-1,1,0,9
0,-1,18,0,9
0,-1,19,0,9
0,-1,0,0,9
0,-1,15,0,8
0,-1,13,0,8
0,-1,13,0,8
0,-1,11,0,8
0,-1,11,0,8
0,-1,1,0,8
0,-1,1,0,8
0,-1,14,0,8
0,-1,0,0,8
0,-1,13,0,19
0,-1,12,0,19
0,-1,12,0,19
0,-1,0,0,19
0,-1,14,0,19
0,-1,3,0,19
0,-1,3,0,19
0,-1,15,0,14
0,-1,17,0,14
0,-1,17,0,14
0,-1,17,0,14
0,-1,21,0,14
0,-1,21,0,14
0,-1,22,0,10
0,-1,22,0,10
0,-1,3,0,10
0,-1,3,0,10
0,-1,29,0,11
0,-1,30,0,11
0,-1,30,0,11
0,-1,25,0,14
0,-1,28,0,14
0,-1,0,0,14
0,-1,27,0,10
0,-1,27,0,10
0,-1,27,0,10
0,-1,21,0,9
0,-1,20,0,8
0,-1,19,0,8
0,-1,18,0,6
0,-1,17,0,9
0,-1,18,0,9
0,-1,18,0,9
0,-1,16,0,9
0,-1,16,0,9
0,-1,16,0,9
0,-1,16,0,12
0,-1,17,0,12
0,-1,17,0,12
0,-1,22,0,12
0,-1,0,0,12
0,-1,20,0,13
0,-1,21,0,13
1,5.0,21,0,13
0,-1,21,0,13
0,-1,24,0,17
0,-1,26,0,17
0,-1,26,0,17
0,-1,47,0,26
0,-1,51,2,26
0,-1,14,2,26
0,-1,14,2,26
0,-1,81,38,26
0,-1,0,32,26
0,-1,0,32,26
0,-1,103,38,65
0,-1,100,39,65
0,-1,34,39,65
0,-1,34,39,65
0,-1,73,10,65
0,-1,73,10,65
0,-1,47,11,26
0,-1,41,4,26
0,-1,41,4,26
0,-1,41,4,26
0,-1,30,0,26
0,-1,0,0,26
0,-1,23,0,14
0,-1,27,0,14
0,-1,27,0,14
0,-1,20,0,10
0,-1,20,0,10
0,-1,8,0,10
0,-1,17,0,11
0,-1,15,0,11
0,-1,0,0,11
0,-1,11,0,8
0,-1,12,0,8
0,-1,12,0,8
0,-1,13,0,7
0,-1,13,0,7
0,-1,1,0,7
0,-1,18,0,8
0,-1,18,0,8
0,-1,0,0,8
0,-1,17,0,9
0,-1,18,0,9
1,5.0,18,0,9
0,-1,26,0,6
0,-1,25,0,6
0,-1,9,0,6
0,-1,9,0,6
0,-1,56,15,37
0,-1,104,45,37
0,-1,104,45,37
0,-1,104,45,37
0,-1,0,61,37
0,-1,8,53,37
0,-1,91,39,45
0,-1,77,25,45
0,-1,5,25,45
0,-1,44,6,27
0,-1,36,3,27
0,-1,0,3,27
0,-1,25,0,16
0,-1,22,0,16
0,-1,22,0,16
0,-1,15,0,14
0,-1,16,0,14
0,-1,16,0,14
0,-1,10,0,10
0,-1,11,0,10
0,-1,0,0,10
0,-1,12,0,7
0,-1,12,0,7
0,-1,12,0,7
0,-1,16,0,8
0,-1,16,0,8
0,-1,16,0,8
0,-1,14,0,8
0,-1,14,0,8
0,-1,0,0,8
0,-1,13,0,9
0,-1,16,0,9
0,-1,16,0,9
0,-1,17,0,8
0,-1,21,0,8
0,-1,21,0,8
0,-1,21,0,6
0,-1,22,0,6
0,-1,0,0,6
0,-1,24,0,6
1,5.0,8,0,6
0,-1,8,0,6
0,-1,49,0,22
0,-1,64,0,22
0,-1,64,0,22
0,-1,127,28,65
0,-1,129,33,65
0,-1,129,33,65
0,-1,137,39,72
0,-1,122,35,72
0,-1,3,35,72
0,-1,72,6,51
0,-1,58,1,51
0,-1,0,1,51
0,-1,34,0,25
0,-1,28,0,25
0,-1,28,0,25
0,-1,20,0,15
0,-1,17,0,15
0,-1,17,0,15
0,-1,17,0,11
0,-1,18,0,11
0,-1,0,0,11
0,-1,12,0,9
0,-1,12,0,9
0,-1,12,0,9
0,-1,15,0,7
0,-1,16,0,6
0,-1,14,0,6
0,-1,14,0,5
0,-1,13,0,5
0,-1,0,0,5
0,-1,15,0,6
0,-1,14,0,6
0,-1,14,0,6
0,-1,18,0,8
0,-1,17,0,8
0,-1,17,0,8
0,-1,21,0,7
0,-1,20,0,7
0,-1,0,0,7
0,-1,20,0,8
0,-1,22,0,8
0,-1,22,0,8
1,5.0,30,0,21
0,-1,36,0,21
0,-1,36,0,21
0,-1,56,39,29
0,-1,77,51,29
0,-1,55,51,29
0,-1,108,59,65
0,-1,115,78,65
0,-1,3,82,65
0,-1,3,82,65
0,-1,99,101,73
0,-1,92,93,73
0,-1,4,93,73
0,-1,52,38,73
0,-1,52,38,73
0,-1,52,38,73
0,-1,24,4,73
0,-1,9,0,73
0,-1,9,0,73
0,-1,11,0,73
0,-1,11,0,73
0,-1,6,0,9
0,-1,7,0,9
0,-1,0,0,9
0,-1,8,0,9
0,-1,8,0,9
0,-1,8,0,9
0,-1,7,0,6
0,-1,6,0,5
0,-1,7,0,5
0,-1,8,0,5
0,-1,9,0,5
0,-1,0,0,5
0,-1,15,0,5
0,-1,15,0,5
0,-1,15,0,5
0,-1,19,0,7
0,-1,16,0,7
0,-1,16,0,7
0,-1,22,0,7
0,-1,22,0,7
0,-1,0,0,7
0,-1,20,0,7
0,-1,3,0,7
0,-1,3,0,7
1,5.0,25,0,12
0,-1,28,0,12
0,-1,28,0,12
0,-1,56,15,16
0,-1,79,37,16
0,-1,79,37,16
0,-1,99,99,16
0,-1,1,84,16
0,-1,1,84,16
0,-1,66,61,39
0,-1,56,46,39
0,-1,3,266,39
0,-1,40,23,25
0,-1,35,13,25
0,-1,35,13,25
0,-1,35,13,25
0,-1,23,0,13
0,-1,22,0,13
0,-1,22,0,13
0,-1,20,0,13
0,-1,0,0,13
0,-1,16,0,6
0,-1,13,0,6
0,-1,13,0,6
0,-1,11,0,8
0,-1,10,0,8
0,-1,10,0,8
0,-1,14,0,5
0,-1,13,0,5
0,-1,0,0,5
0,-1,12,0,5
0,-1,1,0,5
0,-1,1,0,5
0,-1,15,0,5
0,-1,14,0,5
0,-1,14,0,5
0,-1,12,0,5
0,-1,14,0,5
0,-1,0,0,5
0,-1,16,0,6
0,-1,16,0,6
0,-1,16,0,6
0,-1,13,0,5
0,-1,14,0,5
0,-1,6,0,5
0,-1,16,0,4
0,-1,14,0,4
0,-1,14,0,4
0,-1,14,0,4
1,5.0,17,0,4
0,-1,17,0,4
0,-1,25,0,6
0,-1,24,0,6
0,-1,7,0,6
0,-1,7,0,6
0,-1,65,33,39
0,-1,77,68,39
0,-1,97,81,59
0,-1,90,75,59
0,-1,90,75,59
0,-1,73,75,59
0,-1,59,43,29
0,-1,49,30,29
0,-1,49,30,29
0,-1,30,5,13
0,-1,28,0,13
0,-1,0,0,13
0,-1,23,0,10
0,-1,22,0,10
0,-1,22,0,10
0,-1,17,0,8
0,-1,18,0,8
0,-1,18,0,8
0,-1,16,0,5
0,-1,14,0,5
0,-1,14,0,5
0,-1,16,0,6
0,-1,15,0,6
0,-1,15,0,6
0,-1,16,0,6
0,-1,116,0,6
0,-1,7,0,6
0,-1,7,0,6
0,-1,14,0,4
0,-1,15,0,4
0,-1,15,0,4
0,-1,14,0,4
0,-1,14,0,4
0,-1,0,0,4
0,-1,20,0,4
0,-1,1,0,4
0,-1,1,0,4
0,-1,21,0,8
0,-1,20,0,8
0,-1,20,0,8
1,5.0,22,0,12
0,-1,25,0,12
0,-1,63,0,21
0,-1,76,0,21
0,-1,2,0,21
0,-1,2,0,21
0,-1,109,59,49
0,-1,115,57,49
0,-1,52,57,49
0,-1,84,54,38
0,-1,74,48,38
0,-1,74,48,38
0,-1,47,11,21
0,-1,41,6,21
0,-1,41,6,21
0,-1,32,0,13
0,-1,28,0,13
0,-1,0,0,13
0,-1,18,0,12
0,-1,15,0,12
0,-1,15,0,12
0,-1,17,0,10
0,-1,13,0,10
0,-1,13,0,10
0,-1,12,0,8
0,-1,15,0,8
0,-1,0,0,8
0,-1,9,0,6
0,-1,9,0,6
0,-1,11,0,5
0,-1,12,0,7
0,-1,13,0,7
0,-1,13,0,7
0,-1,20,0,8
0,-1,18,0,8
0,-1,0,0,8
0,-1,22,0,7
0,-1,23,0,7
0,-1,23,0,7
0,-1,21,0,7
0,-1,20,0,8
0,-1,18,0,8
0,-1,18,0,8
0,-1,23,0,7
1,5.0,27,0,7
0,-1,27,0,7
0,-1,33,0,12
0,-1,35,0,12
0,-1,35,0,12
0,-1,81,47,47
0,-1,93,54,47
0,-1,93,54,47
0,-1,101,62,43
0,-1,90,58,43
0,-1,48,58,43
0,-1,48,58,43
0,-1,45,15,43
0,-1,8,11,43
0,-1,27,2,18
0,-1,26,0,18
0,-1,26,0,18
0,-1,24,0,16
0,-1,20,0,16
0,-1,20,0,16
0,-1,15,0,10
0,-1,14,0,10
0,-1,3,0,10
0,-1,13,0,8
0,-1,11,0,8
0,-1,11,0,8
0,-1,15,0,7
0,-1,15,0,7
0,-1,0,0,7
0,-1,20,0,6
0,-1,19,0,6
0,-1,19,0,6
0,-1,16,0,5
0,-1,15,0,5
0,-1,15,0,5
0,-1,19,0,4
0,-1,17,0,4
0,-1,18,0,4
0,-1,16,0,4
0,-1,6,0,4
0,-1,21,0,7
0,-1,23,0,12
0,-1,26,0,12
1,5.0,33,0,23
0,-1,38,0,23
0,-1,38,0,23
0,-1,38,0,23
0,-1,91,66,23
0,-1,11,73,23
0,-1,6,73,23
0,-1,93,60,44
0,-1,77,53,44
0,-1,39,53,44
0,-1,45,17,44
0,-1,9,11,44
0,-1,9,11,44
0,-1,27,0,14
0,-1,24,0,14
0,-1,24,0,14
0,-1,17,0,9
0,-1,18,0,9
0,-1,0,0,9
0,-1,15,0,8
0,-1,14,0,8
0,-1,14,0,8
0,-1,17,0,7
0,-1,16,0,7
0,-1,16,0,7
0,-1,13,0,6
0,-1,14,0,6
0,-1,0,0,6
0,-1,20,0,6
0,-1,17,0,6
0,-1,15,0,6
0,-1,18,0,6
0,-1,20,0,6
0,-1,20,0,6
0,-1,20,0,6
0,-1,22,0,6
0,-1,20,0,6
0,-1,19,0,6
0,-1,19,0,6
0,-1,23,0,7
0,-1,24,0,7
0,-1,4,0,7
0,-1,27,0,13
1,5.0,34,0,13
0,-1,0,0,13
0,-1,48,0,23
0,-1,50,0,23
0,-1,50,0,23
0,-1,50,0,23
0,-1,96,24,23
0,-1,29,24,23
0,-1,110,48,56
0,-1,94,40,56
0,-1,94,40,56
0,-1,94,40,56
0,-1,56,1,56
0,-1,9,0,56
0,-1,37,0,20
0,-1,32,0,20
0,-1,0,0,20
0,-1,19,0,11
0,-1,22,0,11
0,-1,22,0,11
0,-1,16,0,11
0,-1,17,0,11
0,-1,17,0,11
0,-1,17,0,11
0,-1,20,0,11
0,-1,0,0,11
0,-1,20,0,7
0,-1,24,0,7
0,-1,24,0,7
0,-1,20,0,7
0,-1,21,0,7
0,-1,21,0,7
0,-1,19,0,7
0,-1,20,0,7
0,-1,20,0,7
0,-1,22,0,5
0,-1,23,0,5
0,-1,23,0,5
0,-1,28,0,6
0,-1,27,0,6
0,-1,27,0,6
0,-1,29,0,9
1,5.0,28,0,9
0,-1,28,0,9
0,-1,50,0,25
0,-1,57,0,25
0,-1,57,0,25
0,-1,90,0,41
0,-1,98,0,41
0,-1,98,0,41
0,-1,117,19,59
0,-1,107,26,59
0,-1,20,26,59
0,-1,77,4,33
0,-1,71,0,33
0,-1,71,0,33
0,-1,71,0,33
0,-1,36,0,15
0,-1,32,0,15
0,-1,25,0,11
0,-1,24,0,11
0,-1,0,0,11
0,-1,20,0,12
0,-1,18,0,12
0,-1,1,0,12
0,-1,1,0,12
0,-1,21,0,8
0,-1,19,0,8
0,-1,19,0,8
0,-1,19,0,8
0,-1,0,0,8
0,-1,21,0,6
0,-1,24,0,6
0,-1,24,0,6
0,-1,21,0,7
0,-1,21,0,7
0,-1,22,0,7
0,-1,18,0,6
0,-1,18,0,6
0,-1,0,0,6
0,-1,24,0,7
0,-1,21,0,7
0,-1,21,0,7
0,-1,23,0,6
0,-1,27,0,6
0,-1,27,0,6
0,-1,25,0,8
0,-1,26,0,8
0,-1,0,0,8
0,-1,23,0,13
0,-1,29,0,13
1,5.0,29,0,13
0,-1,24,0,13
0,-1,23,0,13
0,-1,2,0,13
0,-1,2,0,13
0,-1,29,0,22
0,-1,28,0,22
0,-1,28,0,22
0,-1,28,0,22
0,-1,56,0,22
0,-1,56,0,22
0,-1,56,0,22
0,-1,107,40,52
0,-1,103,58,52
0,-1,103,58,52
0,-1,79,54,42
0,-1,67,40,42
0,-1,27,40,42
0,-1,41,7,24
0,-1,38,2,24
0,-1,3,0,24
0,-1,3,0,24
0,-1,29,0,24
0,-1,29,0,24
0,-1,22,0,10
0,-1,26,0,10
0,-1,0,0,10
0,-1,24,0,9
0,-1,24,0,9
0,-1,4,0,9
0,-1,17,0,8
0,-1,20,0,8
0,-1,20,0,8
0,-1,19,0,7
0,-1,20,0,7
0,-1,0,0,7
0,-1,19,0,7
0,-1,18,0,7
0,-1,18,0,7
0,-1,19,0,7
0,-1,19,0,7
0,-1,21,0,7
0,-1,21,0,8
0,-1,21,0,8
0,-1,0,0,8
1,5.0,28,0,7
0,-1,26,0,7
0,-1,26,0,7
0,-1,28,0,7
0,-1,26,0,7
0,-1,7,0,7
0,-1,7,0,7
0,-1,37,37,7
0,-1,59,37,7
0,-1,69,50,76
0,-1,91,51,76
0,-1,91,51,76
0,-1,91,51,76
0,-1,65,59,43
0,-1,56,42,43
0,-1,1,42,43
0,-1,37,16,27
0,-1,32,13,27
0,-1,4,13,27
0,-1,24,0,16
0,-1,23,0,16
0,-1,23,0,16
0,-1,16,0,12
0,-1,15,0,12
0,-1,15,0,12
0,-1,16,0,11
0,-1,14,0,11
0,-1,0,0,11
0,-1,14,0,11
0,-1,13,0,11
0,-1,2,0,11
0,-1,2,0,11
0,-1,17,0,9
0,-1,18,0,9
0,-1,17,0,9
0,-1,16,0,9
0,-1,0,0,9
0,-1,22,0,8
0,-1,20,0,8
0,-1,4,0,8
0,-1,28,7,10
0,-1,27,6,10
0,-1,1,6,10
1,5.0,32,12,7
0,-1,33,12,7
0,-1,9,12,7
0,-1,35,10,26
0,-1,41,9,26
0,-1,3,10,26
0,-1,3,10,26
0,-1,94,79,65
0,-1,96,67,65
0,-1,0,67,65
0,-1,0,67,65
0,-1,84,75,65
0,-1,84,75,65
0,-1,84,75,65
0,-1,47,33,65
0,-1,47,33,65
0,-1,27,14,23
0,-1,24,12,23
0,-1,8,12,23
0,-1,15,0,20
0,-1,15,0,20
0,-1,15,0,20
0,-1,15,0,20
0,-1,11,0,20
0,-1,11,0,20
0,-1,10,0,13
0,-1,11,0,13
0,-1,0,0,13
0,-1,13,0,9
0,-1,12,0,9
0,-1,12,0,9
0,-1,12,0,9
0,-1,15,0,8
0,-1,15,0,8
0,-1,23,0,9
0,-1,24,0,9
0,-1,0,0,9
0,-1,27,0,7
0,-1,28,0,7
0,-1,28,0,7
0,-1,32,0,7
0,-1,32,0,7
0,-1,32,0,7
0,-1,32,0,7
0,-1,33,0,7
0,-1,0,0,7
0,-1,33,0,13
0,-1,33,0,13
0,-1,33,0,13
0,-1,33,0,13
1,5.0,30,0,17
0,-1,29,0,17
0,-1,29,0,17
0,-1,36,0,28
0,-1,35,0,28
0,-1,0,0,28
0,-1,93,53,43
0,-1,108,77,43
0,-1,0,77,43
0,-1,0,77,43
0,-1,105,54,35
0,-1,95,40,35
0,-1,68,17,23
0,-1,56,8,23
0,-1,56,8,23
0,-1,4,8,23
0,-1,29,0,23
0,-1,5,0,23
0,-1,5,0,23
0,-1,21,0,23
0,-1,0,0,23
0,-1,19,0,10
0,-1,17,0,10
0,-1,17,0,10
0,-1,18,0,9
0,-1,19,0,9
0,-1,7,0,9
0,-1,7,0,9
0,-1,16,0,10
0,-1,15,0,10
0,-1,14,0,10
0,-1,14,0,10
0,-1,14,0,10
0,-1,14,0,10
0,-1,16,0,8
0,-1,18,0,8
0,-1,18,0,8
0,-1,17,0,8
0,-1,17,0,8
0,-1,17,0,8
0,-1,16,0,8
0,-1,13,0,8
0,-1,0,0,8
0,-1,15,0,8
0,-1,13,0,8
0,-1,2,0,8
0,-1,10,0,8
0,-1,9,0,8
0,-1,7,0,8
0,-1,8,0,8
0,-1,7,0,8
0,-1,7,0,8
0,-1,7,0,8
0,-1,4,0,8
0,-1,0,0,8
0,-1,3,0,9
0,-1,1,0,9
0,-1,1,0,9
0,-1,0,0,13
0,-1,0,0,12
0,-1,2,0,12
0,-1,5,0,12
0,-1,6,0,12
0,-1,6,0,12
0,-1,0,0,12
0,-1,16,0,17
