0,-1,0,62,24
0,-1,0,62,24
0,-1,0,62,24
0,-1,0,62,24
0,-1,0,61,24
0,-1,0,61,24
0,-1,0,60,24
0,-1,65,60,24
0,-1,0,60,23
0,-1,0,56,23
0,-1,0,56,23
0,-1,0,56,23
0,-1,0,56,24
0,-1,0,56,24
0,-1,0,56,24
0,-1,0,59,24
0,-1,54,59,24
0,-1,0,64,24
0,-1,0,59,24
0,-1,0,59,24
0,-1,0,59,24
0,-1,0,64,25
0,-1,0,60,25
0,-1,0,60,25
0,-1,0,63,25
0,-1,0,63,25
0,-1,61,63,25
0,-1,60,63,25
0,-1,0,59,24
0,-1,0,64,24
0,-1,0,64,24
0,-1,0,64,24
0,-1,0,60,24
0,-1,0,60,24
0,-1,0,56,23
0,-1,0,57,23
0,-1,63,57,23
0,-1,0,60,25
0,-1,0,54,25
0,-1,0,54,25
0,-1,0,54,25
0,-1,0,60,25
0,-1,0,56,25
0,-1,0,56,25
0,-1,0,60,25
0,-1,56,60,25
0,-1,0,63,26
0,-1,0,61,26
0,-1,0,54,26
0,-1,59,54,26
0,-1,59,54,26
0,-1,0,58,25
0,-1,0,55,25
0,-1,0,55,25
0,-1,0,58,24
0,-1,0,55,24
0,-1,0,55,24
0,-1,0,63,24
0,-1,0,61,24
0,-1,0,61,24
0,-1,60,61,24
0,-1,54,61,24
0,-1,54,61,24
0,-1,0,64,25
0,-1,0,58,25
0,-1,0,58,25
0,-1,0,62,24
0,-1,0,63,24
0,-1,9,63,24
0,-1,0,58,24
0,-1,0,58,24
0,-1,60,58,24
0,-1,0,54,29
0,-1,0,60,29
0,-1,0,60,29
0,-1,0,59,26
0,-1,0,56,26
0,-1,2,56,26
0,-1,0,60,26
0,-1,0,57,26
0,-1,0,57,26
0,-1,0,57,26
0,-1,0,62,26
0,-1,0,62,26
0,-1,0,63,35
0,-1,0,57,35
0,-1,7,57,35
0,-1,0,59,36
0,-1,0,59,36
0,-1,0,59,36
0,-1,0,59,36
0,-1,2,57,36
0,-1,2,57,36
0,-1,2,57,36
0,-1,6,47,36
0,-1,51,47,36
0,-1,51,47,36
0,-1,8,51,41
0,-1,7,49,41
0,-1,7,49,41
0,-1,5,51,39
0,-1,3,46,39
0,-1,3,46,39
0,-1,1,50,39
0,-1,50,50,39
0,-1,50,50,39
0,-1,0,54,36
0,-1,0,50,36
0,-1,0,50,36
0,-1,0,53,32
0,-1,0,54,32
0,-1,2,54,32
0,-1,0,51,32
0,-1,0,51,32
0,-1,0,51,32
0,-1,0,48,28
0,-1,0,52,28
0,-1,0,52,28
0,-1,0,52,28
0,-1,0,48,28
0,-1,4,48,28
0,-1,0,52,27
0,-1,0,48,27
0,-1,50,48,27
0,-1,50,48,27
0,-1,0,53,28
0,-1,0,47,28
0,-1,0,47,28
0,-1,0,52,28
0,-1,0,51,28
0,-1,0,51,28
0,-1,0,55,30
0,-1,0,53,30
0,-1,50,2,30
0,-1,50,2,30
0,-1,0,57,33
0,-1,0,53,33
0,-1,0,53,33
0,-1,0,52,32
0,-1,0,56,32
0,-1,1,56,32
0,-1,0,49,27
0,-1,0,55,27
0,-1,0,55,27
0,-1,0,55,27
0,-1,0,48,28
0,-1,0,51,28
1,1.0,0,51,28
0,-1,55,51,28
0,-1,55,51,28
0,-1,5,61,140
0,-1,11,53,140
0,-1,11,53,140
0,-1,28,59,140
0,-1,28,59,140
0,-1,56,59,140
0,-1,35,60,500
0,-1,33,62,500
0,-1,33,62,500
0,-1,27,55,646
0,-1,31,54,646
0,-1,62,54,646
0,-1,62,54,646
0,-1,36,53,646
0,-1,3,58,646
0,-1,3,58,646
0,-1,24,56,473
0,-1,20,52,473
0,-1,20,52,473
0,-1,20,52,473
0,-1,53,52,473
0,-1,52,52,473
0,-1,2,56,111
0,-1,1,53,111
0,-1,1,53,111
0,-1,0,56,65
0,-1,0,53,65
0,-1,2,53,65
0,-1,0,54,42
0,-1,0,57,42
0,-1,54,57,42
0,-1,54,57,42
0,-1,0,56,42
0,-1,0,56,42
0,-1,0,56,42
0,-1,0,52,42
0,-1,8,52,42
0,-1,0,55,31
0,-1,0,50,31
0,-1,55,50,31
0,-1,55,50,31
0,-1,0,51,29
0,-1,0,51,29
0,-1,0,51,29
0,-1,0,55,29
0,-1,9,55,29
0,-1,0,58,33
0,-1,0,53,33
0,-1,0,53,33
0,-1,0,53,33
0,-1,0,58,30
0,-1,0,53,30
0,-1,0,51,28
0,-1,0,56,28
0,-1,5,56,28
0,-1,0,48,27
0,-1,0,53,27
0,-1,0,53,27
0,-1,0,53,27
0,-1,0,49,26
0,-1,0,55,26
0,-1,0,55,26
0,-1,0,52,28
0,-1,0,52,28
0,-1,7,52,28
0,-1,0,54,28
0,-1,0,54,28
0,-1,0,54,28
0,-1,0,54,30
0,-1,0,54,30
0,-1,0,54,30
0,-1,0,54,30
0,-1,0,53,30
0,-1,1,53,30
0,-1,0,56,38
0,-1,0,54,38
1,1.0,0,54,38
0,-1,0,54,38
0,-1,0,57,114
0,-1,2,55,114
0,-1,2,55,114
0,-1,12,55,114
0,-1,12,55,114
0,-1,62,55,114
0,-1,25,58,513
0,-1,24,63,513
0,-1,24,63,513
0,-1,22,52,472
0,-1,22,56,472
0,-1,61,56,472
0,-1,61,56,472
0,-1,16,51,472
0,-1,5,55,472
0,-1,5,55,472
0,-1,9,56,301
0,-1,6,52,301
0,-1,6,52,301
0,-1,5,55,269
0,-1,3,5,55
0,-1,54,5,55
0,-1,54,5,55
0,-1,5,58,293
0,-1,6,55,293
0,-1,6,55,293
0,-1,3,58,266
0,-1,3,56,266
0,-1,5,56,266
0,-1,5,56,266
0,-1,5,56,266
0,-1,5,56,266
0,-1,0,50,78
0,-1,0,57,78
0,-1,0,57,78
0,-1,0,52,51
0,-1,0,52,51
0,-1,57,52,51
0,-1,0,54,43
0,-1,0,48,43
0,-1,0,48,43
0,-1,0,53,35
0,-1,0,53,35
0,-1,0,53,35
0,-1,0,56,34
0,-1,0,53,34
0,-1,50,53,34
0,-1,0,57,32
0,-1,0,56,32
0,-1,0,56,32
0,-1,0,56,32
0,-1,0,55,30
0,-1,0,59,30
0,-1,3,59,30
0,-1,0,50,29
0,-1,0,56,29
0,-1,57,56,29
0,-1,0,51,31
0,-1,0,52,31
0,-1,0,52,31
0,-1,0,52,31
0,-1,0,52,31
0,-1,0,48,29
0,-1,0,54,29
0,-1,0,53,31
0,-1,0,54,31
0,-1,51,54,31
0,-1,51,54,31
0,-1,0,55,30
0,-1,0,52,30
0,-1,0,52,30
0,-1,0,56,31
0,-1,0,56,31
0,-1,0,54,30
0,-1,0,58,30
0,-1,0,58,30
0,-1,0,58,30
0,-1,0,55,30
0,-1,0,56,30
0,-1,0,56,30
0,-1,0,51,30
0,-1,6,51,30
0,-1,0,54,32
0,-1,0,48,32
0,-1,0,48,32
0,-1,0,48,32
0,-1,0,53,30
0,-1,0,50,30
0,-1,0,50,30
1,1.0,0,55,51
0,-1,0,52,51
0,-1,5,52,51
0,-1,5,52,51
0,-1,3,60,51
0,-1,3,60,51
0,-1,14,64,354
0,-1,16,58,354
0,-1,60,58,354
0,-1,60,58,354
0,-1,23,63,354
0,-1,23,63,354
0,-1,23,63,354
0,-1,25,55,482
0,-1,24,60,482
0,-1,2,60,482
0,-1,2,60,482
0,-1,3,55,482
0,-1,3,55,482
0,-1,6,57,190
0,-1,2,51,190
0,-1,2,51,190
0,-1,0,55,97
0,-1,0,55,97
0,-1,1,55,97
0,-1,0,60,62
0,-1,0,55,62
0,-1,0,55,62
0,-1,0,59,45
0,-1,0,59,45
0,-1,0,59,45
0,-1,0,55,37
0,-1,0,60,37
0,-1,56,60,37
0,-1,0,52,33
0,-1,0,57,33
0,-1,0,57,33
0,-1,0,54,33
0,-1,0,53,33
0,-1,0,53,33
0,-1,0,57,33
0,-1,0,52,33
0,-1,56,52,33
0,-1,0,57,33
0,-1,0,58,33
0,-1,0,58,33
0,-1,0,58,33
0,-1,0,56,32
0,-1,0,55,32
0,-1,0,55,32
0,-1,0,59,34
0,-1,0,57,34
0,-1,0,56,32
0,-1,0,60,32
0,-1,0,60,32
0,-1,0,60,32
0,-1,0,58,33
0,-1,0,60,33
0,-1,0,60,33
0,-1,0,54,31
0,-1,0,60,31
0,-1,59,60,31
0,-1,0,51,30
0,-1,0,55,30
0,-1,0,55,30
0,-1,0,55,30
0,-1,0,51,30
0,-1,0,58,30
0,-1,0,55,31
0,-1,0,53,31
0,-1,54,53,31
0,-1,0,59,33
0,-1,0,57,33
0,-1,0,57,33
0,-1,0,57,33
0,-1,0,55,32
0,-1,0,55,32
0,-1,0,55,32
0,-1,0,59,32
0,-1,54,59,32
0,-1,54,59,32
0,-1,0,58,33
0,-1,0,57,33
0,-1,0,57,33
0,-1,0,55,31
0,-1,0,60,31
0,-1,0,60,31
0,-1,0,51,30
0,-1,0,57,30
0,-1,59,57,30
0,-1,59,57,30
0,-1,0,52,32
0,-1,0,53,32
0,-1,0,53,32
0,-1,0,56,33
0,-1,0,50,33
0,-1,5,50,33
0,-1,0,55,33
0,-1,0,55,33
0,-1,51,55,33
0,-1,51,55,33
0,-1,0,55,33
0,-1,0,55,33
0,-1,0,58,37
0,-1,0,57,37
0,-1,6,57,37
0,-1,0,55,36
0,-1,0,59,36
0,-1,55,59,36
0,-1,55,59,36
0,-1,0,56,37
0,-1,0,59,37
0,-1,0,59,37
0,-1,0,52,34
0,-1,0,57,34
0,-1,0,55,35
0,-1,0,55,35
0,-1,0,49,35
0,-1,0,49,35
0,-1,0,49,35
0,-1,0,54,35
0,-1,0,51,35
0,-1,0,51,35
0,-1,0,54,35
0,-1,0,51,35
0,-1,2,51,35
0,-1,0,56,35
1,1.0,0,56,35
0,-1,0,56,35
0,-1,6,58,326
0,-1,10,56,326
0,-1,10,56,326
0,-1,13,58,505
0,-1,17,63,505
0,-1,17,63,505
0,-1,17,63,505
0,-1,35,64,505
0,-1,0,64,505
0,-1,23,55,473
0,-1,18,55,473
0,-1,60,55,473
0,-1,60,55,473
0,-1,5,51,473
0,-1,5,51,473
0,-1,5,51,473
0,-1,0,55,473
0,-1,0,55,473
0,-1,0,59,96
0,-1,0,54,96
0,-1,53,54,96
0,-1,53,54,96
0,-1,0,58,62
0,-1,0,56,62
0,-1,0,56,62
0,-1,0,61,49
0,-1,0,56,49
0,-1,6,56,49
0,-1,0,57,49
0,-1,0,57,49
0,-1,0,57,49
0,-1,0,54,31
0,-1,0,59,31
0,-1,0,59,31
0,-1,0,52,29
0,-1,0,56,29
0,-1,0,56,29
0,-1,0,56,29
0,-1,0,57,29
0,-1,0,57,29
0,-1,0,57,29
0,-1,0,56,40
0,-1,0,55,40
0,-1,0,55,40
0,-1,0,58,42
0,-1,0,56,42
0,-1,2,56,42
0,-1,0,59,38
0,-1,0,56,38
0,-1,0,56,38
0,-1,0,57,33
0,-1,0,60,33
0,-1,0,60,33
0,-1,0,53,31
0,-1,0,58,31
0,-1,8,58,31
0,-1,0,51,31
0,-1,0,51,31
0,-1,0,51,31
0,-1,0,56,34
0,-1,0,51,34
0,-1,0,51,34
0,-1,0,55,32
0,-1,0,54,32
0,-1,54,54,32
0,-1,0,59,39
0,-1,0,57,39
0,-1,0,57,39
0,-1,0,60,34
0,-1,0,56,34
0,-1,0,56,34
0,-1,0,57,46
1,1.0,0,60,46
0,-1,0,60,46
0,-1,0,52,97
0,-1,0,52,129
0,-1,0,57,129
0,-1,0,57,129
0,-1,7,53,315
0,-1,11,61,315
0,-1,71,61,315
0,-1,71,61,315
0,-1,6,66,315
0,-1,6,66,315
0,-1,25,65,548
0,-1,22,65,548
0,-1,59,65,548
0,-1,59,65,548
0,-1,7,60,548
0,-1,59,60,548
0,-1,59,60,548
0,-1,0,61,196
0,-1,0,58,196
0,-1,0,55,117
0,-1,0,61,117
0,-1,58,61,117
0,-1,0,52,70
0,-1,0,57,70
0,-1,0,57,70
0,-1,0,57,70
0,-1,0,54,44
0,-1,0,59,44
0,-1,0,59,44
0,-1,0,52,34
0,-1,0,55,34
0,-1,1,34,34
0,-1,0,58,35
0,-1,0,58,35
0,-1,0,58,35
0,-1,0,58,35
0,-1,0,57,35
0,-1,0,56,35
0,-1,0,56,35
0,-1,0,56,35
0,-1,0,58,35
0,-1,53,58,35
0,-1,0,60,36
0,-1,0,57,36
0,-1,0,57,36
0,-1,0,57,36
0,-1,0,62,38
0,-1,0,56,38
0,-1,0,55,34
0,-1,0,60,34
0,-1,0,60,34
0,-1,61,60,34
0,-1,0,53,32
0,-1,0,56,32
0,-1,0,56,32
0,-1,0,56,32
0,-1,0,52,30
0,-1,0,57,30
0,-1,0,57,30
0,-1,0,55,32
0,-1,0,54,32
0,-1,0,54,32
0,-1,0,54,32
0,-1,0,58,33
0,-1,0,53,33
0,-1,0,53,33
0,-1,0,58,34
0,-1,0,57,34
0,-1,0,57,34
0,-1,0,61,35
0,-1,0,56,35
0,-1,55,56,35
0,-1,0,59,34
0,-1,0,60,34
0,-1,0,60,34
0,-1,0,60,34
0,-1,0,62,34
0,-1,8,62,34
0,-1,0,52,31
0,-1,0,58,31
0,-1,61,58,31
0,-1,0,56,37
0,-1,0,54,37
0,-1,0,54,37
1,1.0,0,54,37
0,-1,0,51,33
0,-1,0,55,33
0,-1,0,55,33
0,-1,0,62,112
0,-1,0,62,112
0,-1,55,62,112
0,-1,55,62,112
0,-1,15,62,320
0,-1,20,59,320
0,-1,0,59,320
0,-1,24,69,449
0,-1,26,66,449
0,-1,65,66,449
0,-1,65,66,449
0,-1,25,64,449
0,-1,25,64,449
0,-1,21,60,438
0,-1,20,65,438
0,-1,61,65,438
0,-1,61,65,438
0,-1,11,61,438
0,-1,0,64,438
0,-1,0,64,438
0,-1,10,54,438
0,-1,63,54,438
0,-1,4,54,438
0,-1,4,54,438
0,-1,9,56,438
0,-1,9,56,438
0,-1,7,57,233
0,-1,4,53,233
0,-1,4,53,233
0,-1,0,58,119
0,-1,0,57,119
0,-1,1,57,119
0,-1,0,61,119
0,-1,0,61,119
0,-1,0,61,119
0,-1,0,58,50
0,-1,0,60,50
0,-1,0,60,50
0,-1,0,55,40
0,-1,0,61,40
0,-1,59,61,40
0,-1,0,52,38
0,-1,0,57,38
0,-1,0,57,38
0,-1,0,57,38
0,-1,0,54,35
0,-1,0,59,35
0,-1,0,59,35
0,-1,0,56,35
0,-1,58,56,35
0,-1,0,60,37
0,-1,0,60,37
0,-1,0,60,37
0,-1,0,60,37
0,-1,0,56,37
0,-1,0,57,37
0,-1,0,57,37
0,-1,0,61,39
0,-1,0,58,39
0,-1,5,58,39
0,-1,0,62,38
0,-1,0,60,38
0,-1,0,60,38
0,-1,0,57,35
0,-1,0,61,35
0,-1,0,61,35
0,-1,0,53,34
0,-1,0,58,34
0,-1,59,58,34
0,-1,0,52,35
0,-1,0,53,35
0,-1,0,53,35
0,-1,0,53,35
0,-1,0,50,34
0,-1,0,55,34
0,-1,0,55,34
0,-1,0,55,34
0,-1,52,55,34
0,-1,0,59,35
0,-1,0,56,35
0,-1,0,56,35
0,-1,0,56,35
0,-1,0,57,35
0,-1,6,57,35
0,-1,6,57,35
0,-1,0,55,35
1,1.0,0,59,35
0,-1,55,59,35
0,-1,55,59,35
0,-1,0,57,77
0,-1,0,59,77
0,-1,0,59,77
0,-1,5,54,140
0,-1,7,59,140
0,-1,9,59,140
0,-1,5,51,239
0,-1,5,57,239
0,-1,62,57,239
0,-1,14,58,414
0,-1,11,52,414
0,-1,7,52,414
0,-1,7,52,414
0,-1,20,58,414
0,-1,20,58,414
0,-1,20,58,414
0,-1,18,62,414
0,-1,9,62,414
0,-1,9,62,414
0,-1,20,62,414
0,-1,20,62,414
0,-1,20,62,414
0,-1,15,59,414
0,-1,5,54,414
0,-1,5,54,414
0,-1,9,52,335
0,-1,7,57,335
0,-1,7,57,335
0,-1,3,49,335
0,-1,3,49,335
0,-1,3,49,335
0,-1,0,51,109
0,-1,0,51,109
0,-1,0,51,109
0,-1,0,54,65
0,-1,0,48,65
0,-1,3,48,65
0,-1,0,53,65
0,-1,0,53,65
0,-1,0,53,65
0,-1,0,57,39
0,-1,0,54,39
0,-1,0,54,39
0,-1,0,58,35
0,-1,0,56,35
0,-1,5,56,35
0,-1,0,53,34
0,-1,0,57,34
0,-1,0,57,34
0,-1,0,57,34
0,-1,0,55,34
0,-1,0,55,34
0,-1,0,51,33
0,-1,0,52,33
0,-1,57,52,33
0,-1,0,55,32
0,-1,0,50,32
0,-1,0,50,32
0,-1,0,50,32
0,-1,0,54,32
0,-1,0,50,32
0,-1,0,50,32
0,-1,0,52,32
0,-1,0,50,32
0,-1,1,50,32
0,-1,0,56,32
0,-1,0,56,32
0,-1,0,56,32
0,-1,0,57,34
0,-1,0,53,34
0,-1,0,53,34
0,-1,0,55,34
0,-1,0,57,34
0,-1,53,57,34
0,-1,0,52,35
0,-1,0,57,35
0,-1,0,57,35
0,-1,0,49,35
0,-1,0,53,35
0,-1,0,53,35
0,-1,0,54,34
0,-1,0,50,34
0,-1,55,3,34
0,-1,55,3,34
0,-1,0,54,35
0,-1,0,52,35
0,-1,0,52,35
0,-1,0,56,35
0,-1,0,55,35
0,-1,9,55,35
0,-1,0,58,36
0,-1,0,52,36
0,-1,0,52,36
0,-1,0,54,34
0,-1,0,57,34
0,-1,0,57,34
0,-1,0,51,34
0,-1,0,57,34
0,-1,5,57,34
0,-1,0,49,32
0,-1,0,55,32
0,-1,59,55,32
1,1.0,0,53,53
0,-1,0,48,53
0,-1,0,48,53
0,-1,0,53,114
0,-1,0,53,114
0,-1,2,53,114
0,-1,2,53,114
0,-1,9,58,114
0,-1,3,53,114
0,-1,3,53,114
0,-1,26,53,420
0,-1,33,60,420
0,-1,33,60,420
0,-1,27,61,420
0,-1,6,54,420
0,-1,6,54,420
0,-1,25,63,501
0,-1,25,66,501
0,-1,0,66,501
0,-1,18,58,479
0,-1,16,61,479
0,-1,16,61,479
0,-1,16,61,479
0,-1,18,55,369
0,-1,14,60,369
0,-1,14,58,387
0,-1,12,54,387
0,-1,56,54,387
0,-1,56,54,387
0,-1,11,56,387
0,-1,11,56,387
0,-1,11,56,387
0,-1,6,52,179
0,-1,4,52,179
0,-1,4,52,179
0,-1,0,55,95
0,-1,0,52,95
0,-1,0,52,95
0,-1,0,56,60
0,-1,0,53,60
0,-1,0,53,60
0,-1,0,53,43
0,-1,0,58,43
0,-1,2,58,43
0,-1,0,50,43
0,-1,0,50,43
0,-1,0,50,43
0,-1,0,50,34
0,-1,0,52,34
0,-1,0,52,34
0,-1,0,52,34
0,-1,0,49,34
0,-1,4,49,34
0,-1,0,52,33
0,-1,0,53,33
0,-1,51,53,33
0,-1,51,53,33
0,-1,0,55,33
0,-1,0,51,33
0,-1,0,58,36
0,-1,0,56,36
0,-1,6,56,36
0,-1,0,56,32
0,-1,0,59,32
0,-1,0,59,32
0,-1,0,59,32
0,-1,0,57,33
0,-1,0,57,33
0,-1,0,57,33
0,-1,0,53,32
0,-1,0,58,32
0,-1,6,58,32
0,-1,0,50,30
0,-1,0,56,30
0,-1,0,56,30
0,-1,0,55,33
0,-1,0,51,33
0,-1,0,51,33
0,-1,0,55,35
0,-1,0,51,35
1,1.0,3,51,35
0,-1,0,55,35
0,-1,0,55,35
0,-1,49,55,35
0,-1,49,55,35
0,-1,0,56,64
0,-1,0,55,64
0,-1,101,55,64
0,-1,0,55,124
0,-1,0,56,120
0,-1,3,55,120
0,-1,3,55,120
0,-1,2,62,278
0,-1,2,62,278
0,-1,2,62,278
0,-1,2,62,278
0,-1,17,61,540
0,-1,18,62,540
0,-1,9,62,540
0,-1,9,62,540
0,-1,20,61,540
0,-1,20,61,540
0,-1,20,61,540
0,-1,17,55,586
0,-1,16,61,586
0,-1,18,61,563
0,-1,15,59,563
0,-1,15,59,563
0,-1,15,59,563
0,-1,15,62,495
0,-1,15,59,495
0,-1,15,59,495
0,-1,20,62,495
0,-1,61,62,495
0,-1,61,62,495
0,-1,18,60,495
0,-1,5,58,495
0,-1,5,58,495
0,-1,7,57,385
0,-1,5,60,385
0,-1,5,60,385
0,-1,0,52,185
0,-1,0,56,185
0,-1,0,56,185
0,-1,0,56,185
0,-1,0,49,96
0,-1,0,52,96
0,-1,0,52,96
0,-1,0,54,61
0,-1,0,48,61
0,-1,4,48,61
0,-1,0,53,44
0,-1,0,53,44
0,-1,51,53,44
0,-1,0,57,40
0,-1,0,54,40
0,-1,0,54,40
0,-1,0,58,36
0,-1,0,55,36
0,-1,5,55,36
0,-1,0,54,34
0,-1,0,58,34
0,-1,0,58,34
0,-1,0,58,34
0,-1,0,54,34
0,-1,0,54,34
0,-1,0,54,34
0,-1,0,51,34
0,-1,7,51,34
0,-1,0,53,33
0,-1,0,48,33
0,-1,0,48,33
0,-1,0,48,33
0,-1,0,52,34
0,-1,0,49,34
0,-1,0,49,34
0,-1,0,53,34
0,-1,50,53,34
0,-1,0,57,35
0,-1,0,54,35
0,-1,0,54,35
0,-1,0,54,35
0,-1,0,58,35
0,-1,0,54,35
0,-1,0,54,35
0,-1,0,57,34
0,-1,0,58,34
0,-1,5,58,34
0,-1,0,54,34
1,1.0,0,54,34
0,-1,0,54,34
0,-1,0,50,47
0,-1,0,55,47
0,-1,0,55,47
0,-1,0,55,47
0,-1,0,55,66
0,-1,0,54,66
0,-1,59,54,66
0,-1,59,54,66
0,-1,0,53,66
0,-1,0,53,66
0,-1,0,53,66
0,-1,3,55,251
0,-1,6,56,251
0,-1,1,56,251
0,-1,1,56,251
0,-1,12,58,251
0,-1,4,64,251
0,-1,4,64,251
0,-1,15,64,573
0,-1,14,58,573
0,-1,8,58,573
0,-1,14,59,573
0,-1,14,59,573
0,-1,14,59,573
0,-1,14,59,573
0,-1,7,55,409
0,-1,8,57,409
0,-1,8,57,409
0,-1,13,48,434
0,-1,14,49,434
0,-1,56,49,434
0,-1,56,49,434
0,-1,11,47,434
0,-1,11,47,434
0,-1,13,50,344
0,-1,8,51,344
0,-1,8,51,344
0,-1,3,58,284
0,-1,3,58,284
0,-1,3,58,284
0,-1,53,58,284
0,-1,0,58,176
0,-1,0,57,176
0,-1,0,57,176
0,-1,0,53,94
0,-1,0,57,94
0,-1,54,57,94
0,-1,0,48,57
0,-1,0,53,57
0,-1,0,53,57
0,-1,0,53,57
0,-1,0,50,41
0,-1,0,56,41
0,-1,0,56,41
0,-1,0,54,41
0,-1,0,51,41
0,-1,54,51,41
0,-1,0,57,43
0,-1,0,57,43
0,-1,0,57,43
0,-1,0,57,43
0,-1,0,53,39
0,-1,0,52,39
0,-1,0,52,39
0,-1,0,56,39
0,-1,54,56,39
0,-1,54,56,39
0,-1,0,57,37
0,-1,0,55,37
0,-1,0,55,37
0,-1,0,54,33
0,-1,0,58,33
0,-1,0,58,33
0,-1,0,51,33
0,-1,0,55,33
0,-1,55,55,33
0,-1,0,49,36
0,-1,0,51,36
0,-1,0,51,36
0,-1,0,51,36
0,-1,0,53,37
0,-1,0,48,37
0,-1,4,48,37
0,-1,0,53,34
0,-1,0,52,34
0,-1,51,52,34
0,-1,0,57,37
0,-1,0,54,37
0,-1,0,54,37
0,-1,0,56,36
0,-1,0,54,36
0,-1,3,54,36
0,-1,0,53,39
0,-1,0,57,39
1,1.0,51,57,39
0,-1,51,57,39
0,-1,0,55,45
0,-1,0,55,45
0,-1,0,55,45
0,-1,0,51,86
0,-1,0,57,86
0,-1,4,57,86
0,-1,4,47,86
0,-1,4,47,86
0,-1,4,47,86
0,-1,11,53,263
0,-1,15,53,263
0,-1,9,53,263
0,-1,15,56,337
0,-1,13,56,337
0,-1,13,56,337
0,-1,13,56,337
0,-1,9,56,380
0,-1,11,54,380
0,-1,11,54,380
0,-1,16,60,394
0,-1,16,60,394
0,-1,56,60,394
0,-1,56,60,394
0,-1,14,60,394
0,-1,4,61,394
0,-1,4,61,394
0,-1,10,63,390
0,-1,13,61,390
0,-1,0,61,390
0,-1,12,60,416
0,-1,13,62,416
0,-1,13,62,416
0,-1,6,54,281
0,-1,5,59,281
0,-1,5,59,281
0,-1,1,50,146
0,-1,1,54,146
0,-1,8,54,146
0,-1,8,54,146
0,-1,0,50,146
0,-1,0,50,146
0,-1,0,50,146
0,-1,0,51,54
0,-1,0,50,54
0,-1,0,50,54
0,-1,0,54,54
0,-1,9,54,54
0,-1,2,54,54
0,-1,0,57,42
0,-1,0,54,40
0,-1,0,54,40
0,-1,0,54,40
0,-1,0,57,41
0,-1,0,52,41
0,-1,0,52,41
0,-1,0,56,40
0,-1,0,56,40
0,-1,4,56,40
0,-1,0,53,38
0,-1,0,57,38
0,-1,54,57,38
0,-1,0,49,37
0,-1,0,55,37
0,-1,0,55,37
0,-1,0,52,37
0,-1,0,52,37
0,-1,6,52,37
0,-1,0,54,39
0,-1,0,49,39
0,-1,0,49,39
0,-1,57,49,39
0,-1,57,49,39
0,-1,0,55,38
0,-1,0,49,38
0,-1,0,49,38
0,-1,0,53,37
0,-1,0,52,37
0,-1,2,52,37
0,-1,0,57,37
0,-1,0,57,37
0,-1,0,57,37
0,-1,0,58,39
0,-1,0,55,39
0,-1,0,55,39
0,-1,0,55,38
0,-1,0,58,38
0,-1,3,58,38
0,-1,0,51,38
0,-1,0,51,38
0,-1,0,51,38
0,-1,0,50,36
0,-1,0,53,36
0,-1,0,53,36
0,-1,0,55,38
0,-1,0,49,38
0,-1,5,49,38
0,-1,0,53,38
0,-1,0,53,38
0,-1,0,53,38
0,-1,0,56,40
0,-1,0,53,40
0,-1,0,53,40
0,-1,0,57,39
0,-1,0,54,39
0,-1,55,54,39
0,-1,0,54,39
0,-1,0,58,39
0,-1,0,58,39
0,-1,0,58,39
0,-1,0,57,38
0,-1,0,57,38
0,-1,0,57,38
0,-1,0,53,36
0,-1,0,58,36
0,-1,0,55,38
0,-1,0,50,38
0,-1,0,50,38
0,-1,0,50,38
0,-1,0,53,37
0,-1,0,52,37
0,-1,0,52,37
0,-1,0,55,38
0,-1,0,51,38
0,-1,54,51,38
0,-1,0,56,38
0,-1,0,55,38
0,-1,0,55,38
0,-1,0,55,38
0,-1,0,53,37
0,-1,0,53,37
0,-1,0,53,37
0,-1,0,57,37
0,-1,54,57,37
0,-1,0,53,37
0,-1,0,58,37
0,-1,0,58,37
0,-1,0,58,37
0,-1,0,55,37
0,-1,0,58,37
0,-1,0,58,37
0,-1,0,51,38
0,-1,0,57,38
0,-1,7,57,38
0,-1,0,50,38
0,-1,0,53,38
0,-1,0,53,38
0,-1,0,53,38
0,-1,0,49,38
0,-1,0,49,38
0,-1,0,53,38
0,-1,0,53,38
0,-1,50,53,38
0,-1,0,57,39
0,-1,0,54,39
0,-1,0,54,39
0,-1,0,54,39
0,-1,0,57,39
0,-1,0,54,39
0,-1,5,54,39
0,-1,5,54,39
0,-1,0,58,39
0,-1,53,58,39
0,-1,0,51,36
0,-1,0,55,36
0,-1,0,55,36
0,-1,0,55,36
0,-1,0,52,38
0,-1,0,57,38
0,-1,0,54,39
0,-1,0,49,39
0,-1,54,49,39
0,-1,58,49,39
0,-1,58,49,39
0,-1,0,53,39
0,-1,0,51,39
0,-1,0,51,39
0,-1,0,54,38
0,-1,0,50,38
0,-1,0,50,38
0,-1,0,55,40
0,-1,0,54,40
0,-1,49,54,40
0,-1,0,58,38
0,-1,0,53,38
1,2.0,0,53,38
0,-1,0,56,37
0,-1,0,57,37
0,-1,4,57,37
0,-1,0,53,37
0,-1,0,58,37
0,-1,55,58,37
0,-1,55,58,37
0,-1,241,61,37
0,-1,242,63,37
0,-1,0,3863,37
0,-1,263,62,38
0,-1,274,60,38
0,-1,2,72,38
0,-1,2,72,38
0,-1,396,121,40
0,-1,497,154,40
0,-1,52,154,40
0,-1,52,154,40
0,-1,968,201,40
0,-1,4,204,40
0,-1,4,204,40
0,-1,1023,197,40
0,-1,17,210,40
0,-1,24,210,40
0,-1,24,210,40
0,-1,950,195,40
0,-1,950,195,40
0,-1,919,181,40
0,-1,32,188,40
0,-1,81,188,40
0,-1,81,188,40
0,-1,748,161,40
0,-1,748,161,40
0,-1,748,161,40
0,-1,409,117,40
0,-1,28,110,40
0,-1,6,110,40
0,-1,169,82,68
0,-1,135,80,68
0,-1,78,80,68
0,-1,72,67,55
0,-1,57,65,55
0,-1,57,65,55
0,-1,29,63,55
0,-1,22,59,55
0,-1,0,59,55
0,-1,11,61,72
0,-1,9,60,72
0,-1,4,60,72
0,-1,4,63,65
0,-1,3,57,65
0,-1,3,57,65
0,-1,1,60,55
0,-1,1,60,55
0,-1,1,60,55
0,-1,0,54,42
0,-1,0,58,42
0,-1,5,58,42
0,-1,0,48,37
0,-1,0,53,37
0,-1,0,53,37
0,-1,0,53,37
0,-1,0,51,37
0,-1,0,51,37
0,-1,0,54,38
0,-1,0,51,38
0,-1,53,51,38
0,-1,0,56,42
0,-1,0,56,42
0,-1,0,56,42
0,-1,0,56,42
0,-1,0,53,40
0,-1,0,53,40
0,-1,0,56,40
0,-1,0,57,40
0,-1,54,57,40
0,-1,0,52,37
0,-1,0,57,37
0,-1,0,57,37
0,-1,0,57,37
0,-1,0,55,37
0,-1,9,55,37
0,-1,9,55,37
0,-1,0,50,38
0,-1,0,55,38
0,-1,0,55,38
0,-1,0,50,38
0,-1,0,51,38
0,-1,0,51,38
0,-1,0,54,38
0,-1,8,54,38
0,-1,8,54,38
0,-1,2,53,38
0,-1,53,53,38
0,-1,53,53,38
0,-1,0,57,41
0,-1,0,54,41
0,-1,0,54,41
0,-1,0,57,38
0,-1,0,55,38
0,-1,0,48,39
0,-1,0,54,39
0,-1,0,54,39
0,-1,0,54,39
0,-1,0,50,39
0,-1,0,55,39
0,-1,0,55,39
1,2.0,0,50,37
0,-1,0,52,37
0,-1,8,52,37
0,-1,13,59,38
0,-1,18,53,38
0,-1,18,53,38
0,-1,18,53,38
0,-1,542,79,38
0,-1,90,79,38
0,-1,90,79,38
0,-1,826,140,38
0,-1,7,155,38
0,-1,6,155,38
0,-1,1023,189,41
0,-1,1023,173,41
0,-1,1023,173,41
0,-1,1023,173,41
0,-1,1023,178,41
0,-1,23,187,41
0,-1,88,187,41
0,-1,959,184,41
0,-1,191,184,41
0,-1,191,184,41
0,-1,960,201,41
0,-1,6,190,41
0,-1,5,190,41
0,-1,862,204,57
0,-1,771,200,57
0,-1,197,200,57
0,-1,197,200,57
0,-1,702,164,57
0,-1,5,177,57
0,-1,5,177,57
0,-1,709,161,57
0,-1,152,161,57
0,-1,152,161,57
0,-1,552,122,57
0,-1,5,114,57
0,-1,2,114,57
0,-1,308,89,49
0,-1,249,80,49
0,-1,1,80,49
0,-1,129,69,53
0,-1,105,64,53
0,-1,105,64,53
0,-1,55,58,53
0,-1,4,63,53
0,-1,4,63,53
0,-1,20,54,77
0,-1,17,59,77
0,-1,64,59,77
0,-1,9,60,79
0,-1,7,56,79
0,-1,63,56,79
0,-1,4,58,71
0,-1,2,54,71
0,-1,2,54,71
0,-1,8,57,59
0,-1,12,56,59
0,-1,0,56,59
0,-1,6,57,52
0,-1,5,52,52
0,-1,53,52,52
0,-1,53,52,52
0,-1,1,55,52
0,-1,1,55,52
0,-1,0,50,38
0,-1,0,56,38
0,-1,4,56,38
0,-1,0,48,36
0,-1,0,52,36
0,-1,0,52,36
0,-1,0,52,36
0,-1,0,49,38
0,-1,0,53,38
0,-1,0,52,44
0,-1,0,49,45
0,-1,0,50,45
0,-1,5,50,45
0,-1,0,52,45
0,-1,0,52,45
0,-1,0,52,45
0,-1,0,53,40
0,-1,0,53,40
0,-1,0,53,40
0,-1,0,57,43
0,-1,0,53,43
0,-1,1,53,43
0,-1,0,57,43
0,-1,0,57,43
0,-1,0,57,43
0,-1,0,54,38
0,-1,0,58,38
0,-1,0,58,38
0,-1,0,51,38
0,-1,0,56,38
0,-1,8,56,38
0,-1,0,51,38
0,-1,0,51,38
0,-1,0,51,38
1,2.0,0,54,38
0,-1,0,49,38
0,-1,0,49,38
0,-1,0,53,44
0,-1,0,53,44
0,-1,0,53,44
0,-1,0,53,44
0,-1,178,68,44
0,-1,8,68,44
0,-1,206,72,40
0,-1,261,72,40
0,-1,261,72,40
0,-1,261,72,40
0,-1,263,116,40
0,-1,6,120,40
0,-1,13,120,40
0,-1,698,140,42
0,-1,800,164,42
0,-1,800,164,42
0,-1,800,164,42
0,-1,1004,187,42
0,-1,68,170,42
0,-1,48,170,42
0,-1,48,170,42
0,-1,48,170,42
0,-1,977,147,42
0,-1,977,147,42
0,-1,977,147,42
0,-1,177,147,42
0,-1,889,172,47
0,-1,889,172,47
0,-1,94,169,47
0,-1,6,169,47
0,-1,887,185,48
0,-1,868,195,48
0,-1,197,195,48
0,-1,197,195,48
0,-1,703,180,48
0,-1,58,180,48
0,-1,535,151,59
0,-1,538,155,59
0,-1,538,155,59
0,-1,538,155,59
0,-1,460,138,59
0,-1,51,132,59
0,-1,5,132,59
0,-1,408,120,47
0,-1,387,111,47
0,-1,97,111,47
0,-1,228,77,47
0,-1,184,77,47
0,-1,184,77,47
0,-1,96,67,57
0,-1,77,62,57
0,-1,5,62,57
0,-1,41,60,62
0,-1,32,58,62
0,-1,58,58,62
0,-1,58,58,62
0,-1,15,56,62
0,-1,2,51,62
0,-1,2,51,62
0,-1,7,56,62
0,-1,7,56,62
0,-1,3,57,55
0,-1,1,60,55
0,-1,54,60,55
0,-1,0,52,43
0,-1,0,57,43
0,-1,0,57,43
0,-1,0,57,43
0,-1,0,52,37
0,-1,0,58,37
0,-1,0,55,38
0,-1,0,50,38
0,-1,56,50,38
0,-1,1,54,38
0,-1,0,52,38
0,-1,0,52,38
0,-1,0,52,38
0,-1,1,55,40
0,-1,0,51,40
0,-1,0,51,40
0,-1,0,51,40
0,-1,0,55,40
0,-1,0,55,40
0,-1,0,55,40
0,-1,0,59,41
0,-1,0,55,41
0,-1,0,55,41
0,-1,0,57,41
0,-1,0,57,41
0,-1,5,57,41
0,-1,0,54,39
0,-1,0,58,39
0,-1,55,58,39
0,-1,0,50,34
0,-1,0,55,34
0,-1,0,55,34
0,-1,0,52,39
0,-1,0,52,39
0,-1,7,52,39
0,-1,0,55,39
1,2.0,0,50,39
0,-1,53,50,39
0,-1,53,50,39
0,-1,0,55,39
0,-1,0,55,39
0,-1,0,55,39
0,-1,0,54,39
0,-1,3,54,39
0,-1,0,56,37
0,-1,0,57,37
0,-1,53,57,37
0,-1,53,57,37
0,-1,73,55,37
0,-1,98,57,37
0,-1,98,57,37
0,-1,179,85,37
0,-1,6,91,37
0,-1,6,91,37
0,-1,6,91,37
0,-1,424,125,40
0,-1,401,126,40
0,-1,22,126,40
0,-1,22,126,40
0,-1,465,127,40
0,-1,465,127,40
0,-1,465,127,40
0,-1,456,138,40
0,-1,44,138,40
0,-1,44,138,40
0,-1,496,126,40
0,-1,496,126,40
0,-1,496,126,40
0,-1,445,118,40
0,-1,75,131,40
0,-1,33,131,40
0,-1,33,131,40
0,-1,7,136,40
0,-1,7,136,40
0,-1,335,117,44
0,-1,309,111,44
0,-1,3,111,44
0,-1,3,111,44
0,-1,290,94,44
0,-1,290,94,44
0,-1,290,94,44
0,-1,215,74,44
0,-1,16,73,44
0,-1,16,73,44
0,-1,144,67,50
0,-1,116,60,50
0,-1,60,60,50
0,-1,62,60,55
0,-1,50,56,55
0,-1,50,56,55
0,-1,50,56,55
0,-1,21,53,57
0,-1,18,52,57
0,-1,18,52,57
0,-1,10,55,56
0,-1,9,51,56
0,-1,0,51,56
0,-1,5,54,58
0,-1,5,55,58
0,-1,5,55,58
0,-1,5,55,58
0,-1,0,54,58
0,-1,0,54,58
0,-1,0,46,41
0,-1,0,52,41
0,-1,5,52,41
0,-1,0,50,45
0,-1,0,48,45
0,-1,0,48,45
0,-1,0,48,45
0,-1,0,48,45
0,-1,0,48,45
0,-1,0,54,41
0,-1,0,54,41
0,-1,0,54,41
0,-1,0,59,40
0,-1,0,53,40
0,-1,0,53,40
0,-1,0,53,40
0,-1,0,56,40
0,-1,0,53,40
0,-1,0,53,40
0,-1,0,56,38
0,-1,0,53,38
0,-1,0,48,36
0,-1,0,54,36
0,-1,0,54,36
0,-1,0,54,36
0,-1,0,50,38
0,-1,0,56,38
0,-1,0,56,38
0,-1,0,50,41
0,-1,0,52,41
0,-1,7,52,41
0,-1,0,54,39
0,-1,0,49,39
0,-1,0,49,39
0,-1,0,49,39
0,-1,0,53,39
0,-1,0,53,39
0,-1,0,56,39
0,-1,0,53,39
0,-1,50,53,39
0,-1,0,56,35
0,-1,0,54,35
0,-1,0,54,35
0,-1,0,54,35
0,-1,0,57,38
0,-1,0,52,38
0,-1,0,52,38
0,-1,0,54,38
0,-1,55,54,38
0,-1,0,49,34
1,2.0,0,50,34
0,-1,0,50,34
0,-1,0,50,34
0,-1,0,48,40
0,-1,0,53,40
0,-1,0,53,40
0,-1,0,54,40
0,-1,51,54,40
0,-1,26,56,47
0,-1,55,50,44
0,-1,102,43,44
0,-1,8,43,44
0,-1,207,69,42
0,-1,266,72,42
0,-1,266,72,42
0,-1,266,72,42
0,-1,266,61,42
0,-1,70,54,42
0,-1,70,54,42
0,-1,393,102,42
0,-1,422,122,42
0,-1,129,122,42
0,-1,129,122,42
0,-1,611,123,42
0,-1,5,123,42
0,-1,9,123,42
0,-1,807,179,42
0,-1,179,179,42
0,-1,179,179,42
0,-1,687,151,42
0,-1,7,159,42
0,-1,9,159,42
0,-1,742,144,44
0,-1,788,149,44
0,-1,154,149,44
0,-1,154,149,44
0,-1,688,148,44
0,-1,6,147,44
0,-1,1,147,44
0,-1,567,131,47
0,-1,647,135,47
0,-1,126,135,47
0,-1,126,135,47
0,-1,469,106,47
0,-1,3,106,47
0,-1,3,106,47
0,-1,277,85,41
0,-1,222,82,41
0,-1,74,82,41
0,-1,115,65,54
0,-1,92,66,54
0,-1,66,66,54
0,-1,66,66,54
0,-1,76,55,54
0,-1,8,58,54
0,-1,8,58,54
0,-1,34,49,50
0,-1,28,50,50
0,-1,6,50,50
0,-1,15,51,43
0,-1,12,46,43
0,-1,12,46,43
0,-1,8,54,37
0,-1,6,50,37
0,-1,4,50,37
0,-1,4,50,37
0,-1,0,55,47
0,-1,1,53,47
0,-1,8,53,47
0,-1,0,56,47
0,-1,0,56,47
0,-1,0,56,47
0,-1,0,53,41
0,-1,0,56,41
0,-1,0,56,41
0,-1,0,51,44
0,-1,0,57,44
0,-1,6,57,44
0,-1,0,49,44
0,-1,0,49,44
0,-1,0,49,44
0,-1,0,55,46
0,-1,0,49,46
0,-1,0,49,46
0,-1,0,53,42
0,-1,0,52,42
0,-1,0,52,42
0,-1,0,57,42
0,-1,0,55,42
0,-1,0,55,42
0,-1,0,55,42
0,-1,0,55,42
0,-1,0,55,42
0,-1,0,55,41
0,-1,0,58,41
0,-1,4,58,41
0,-1,0,52,42
0,-1,0,57,42
0,-1,0,57,42
0,-1,0,57,42
0,-1,0,53,41
0,-1,0,58,41
0,-1,0,58,41
0,-1,0,49,37
0,-1,0,55,37
0,-1,8,40,37
0,-1,0,53,36
0,-1,0,53,36
0,-1,0,53,36
0,-1,0,53,36
1,2.0,0,55,38
0,-1,0,51,38
0,-1,0,51,38
0,-1,0,56,43
0,-1,0,56,43
0,-1,0,56,43
0,-1,0,59,43
0,-1,0,59,43
0,-1,0,59,43
0,-1,0,56,40
0,-1,0,57,40
0,-1,0,57,40
0,-1,26,52,37
0,-1,71,56,37
0,-1,71,56,37
0,-1,71,56,37
0,-1,162,53,34
0,-1,162,62,34
0,-1,3,62,34
0,-1,254,77,40
0,-1,311,78,40
0,-1,311,78,40
0,-1,311,78,40
0,-1,272,77,40
0,-1,0,77,40
0,-1,0,77,40
0,-1,329,107,40
0,-1,329,107,40
0,-1,329,107,40
0,-1,394,107,40
0,-1,75,128,40
0,-1,10,128,40
0,-1,407,132,42
0,-1,392,121,42
0,-1,392,121,42
0,-1,376,113,42
0,-1,63,118,42
0,-1,22,118,42
0,-1,415,143,39
0,-1,399,128,39
0,-1,399,128,39
0,-1,399,128,39
0,-1,461,143,39
0,-1,50,144,39
0,-1,30,144,39
0,-1,446,125,41
0,-1,482,118,42
0,-1,455,115,42
0,-1,455,115,42
0,-1,404,119,44
0,-1,404,119,44
0,-1,61,130,44
0,-1,4,130,44
0,-1,433,123,47
0,-1,473,120,47
0,-1,104,120,47
0,-1,104,120,47
0,-1,224,84,47
0,-1,8,77,47
0,-1,119,68,44
0,-1,94,71,55
0,-1,75,66,55
0,-1,46,57,61
0,-1,37,61,61
0,-1,37,61,61
0,-1,37,61,61
0,-1,13,55,61
0,-1,13,55,61
0,-1,13,55,61
0,-1,6,51,61
0,-1,0,51,61
0,-1,3,53,40
0,-1,3,52,40
0,-1,46,52,40
0,-1,46,52,40
0,-1,0,51,40
0,-1,0,51,40
0,-1,0,51,40
0,-1,0,56,49
0,-1,0,53,49
0,-1,0,53,49
0,-1,0,57,51
0,-1,0,54,51
0,-1,53,54,51
0,-1,0,53,40
0,-1,0,57,40
0,-1,0,57,40
0,-1,0,49,41
0,-1,0,55,41
0,-1,6,55,41
0,-1,0,50,44
0,-1,0,51,44
0,-1,55,51,44
0,-1,0,53,38
0,-1,0,47,38
0,-1,0,47,38
0,-1,0,47,38
0,-1,0,54,38
0,-1,1,54,38
0,-1,0,57,42
0,-1,0,53,42
0,-1,51,53,42
0,-1,51,53,42
0,-1,0,55,42
0,-1,0,55,42
0,-1,0,55,42
0,-1,0,60,42
0,-1,4,60,42
0,-1,0,52,39
0,-1,0,57,39
0,-1,0,57,39
0,-1,0,57,39
0,-1,0,53,37
0,-1,0,57,37
0,-1,0,56,42
0,-1,0,51,42
0,-1,6,51,42
0,-1,0,57,42
0,-1,0,57,42
0,-1,0,57,42
0,-1,0,57,42
0,-1,0,56,42
1,2.0,0,53,42
0,-1,0,53,42
0,-1,0,57,48
0,-1,1,58,48
0,-1,1,58,48
0,-1,26,62,48
0,-1,1,56,48
0,-1,1,56,48
0,-1,8,56,44
0,-1,5,58,44
0,-1,5,58,44
0,-1,2,52,45
0,-1,7,52,45
0,-1,7,52,45
0,-1,7,52,45
0,-1,245,48,38
0,-1,228,48,38
0,-1,52,48,38
0,-1,52,48,38
0,-1,254,63,38
0,-1,0,72,38
0,-1,0,72,38
0,-1,311,91,38
0,-1,100,91,38
0,-1,100,91,38
0,-1,1023,183,38
0,-1,84,183,38
0,-1,84,183,38
0,-1,1023,233,38
0,-1,1023,233,38
0,-1,1023,233,38
0,-1,1023,205,38
0,-1,23,208,38
0,-1,5,208,38
0,-1,1023,197,38
0,-1,3,188,38
0,-1,3,188,38
0,-1,1023,212,38
0,-1,85,195,38
0,-1,4,195,38
0,-1,940,178,51
0,-1,890,171,51
0,-1,890,171,51
0,-1,730,156,51
0,-1,54,158,51
0,-1,3,158,51
0,-1,839,155,47
0,-1,933,151,47
0,-1,154,151,47
0,-1,154,151,47
0,-1,677,128,47
0,-1,0,138,47
0,-1,9,138,47
0,-1,570,123,45
0,-1,504,118,45
0,-1,504,118,45
0,-1,368,92,45
0,-1,5,84,45
0,-1,5,84,45
0,-1,154,71,41
0,-1,123,65,41
0,-1,3,65,41
0,-1,61,64,66
0,-1,49,61,66
0,-1,54,61,66
0,-1,54,61,66
0,-1,20,57,66
0,-1,20,57,66
0,-1,20,57,66
0,-1,4,62,61
0,-1,2,57,61
0,-1,2,57,61
0,-1,0,55,53
0,-1,0,59,53
0,-1,59,59,53
0,-1,0,54,53
0,-1,0,56,53
0,-1,0,56,53
0,-1,0,58,51
0,-1,0,53,51
0,-1,8,53,51
0,-1,8,53,51
0,-1,0,55,51
0,-1,54,55,51
0,-1,0,55,51
0,-1,0,58,51
0,-1,0,58,51
0,-1,0,58,51
0,-1,0,57,39
0,-1,0,57,39
0,-1,0,57,39
0,-1,0,60,44
0,-1,0,55,44
0,-1,54,55,44
0,-1,0,59,43
0,-1,0,59,43
0,-1,0,59,43
0,-1,0,59,43
0,-1,0,55,41
0,-1,0,60,41
0,-1,6,60,41
0,-1,6,60,41
0,-1,0,56,41
0,-1,59,56,41
0,-1,0,54,38
0,-1,0,52,38
0,-1,0,52,38
0,-1,0,52,38
0,-1,0,52,37
1,2.0,0,54,37
0,-1,0,54,37
0,-1,0,56,41
0,-1,0,51,41
0,-1,57,51,41
0,-1,0,55,44
0,-1,0,54,44
0,-1,0,54,44
0,-1,0,56,43
0,-1,0,54,43
0,-1,0,54,43
0,-1,6,59,42
0,-1,7,56,42
0,-1,55,56,42
0,-1,31,55,43
0,-1,52,53,43
0,-1,9,52,43
0,-1,9,52,43
0,-1,110,73,43
0,-1,110,73,43
0,-1,110,73,43
0,-1,395,133,43
0,-1,53,148,43
0,-1,43,548,43
0,-1,43,548,43
0,-1,522,135,43
0,-1,522,135,43
0,-1,522,135,43
0,-1,572,124,43
0,-1,33,120,43
0,-1,16,120,43
0,-1,419,109,54
0,-1,359,107,54
0,-1,359,107,54
0,-1,359,107,54
0,-1,18,101,54
0,-1,6,101,54
0,-1,290,98,52
0,-1,263,92,52
0,-1,263,92,52
0,-1,263,92,52
0,-1,274,88,52
0,-1,3,86,52
0,-1,3,86,52
0,-1,226,87,48
0,-1,222,84,48
0,-1,77,84,48
0,-1,152,67,48
0,-1,1,69,48
0,-1,1,69,48
0,-1,61,66,64
0,-1,48,60,64
0,-1,48,60,64
0,-1,24,62,70
0,-1,18,63,70
0,-1,60,63,70
0,-1,7,63,70
0,-1,7,63,70
0,-1,7,63,70
0,-1,0,62,77
0,-1,0,58,77
0,-1,0,58,77
0,-1,0,56,61
0,-1,0,61,61
0,-1,6,61,61
0,-1,0,53,48
0,-1,0,58,48
0,-1,59,58,48
0,-1,59,58,48
0,-1,0,55,51
0,-1,0,59,51
0,-1,0,59,51
0,-1,0,51,51
0,-1,6,51,51
0,-1,0,55,41
0,-1,0,56,41
0,-1,0,56,41
0,-1,0,56,41
0,-1,0,57,44
0,-1,0,53,44
0,-1,0,53,44
0,-1,0,58,45
0,-1,0,58,45
0,-1,58,58,45
0,-1,0,58,44
0,-1,0,61,44
0,-1,0,61,44
0,-1,0,61,44
0,-1,0,59,43
0,-1,0,59,43
0,-1,0,59,43
0,-1,0,55,41
0,-1,0,59,41
0,-1,6,59,41
0,-1,0,51,41
0,-1,0,51,41
0,-1,0,51,41
0,-1,0,55,39
0,-1,0,52,39
0,-1,0,52,39
0,-1,0,56,39
1,2.0,0,52,39
0,-1,5,52,39
0,-1,0,58,43
0,-1,0,57,43
0,-1,0,57,43
0,-1,0,57,43
0,-1,0,55,43
0,-1,11,5,43
0,-1,7,5,43
0,-1,60,5,43
0,-1,127,65,43
0,-1,119,62,43
0,-1,119,62,43
0,-1,115,66,44
0,-1,109,67,44
0,-1,0,67,44
0,-1,154,55,40
0,-1,190,65,40
0,-1,190,65,40
0,-1,190,65,40
0,-1,325,100,40
0,-1,8,100,40
0,-1,316,99,48
0,-1,332,98,48
0,-1,332,98,48
0,-1,332,98,48
0,-1,332,98,48
0,-1,5,114,48
0,-1,9,114,48
0,-1,9,114,48
0,-1,331,100,48
0,-1,331,100,48
0,-1,331,100,48
0,-1,355,99,48
0,-1,53,108,48
0,-1,3,108,48
0,-1,365,111,48
0,-1,365,111,48
0,-1,106,111,48
0,-1,106,111,48
0,-1,61,101,48
0,-1,1,101,48
0,-1,302,98,50
0,-1,299,101,50
0,-1,108,101,50
0,-1,108,101,50
0,-1,295,99,50
0,-1,0,106,50
0,-1,264,100,48
0,-1,235,92,48
0,-1,88,92,48
0,-1,88,92,48
0,-1,230,79,48
0,-1,8,79,48
0,-1,8,79,48
0,-1,153,77,48
0,-1,73,77,48
0,-1,85,65,41
0,-1,67,67,41
0,-1,67,67,41
0,-1,67,67,41
0,-1,27,57,41
0,-1,2,61,41
0,-1,2,61,41
0,-1,12,54,59
0,-1,8,59,59
0,-1,4,59,71
0,-1,0,55,71
0,-1,57,55,71
0,-1,57,55,71
0,-1,0,59,70
0,-1,0,52,70
0,-1,0,52,70
0,-1,0,55,52
0,-1,0,55,52
0,-1,0,55,52
0,-1,0,61,52
0,-1,57,61,52
0,-1,57,61,52
0,-1,0,60,51
0,-1,0,59,51
0,-1,0,59,51
0,-1,0,57,49
0,-1,0,61,49
0,-1,6,49,49
0,-1,0,56,49
0,-1,0,54,49
0,-1,0,54,49
0,-1,0,54,49
0,-1,0,54,44
0,-1,0,54,44
0,-1,0,54,44
0,-1,0,57,44
0,-1,52,57,44
0,-1,0,61,50
0,-1,0,56,50
0,-1,0,56,50
0,-1,0,56,50
0,-1,0,60,47
0,-1,0,56,47
0,-1,0,54,41
0,-1,0,60,41
0,-1,58,60,41
0,-1,0,51,42
0,-1,0,56,42
0,-1,0,56,42
0,-1,0,57,44
0,-1,0,54,44
0,-1,9,54,44
0,-1,0,57,41
0,-1,0,53,41
0,-1,54,53,41
1,2.0,54,53,41
0,-1,0,58,42
0,-1,0,52,42
0,-1,0,52,42
0,-1,15,54,41
0,-1,28,56,41
0,-1,6,56,41
0,-1,64,63,41
0,-1,8,60,41
0,-1,8,60,41
0,-1,61,60,41
0,-1,58,58,41
0,-1,6,58,41
0,-1,160,79,38
0,-1,235,90,38
0,-1,8,93,38
0,-1,490,101,47
0,-1,621,120,47
0,-1,129,120,47
0,-1,129,120,47
0,-1,942,161,47
0,-1,7,183,47
0,-1,7,183,47
0,-1,911,183,50
0,-1,824,192,50
0,-1,89,192,50
0,-1,89,192,50
0,-1,691,174,50
0,-1,691,174,50
0,-1,691,174,50
0,-1,534,142,50
0,-1,27,142,50
0,-1,27,142,50
0,-1,480,112,50
0,-1,480,112,50
0,-1,480,112,50
0,-1,493,123,50
0,-1,62,123,50
0,-1,31,123,50
0,-1,405,123,56
0,-1,372,128,56
0,-1,372,128,56
0,-1,372,128,56
0,-1,12,96,56
0,-1,1,96,56
0,-1,246,86,49
0,-1,198,77,49
0,-1,198,77,49
0,-1,198,77,49
0,-1,84,61,49
0,-1,84,61,49
0,-1,84,61,49
0,-1,36,58,49
0,-1,1,58,49
0,-1,20,58,44
0,-1,17,56,44
0,-1,17,56,44
0,-1,17,56,44
0,-1,9,57,44
0,-1,9,57,44
0,-1,9,57,44
0,-1,4,56,48
0,-1,3,56,48
0,-1,3,56,48
0,-1,1,53,47
0,-1,1,57,47
0,-1,4,57,47
0,-1,0,48,44
0,-1,0,54,44
0,-1,0,54,44
0,-1,0,54,44
0,-1,0,50,42
0,-1,0,55,42
0,-1,0,55,44
0,-1,0,51,44
0,-1,53,51,44
0,-1,0,55,47
0,-1,0,55,47
0,-1,0,55,47
0,-1,0,57,46
0,-1,0,52,46
0,-1,0,52,46
0,-1,0,56,43
0,-1,0,56,43
0,-1,54,56,43
0,-1,0,52,41
0,-1,0,57,41
0,-1,0,57,41
0,-1,0,57,41
0,-1,0,54,41
0,-1,8,54,41
0,-1,0,53,44
0,-1,0,51,44
0,-1,56,51,44
0,-1,56,51,44
0,-1,0,49,44
0,-1,0,52,44
0,-1,0,52,44
0,-1,1,54,51
0,-1,0,49,51
0,-1,0,49,51
0,-1,0,54,47
0,-1,0,53,47
0,-1,50,53,47
0,-1,0,55,47
0,-1,0,54,47
0,-1,0,54,47
0,-1,0,56,43
0,-1,0,53,43
0,-1,4,53,43
0,-1,0,53,40
0,-1,0,57,40
0,-1,52,57,40
0,-1,0,50,40
0,-1,0,55,40
0,-1,0,55,40
0,-1,0,55,40
0,-1,0,51,40
0,-1,6,51,40
0,-1,0,53,40
0,-1,0,48,40
0,-1,53,48,40
0,-1,56,48,40
0,-1,0,52,43
0,-1,0,49,43
0,-1,0,49,43
0,-1,0,53,45
0,-1,0,50,45
0,-1,0,50,45
0,-1,0,54,49
0,-1,0,54,49
0,-1,48,4,49
0,-1,48,4,49
0,-1,0,56,44
0,-1,0,52,44
0,-1,0,52,44
0,-1,0,54,39
0,-1,0,55,39
0,-1,3,55,39
0,-1,0,51,46
0,-1,0,56,46
0,-1,54,56,46
0,-1,54,56,46
0,-1,0,53,40
0,-1,0,57,40
0,-1,0,57,40
0,-1,0,50,40
0,-1,5,50,40
0,-1,0,53,36
0,-1,0,49,36
0,-1,51,49,36
0,-1,51,49,36
0,-1,0,53,44
0,-1,0,47,44
0,-1,0,47,44
0,-1,0,52,45
0,-1,0,52,45
0,-1,1,52,45
0,-1,0,54,47
0,-1,0,55,47
0,-1,0,55,47
0,-1,0,55,47
0,-1,0,55,47
0,-1,0,53,47
0,-1,0,53,47
0,-1,0,53,39
0,-1,0,56,39
0,-1,2,56,39
0,-1,0,50,42
0,-1,0,54,42
0,-1,0,54,42
0,-1,0,54,42
0,-1,0,52,42
0,-1,0,52,42
0,-1,0,54,44
0,-1,0,48,44
0,-1,3,48,44
0,-1,0,51,46
0,-1,0,51,46
0,-1,0,51,46
0,-1,0,55,45
0,-1,0,53,45
0,-1,0,53,45
0,-1,0,56,48
0,-1,0,53,48
0,-1,4,53,48
0,-1,0,53,48
0,-1,0,53,48
0,-1,0,53,48
0,-1,0,51,52
0,-1,0,56,52
0,-1,0,56,52
0,-1,0,49,52
0,-1,51,49,52
0,-1,56,49,52
0,-1,0,53,51
0,-1,0,48,51
0,-1,0,48,51
0,-1,0,51,45
0,-1,0,52,45
0,-1,0,52,45
0,-1,0,55,47
0,-1,0,53,47
0,-1,49,53,47
0,-1,0,55,47
0,-1,0,53,47
0,-1,0,53,47
0,-1,0,53,47
0,-1,0,55,47
0,-1,1,55,47
0,-1,0,48,40
0,-1,0,53,40
0,-1,53,53,40
0,-1,53,53,40
0,-1,0,50,39
0,-1,0,55,39
0,-1,0,55,39
0,-1,0,46,46
1,3.0,0,52,46
0,-1,0,50,48
0,-1,0,51,48
0,-1,49,51,48
0,-1,54,51,48
0,-1,54,51,48
0,-1,15,57,51
0,-1,24,60,51
0,-1,24,60,51
0,-1,103,87,51
0,-1,103,87,51
0,-1,103,87,51
0,-1,112,89,51
0,-1,4,90,51
0,-1,8,90,51
0,-1,154,101,98
0,-1,151,108,98
0,-1,151,108,98
0,-1,151,108,98
0,-1,112,93,98
0,-1,32,99,98
0,-1,32,99,98
0,-1,92,76,98
0,-1,75,76,98
0,-1,75,76,98
0,-1,127,69,98
0,-1,3,68,98
0,-1,3,68,98
0,-1,53,62,66
0,-1,41,55,66
0,-1,8,55,66
0,-1,8,55,66
0,-1,22,55,55
0,-1,18,55,55
0,-1,50,55,55
0,-1,50,55,55
0,-1,6,54,55
0,-1,6,54,55
0,-1,1,55,46
0,-1,1,55,46
0,-1,1,55,46
0,-1,0,52,45
0,-1,0,56,45
0,-1,52,56,45
0,-1,0,48,45
0,-1,0,53,45
0,-1,0,53,45
0,-1,0,49,47
0,-1,0,49,47
0,-1,4,49,47
0,-1,0,52,50
0,-1,0,47,50
0,-1,51,47,50
0,-1,0,51,49
0,-1,0,52,49
0,-1,0,52,49
0,-1,0,55,50
0,-1,0,52,49
0,-1,0,52,49
0,-1,0,52,49
0,-1,0,55,48
0,-1,0,54,48
0,-1,53,54,48
0,-1,53,54,48
0,-1,0,56,49
0,-1,0,51,49
0,-1,0,51,49
0,-1,0,53,45
0,-1,0,55,45
0,-1,1,55,45
0,-1,0,50,43
0,-1,0,55,43
0,-1,54,55,43
0,-1,0,48,45
0,-1,0,52,45
0,-1,0,52,45
0,-1,0,52,45
0,-1,0,47,44
0,-1,0,53,44
0,-1,0,53,44
0,-1,0,49,47
0,-1,0,49,47
0,-1,55,49,47
0,-1,0,52,48
0,-1,0,48,48
0,-1,0,48,48
0,-1,0,51,47
0,-1,0,51,47
0,-1,0,48,47
0,-1,0,55,52
1,3.0,0,52,52
0,-1,50,52,52
0,-1,0,55,64
0,-1,0,55,64
0,-1,0,55,64
0,-1,0,55,64
0,-1,9,60,53
0,-1,19,59,53
0,-1,2,59,53
0,-1,41,58,66
0,-1,61,67,66
0,-1,61,67,66
0,-1,61,67,66
0,-1,161,88,66
0,-1,91,88,66
0,-1,91,88,66
0,-1,164,113,66
0,-1,5,111,66
0,-1,5,111,66
0,-1,145,103,168
0,-1,152,94,168
0,-1,3,94,168
0,-1,144,96,168
0,-1,9,84,168
0,-1,9,84,168
0,-1,74,71,78
0,-1,59,68,78
0,-1,59,68,78
0,-1,30,64,60
0,-1,26,58,60
0,-1,56,58,60
0,-1,13,57,53
0,-1,10,57,53
0,-1,10,57,53
0,-1,10,57,53
0,-1,4,53,47
0,-1,2,56,47
0,-1,2,56,47
0,-1,0,48,46
0,-1,0,53,46
0,-1,7,53,46
0,-1,0,52,46
0,-1,0,52,46
0,-1,0,52,46
0,-1,0,54,45
0,-1,0,48,45
0,-1,0,48,45
0,-1,0,53,48
0,-1,0,52,48
0,-1,7,52,48
0,-1,0,55,47
0,-1,0,51,47
0,-1,0,51,47
0,-1,0,51,47
0,-1,0,54,47
0,-1,0,54,47
0,-1,0,51,46
0,-1,0,55,46
0,-1,52,55,46
0,-1,0,47,41
0,-1,0,51,41
0,-1,0,51,41
0,-1,0,51,41
0,-1,0,48,40
0,-1,0,53,40
0,-1,0,53,40
0,-1,0,53,40
0,-1,0,47,37
0,-1,0,49,37
0,-1,3,49,37
0,-1,0,51,39
0,-1,0,45,39
0,-1,0,45,39
0,-1,0,45,39
0,-1,0,50,41
0,-1,0,48,41
0,-1,0,54,43
0,-1,0,53,43
0,-1,49,53,43
0,-1,0,56,40
0,-1,0,53,40
0,-1,0,53,40
0,-1,0,53,40
0,-1,0,56,47
0,-1,0,51,47
0,-1,0,51,47
0,-1,0,55,41
0,-1,0,55,41
0,-1,3,55,41
0,-1,0,52,41
0,-1,0,56,41
0,-1,0,56,41
0,-1,0,56,41
0,-1,0,53,41
0,-1,0,57,41
0,-1,0,57,41
0,-1,0,53,44
0,-1,0,51,44
0,-1,5,51,44
0,-1,0,53,42
0,-1,0,49,42
0,-1,0,49,42
0,-1,0,49,42
0,-1,0,53,46
0,-1,0,48,46
0,-1,0,57,49
0,-1,0,52,49
0,-1,52,52,49
0,-1,0,55,45
0,-1,0,56,45
0,-1,0,56,45
1,3.0,0,56,45
0,-1,0,57,56
0,-1,0,55,56
0,-1,0,55,56
0,-1,10,60,55
0,-1,14,63,55
0,-1,14,63,55
0,-1,14,63,55
0,-1,93,86,55
0,-1,18,86,55
0,-1,1,86,55
0,-1,1,86,55
0,-1,1,86,55
0,-1,1,86,55
0,-1,214,117,55
0,-1,89,105,55
0,-1,9,105,55
0,-1,9,105,55
0,-1,9,105,55
0,-1,200,119,55
0,-1,200,119,55
0,-1,200,119,55
0,-1,154,89,55
0,-1,24,81,55
0,-1,24,81,55
0,-1,67,71,65
0,-1,60,69,65
0,-1,41,64,54
0,-1,33,64,54
0,-1,7,57,54
0,-1,7,57,54
0,-1,12,58,46
0,-1,8,56,46
0,-1,8,56,46
0,-1,1,51,41
0,-1,0,55,41
0,-1,2,55,41
0,-1,0,47,40
0,-1,0,52,40
0,-1,55,52,40
0,-1,0,50,43
0,-1,0,49,42
0,-1,0,55,42
0,-1,0,55,42
0,-1,0,48,42
0,-1,0,48,42
0,-1,0,52,42
0,-1,0,53,42
0,-1,0,53,42
0,-1,0,53,42
0,-1,0,51,41
0,-1,0,51,41
0,-1,0,51,41
0,-1,0,53,43
0,-1,0,52,43
0,-1,7,52,43
0,-1,0,54,42
0,-1,0,54,42
0,-1,0,54,42
0,-1,0,54,42
0,-1,0,51,42
0,-1,0,55,42
0,-1,0,55,42
0,-1,0,48,38
0,-1,0,54,38
0,-1,3,54,38
0,-1,0,47,41
0,-1,0,47,41
0,-1,0,47,41
0,-1,0,47,41
0,-1,0,52,42
0,-1,0,47,42
0,-1,0,47,42
0,-1,0,51,39
0,-1,0,50,39
0,-1,9,50,39
0,-1,0,54,41
0,-1,0,52,41
0,-1,0,52,41
0,-1,8,52,41
0,-1,0,56,41
0,-1,0,52,41
0,-1,0,52,41
0,-1,0,52,39
0,-1,0,55,39
0,-1,50,55,39
0,-1,0,48,38
0,-1,0,53,38
0,-1,0,53,38
0,-1,0,53,38
0,-1,0,50,38
0,-1,0,50,38
0,-1,0,51,41
0,-1,0,47,41
0,-1,52,47,41
0,-1,0,50,40
0,-1,0,50,40
0,-1,0,50,40
0,-1,0,53,42
0,-1,0,52,42
0,-1,8,52,42
0,-1,8,52,42
0,-1,0,52,41
0,-1,0,52,41
0,-1,0,52,41
0,-1,0,55,41
0,-1,0,51,41
0,-1,0,51,41
0,-1,0,54,41
0,-1,0,53,41
0,-1,0,53,41
1,3.0,0,49,40
0,-1,0,54,40
0,-1,51,54,40
0,-1,0,47,42
0,-1,0,51,42
0,-1,0,51,42
0,-1,0,53,46
0,-1,2,52,46
0,-1,0,52,46
0,-1,55,58,79
0,-1,56,52,79
0,-1,56,52,79
0,-1,85,66,122
0,-1,100,61,122
0,-1,63,61,122
0,-1,63,61,122
0,-1,131,75,122
0,-1,0,77,122
0,-1,0,77,122
0,-1,160,96,122
0,-1,94,96,122
0,-1,94,96,122
0,-1,149,98,122
0,-1,7,104,122
0,-1,7,104,122
0,-1,103,72,121
0,-1,106,79,121
0,-1,7,79,121
0,-1,74,66,75
0,-1,59,65,75
0,-1,69,65,75
0,-1,69,65,75
0,-1,24,54,75
0,-1,8,56,75
0,-1,8,56,75
0,-1,9,55,75
0,-1,0,55,75
0,-1,3,57,45
0,-1,2,52,45
0,-1,51,52,45
0,-1,0,54,43
0,-1,0,53,43
0,-1,0,53,43
0,-1,0,53,43
0,-1,0,55,44
0,-1,0,51,44
0,-1,0,51,44
0,-1,0,52,44
0,-1,0,55,44
0,-1,52,55,44
0,-1,0,49,42
0,-1,0,53,42
0,-1,0,53,42
0,-1,0,47,40
0,-1,0,51,40
0,-1,4,51,40
0,-1,0,52,51
0,-1,0,47,51
0,-1,52,47,51
0,-1,0,51,50
0,-1,0,50,50
0,-1,0,50,50
0,-1,0,54,44
0,-1,0,52,44
0,-1,7,52,44
0,-1,0,54,44
0,-1,0,51,44
0,-1,52,51,44
0,-1,52,51,44
0,-1,0,55,44
0,-1,0,55,44
0,-1,0,48,52
0,-1,0,53,52
0,-1,3,53,52
0,-1,0,47,46
0,-1,0,50,46
0,-1,54,50,46
0,-1,54,50,46
0,-1,0,47,41
0,-1,0,52,41
0,-1,0,52,41
0,-1,0,49,41
0,-1,8,49,41
0,-1,0,53,46
0,-1,0,52,46
0,-1,0,52,46
0,-1,0,52,46
0,-1,0,51,42
0,-1,0,51,42
0,-1,0,51,42
0,-1,0,54,43
0,-1,0,50,43
0,-1,9,50,43
0,-1,0,53,43
0,-1,0,53,43
0,-1,51,53,43
0,-1,0,50,44
0,-1,0,54,44
0,-1,0,54,44
0,-1,0,46,40
0,-1,0,52,40
0,-1,5,52,40
0,-1,0,49,43
1,3.0,0,48,43
0,-1,0,48,43
0,-1,0,48,43
0,-1,74,55,69
0,-1,93,70,69
0,-1,93,70,69
0,-1,150,68,69
0,-1,8,63,69
0,-1,8,63,69
0,-1,160,82,96
0,-1,141,71,96
0,-1,0,71,96
0,-1,0,71,96
0,-1,2,73,96
0,-1,2,73,96
0,-1,196,88,146
0,-1,240,106,146
0,-1,105,106,146
0,-1,105,106,146
0,-1,263,81,146
0,-1,2,77,146
0,-1,2,77,146
0,-1,190,66,146
0,-1,217,73,146
0,-1,9,73,146
0,-1,9,73,146
0,-1,131,61,146
0,-1,131,61,146
0,-1,75,59,146
0,-1,6,54,146
0,-1,6,54,146
0,-1,84,55,61
0,-1,82,55,61
0,-1,1,55,61
0,-1,1,55,61
0,-1,95,56,61
0,-1,95,56,61
0,-1,95,56,61
0,-1,37,55,61
0,-1,3,55,61
0,-1,17,51,43
0,-1,13,56,43
0,-1,52,56,43
0,-1,6,47,39
0,-1,3,51,39
0,-1,3,51,39
0,-1,3,51,39
0,-1,0,48,39
0,-1,0,48,39
0,-1,0,48,39
0,-1,0,46,39
0,-1,49,46,39
0,-1,0,51,42
0,-1,0,51,42
0,-1,0,51,42
0,-1,0,51,42
0,-1,0,50,43
0,-1,0,49,43
0,-1,0,49,43
0,-1,0,53,45
0,-1,0,53,45
0,-1,51,53,45
0,-1,0,49,41
0,-1,0,54,41
0,-1,0,54,41
0,-1,0,54,41
0,-1,0,52,42
0,-1,0,56,42
0,-1,0,56,42
0,-1,0,49,39
0,-1,0,53,39
0,-1,4,43,39
0,-1,0,52,42
0,-1,0,48,42
0,-1,0,48,42
0,-1,0,48,42
0,-1,0,52,42
0,-1,0,47,42
0,-1,0,47,42
0,-1,0,55,44
0,-1,0,50,44
0,-1,50,50,44
0,-1,50,50,44
0,-1,0,53,43
0,-1,0,51,43
0,-1,0,51,43
0,-1,0,54,43
0,-1,1,54,43
0,-1,0,46,41
0,-1,0,51,41
0,-1,0,51,41
0,-1,0,51,41
0,-1,0,49,41
0,-1,0,52,41
0,-1,0,52,41
0,-1,0,47,41
0,-1,9,47,41
0,-1,0,51,46
0,-1,0,51,46
0,-1,0,51,46
0,-1,0,51,46
0,-1,0,50,43
0,-1,0,50,43
0,-1,0,50,43
0,-1,0,53,45
0,-1,0,51,45
0,-1,7,51,45
0,-1,0,54,45
0,-1,0,54,45
0,-1,0,54,45
0,-1,0,50,43
0,-1,0,55,43
0,-1,0,55,43
0,-1,0,48,39
0,-1,0,53,39
0,-1,4,53,39
0,-1,0,47,46
0,-1,0,50,46
1,3.0,0,50,46
0,-1,0,50,46
0,-1,0,47,46
0,-1,0,47,46
0,-1,0,50,69
0,-1,0,49,69
0,-1,48,49,69
0,-1,48,49,69
0,-1,59,70,69
0,-1,4,69,69
0,-1,7,69,69
0,-1,100,88,153
0,-1,89,84,153
0,-1,89,84,153
0,-1,89,84,153
0,-1,145,92,153
0,-1,41,92,153
0,-1,2,92,153
0,-1,178,105,172
0,-1,152,104,172
0,-1,152,104,172
0,-1,152,104,172
0,-1,296,122,172
0,-1,76,112,172
0,-1,8,112,172
0,-1,228,98,172
0,-1,228,98,172
0,-1,228,98,172
0,-1,129,81,172
0,-1,76,84,172
0,-1,5,84,172
0,-1,176,70,74
0,-1,141,64,74
0,-1,62,64,74
0,-1,62,64,74
0,-1,143,65,74
0,-1,7,56,74
0,-1,7,56,74
0,-1,71,58,74
0,-1,8,58,74
0,-1,37,56,45
0,-1,31,59,45
0,-1,24,54,45
0,-1,24,54,45
0,-1,10,55,45
0,-1,10,55,45
0,-1,52,55,45
0,-1,2,50,41
0,-1,0,54,41
0,-1,0,54,41
0,-1,0,47,41
0,-1,0,52,41
0,-1,5,52,41
0,-1,0,50,45
0,-1,0,47,45
0,-1,0,47,45
0,-1,0,47,45
0,-1,0,48,39
0,-1,0,49,39
0,-1,0,53,42
0,-1,0,53,42
0,-1,47,53,42
0,-1,2,53,42
0,-1,0,51,42
0,-1,0,51,42
0,-1,0,51,42
0,-1,0,55,46
0,-1,0,51,46
0,-1,0,51,46
0,-1,0,54,43
0,-1,0,54,43
0,-1,3,54,43
0,-1,0,52,44
0,-1,0,56,44
0,-1,0,56,44
0,-1,0,56,44
0,-1,0,53,44
0,-1,0,53,44
0,-1,0,48,44
0,-1,0,50,44
0,-1,55,50,44
0,-1,0,52,43
0,-1,0,47,43
0,-1,0,47,43
0,-1,0,47,43
0,-1,0,52,44
0,-1,0,48,44
0,-1,0,48,44
0,-1,0,51,45
0,-1,0,48,45
0,-1,9,44,45
0,-1,0,54,47
0,-1,0,53,47
0,-1,0,53,47
0,-1,0,53,47
0,-1,0,56,46
0,-1,0,51,46
0,-1,0,51,46
0,-1,0,53,44
0,-1,0,54,44
0,-1,1,54,44
0,-1,0,49,41
0,-1,0,54,41
0,-1,0,54,41
0,-1,0,54,41
0,-1,0,51,38
0,-1,0,55,38
0,-1,0,55,38
0,-1,0,48,38
0,-1,53,48,38
0,-1,0,51,45
0,-1,0,49,45
0,-1,0,49,45
0,-1,0,49,45
0,-1,0,52,45
0,-1,0,47,45
0,-1,0,56,46
0,-1,0,51,46
0,-1,52,51,46
0,-1,0,53,42
0,-1,0,55,42
0,-1,0,55,42
0,-1,0,55,42
1,3.0,0,55,46
0,-1,0,54,46
0,-1,0,54,46
0,-1,0,52,46
0,-1,55,52,46
0,-1,55,52,46
0,-1,0,48,55
0,-1,0,54,55
0,-1,0,54,55
0,-1,22,49,60
0,-1,31,59,60
0,-1,78,59,60
0,-1,78,59,60
0,-1,68,80,60
0,-1,68,80,60
0,-1,68,80,60
0,-1,116,75,106
0,-1,120,67,106
0,-1,75,67,106
0,-1,75,67,106
0,-1,192,134,106
0,-1,1,127,106
0,-1,9,127,106
0,-1,9,127,106
0,-1,180,118,169
0,-1,206,118,169
0,-1,206,118,169
0,-1,206,118,169
0,-1,150,104,169
0,-1,4,97,169
0,-1,0,97,169
0,-1,121,90,92
0,-1,98,85,92
0,-1,76,85,92
0,-1,106,65,65
0,-1,87,68,65
0,-1,87,68,65
0,-1,87,68,65
0,-1,261,81,65
0,-1,3,81,65
0,-1,193,71,48
0,-1,155,62,48
0,-1,155,62,48
0,-1,155,62,48
0,-1,91,58,48
0,-1,2,53,48
0,-1,2,53,48
0,-1,36,54,48
0,-1,52,54,48
0,-1,1,54,48
0,-1,12,55,48
0,-1,53,55,48
0,-1,53,55,48
0,-1,1,55,45
0,-1,1,52,45
0,-1,1,52,45
0,-1,0,52,49
0,-1,0,55,53
0,-1,0,50,53
0,-1,0,50,53
0,-1,0,55,53
0,-1,55,55,53
0,-1,0,47,43
0,-1,0,51,43
0,-1,0,51,43
0,-1,0,51,43
0,-1,0,48,42
0,-1,0,52,42
0,-1,0,52,42
0,-1,0,48,43
0,-1,0,48,43
0,-1,3,48,43
0,-1,0,52,41
0,-1,0,47,41
0,-1,0,47,41
0,-1,0,52,40
0,-1,0,51,40
0,-1,0,51,40
0,-1,0,54,40
0,-1,0,50,40
0,-1,50,50,40
0,-1,0,53,43
0,-1,0,54,43
0,-1,0,54,43
0,-1,0,50,43
0,-1,0,55,43
0,-1,2,55,43
0,-1,0,48,41
0,-1,0,53,41
0,-1,55,53,41
0,-1,0,50,43
0,-1,0,48,43
0,-1,0,48,43
0,-1,0,48,43
0,-1,0,47,43
0,-1,0,47,43
0,-1,0,52,44
0,-1,0,52,44
0,-1,47,52,44
0,-1,47,52,44
0,-1,0,52,42
0,-1,0,51,42
0,-1,0,51,42
0,-1,0,54,44
0,-1,0,52,44
0,-1,0,52,44
0,-1,0,55,45
0,-1,0,52,45
0,-1,53,52,45
0,-1,0,52,44
0,-1,0,55,44
0,-1,0,55,44
0,-1,0,48,42
1,3.0,0,53,42
0,-1,2,53,42
0,-1,0,46,49
0,-1,0,49,49
0,-1,53,49,49
0,-1,21,62,59
0,-1,30,60,59
0,-1,8,60,59
0,-1,83,68,93
0,-1,99,64,93
0,-1,56,64,93
0,-1,56,64,93
0,-1,90,63,93
0,-1,20,67,93
0,-1,3,67,93
0,-1,115,69,93
0,-1,115,69,93
0,-1,115,69,93
0,-1,114,99,93
0,-1,15,91,93
0,-1,5,91,93
0,-1,94,95,141
0,-1,95,91,141
0,-1,95,91,141
0,-1,95,91,141
0,-1,88,81,141
0,-1,88,81,141
0,-1,88,81,141
0,-1,38,62,141
0,-1,6,62,141
0,-1,21,61,61
0,-1,16,57,61
0,-1,16,57,61
0,-1,6,58,53
0,-1,5,56,53
0,-1,5,56,53
0,-1,5,56,53
0,-1,1,53,44
0,-1,0,53,44
0,-1,0,53,44
0,-1,0,55,42
0,-1,0,51,42
0,-1,0,51,42
0,-1,0,54,40
0,-1,0,53,40
0,-1,0,53,40
0,-1,0,53,40
0,-1,30,57,40
0,-1,2,57,40
0,-1,3,57,40
0,-1,9,53,40
0,-1,56,53,40
0,-1,3,50,47
0,-1,2,49,47
0,-1,2,49,47
0,-1,2,49,47
0,-1,0,47,43
0,-1,0,50,43
0,-1,0,50,43
0,-1,0,52,43
0,-1,0,48,43
0,-1,53,48,43
0,-1,0,51,45
0,-1,0,51,45
0,-1,0,51,45
0,-1,0,54,46
0,-1,0,52,46
0,-1,0,52,46
0,-1,0,54,46
0,-1,0,52,46
0,-1,52,52,46
0,-1,0,52,43
0,-1,0,55,43
0,-1,0,55,43
0,-1,0,55,43
0,-1,0,49,40
0,-1,0,54,40
0,-1,4,54,40
0,-1,0,48,39
0,-1,0,51,39
0,-1,55,51,39
0,-1,55,51,39
0,-1,0,47,39
0,-1,0,53,39
0,-1,0,51,43
0,-1,0,50,43
0,-1,9,50,43
0,-1,0,53,44
0,-1,0,53,44
0,-1,48,53,44
0,-1,48,53,44
0,-1,0,52,42
0,-1,0,54,42
0,-1,0,54,42
0,-1,0,56,42
0,-1,1,56,42
0,-1,0,49,45
0,-1,0,54,45
1,3.0,0,54,45
0,-1,0,54,45
0,-1,0,50,62
0,-1,0,55,62
0,-1,0,55,62
0,-1,2,51,52
0,-1,4,51,52
0,-1,55,51,52
0,-1,59,51,52
0,-1,53,69,52
0,-1,8,76,52
0,-1,8,76,52
0,-1,115,92,131
0,-1,145,85,131
0,-1,145,85,131
0,-1,88,85,131
0,-1,116,93,131
0,-1,33,91,131
0,-1,0,91,131
0,-1,154,81,144
0,-1,144,82,144
0,-1,144,82,144
0,-1,144,82,144
0,-1,51,95,144
0,-1,4,95,144
0,-1,133,78,111
0,-1,158,81,111
0,-1,158,81,111
0,-1,158,81,111
0,-1,84,63,111
0,-1,84,63,111
0,-1,64,64,58
0,-1,51,61,58
0,-1,9,61,58
0,-1,24,58,49
0,-1,26,55,49
0,-1,26,55,49
0,-1,26,55,49
0,-1,12,54,49
0,-1,0,54,49
0,-1,39,54,49
0,-1,5,53,40
0,-1,2,55,40
0,-1,0,55,40
0,-1,0,48,40
0,-1,0,52,40
0,-1,53,52,40
0,-1,0,47,41
0,-1,0,49,41
0,-1,0,49,41
0,-1,0,51,39
0,-1,0,46,39
0,-1,2,46,39
0,-1,2,46,39
0,-1,0,49,44
0,-1,0,48,44
0,-1,0,48,44
0,-1,0,51,45
0,-1,0,46,45
0,-1,0,46,45
0,-1,0,50,47
0,-1,0,51,47
0,-1,5,51,47
0,-1,0,54,48
0,-1,0,49,48
0,-1,50,49,48
0,-1,0,53,43
0,-1,0,52,43
0,-1,0,52,43
0,-1,0,52,43
0,-1,0,54,43
0,-1,0,54,43
0,-1,2,54,43
0,-1,0,47,40
0,-1,0,52,40
0,-1,55,52,40
0,-1,0,50,41
0,-1,0,48,41
0,-1,0,48,41
0,-1,0,52,41
0,-1,0,48,41
0,-1,0,48,41
0,-1,0,51,41
0,-1,0,52,41
0,-1,47,52,41
0,-1,47,52,41
0,-1,0,50,41
0,-1,0,50,41
0,-1,0,53,41
0,-1,0,53,41
0,-1,0,53,41
0,-1,0,48,39
0,-1,0,53,39
0,-1,0,53,39
0,-1,0,53,39
0,-1,0,50,39
0,-1,0,55,39
0,-1,0,55,39
1,3.0,0,48,42
0,-1,0,53,42
0,-1,0,51,58
0,-1,0,47,58
0,-1,0,47,58
0,-1,53,47,58
0,-1,8,58,65
0,-1,12,57,65
0,-1,2,57,65
0,-1,81,78,96
0,-1,81,82,96
0,-1,81,82,96
0,-1,81,82,96
0,-1,121,83,111
0,-1,118,86,111
0,-1,118,86,111
0,-1,118,86,111
0,-1,118,86,111
0,-1,3,92,111
0,-1,3,92,111
0,-1,152,94,131
0,-1,131,88,131
0,-1,2,88,131
0,-1,2,88,131
0,-1,128,88,131
0,-1,128,88,131
0,-1,128,88,131
0,-1,90,71,131
0,-1,5,71,131
0,-1,5,71,131
0,-1,56,57,131
0,-1,59,57,131
0,-1,33,53,60
0,-1,27,51,60
0,-1,27,51,60
0,-1,27,51,60
0,-1,16,48,44
0,-1,11,45,44
0,-1,11,45,44
0,-1,20,49,45
0,-1,16,50,45
0,-1,44,50,45
0,-1,7,52,53
0,-1,27,48,53
0,-1,27,48,53
0,-1,12,50,47
0,-1,9,51,47
0,-1,9,51,47
0,-1,2,46,44
0,-1,1,51,44
0,-1,9,51,44
0,-1,0,44,43
0,-1,0,48,43
0,-1,0,48,43
0,-1,0,48,43
0,-1,0,47,47
0,-1,0,51,47
0,-1,0,51,47
0,-1,0,47,47
0,-1,47,47,47
0,-1,2,47,47
0,-1,2,47,47
0,-1,0,49,46
0,-1,0,44,46
0,-1,48,44,46
0,-1,48,44,46
0,-1,0,48,44
0,-1,0,46,44
0,-1,0,46,44
0,-1,0,48,46
0,-1,0,46,46
0,-1,6,46,46
0,-1,0,49,45
0,-1,0,49,45
0,-1,44,49,45
0,-1,0,51,47
0,-1,0,48,47
0,-1,0,48,47
0,-1,0,48,47
0,-1,0,51,47
0,-1,8,51,47
0,-1,0,47,41
0,-1,0,51,41
0,-1,50,51,41
0,-1,50,51,41
0,-1,0,48,41
0,-1,0,52,41
0,-1,0,52,41
0,-1,0,45,40
0,-1,0,50,40
0,-1,1,50,40
0,-1,0,45,40
0,-1,0,45,40
0,-1,0,50,44
0,-1,0,50,44
