0,-1,35,0,18
0,-1,36,0,17
0,-1,37,0,17
0,-1,37,0,18
0,-1,38,0,18
0,-1,34,0,17
0,-1,37,0,18
0,-1,36,0,18
0,-1,36,0,17
0,-1,38,0,18
0,-1,35,0,18
0,-1,38,0,20
0,-1,35,0,18
0,-1,36,0,18
0,-1,37,0,19
0,-1,36,0,18
0,-1,38,0,19
0,-1,34,0,18
0,-1,36,0,19
0,-1,37,0,19
0,-1,38,0,19
0,-1,38,0,19
0,-1,35,0,18
0,-1,38,0,19
0,-1,36,0,19
0,-1,36,0,19
0,-1,38,0,18
0,-1,37,0,19
0,-1,39,0,20
0,-1,35,0,17
0,-1,37,0,18
0,-1,37,0,18
0,-1,38,0,18
0,-1,39,0,20
0,-1,36,0,19
0,-1,38,0,19
0,-1,36,0,17
0,-1,37,0,18
0,-1,38,0,18
0,-1,37,0,19
0,-1,39,0,21
0,-1,36,0,18
0,-1,37,0,19
0,-1,37,0,18
0,-1,38,0,19
0,-1,39,0,18
0,-1,36,0,17
0,-1,38,0,19
0,-1,36,0,17
0,-1,37,0,17
0,-1,38,0,19
0,-1,37,0,18
0,-1,38,0,18
0,-1,35,0,17
0,-1,37,0,18
0,-1,37,0,17
0,-1,37,0,17
0,-1,38,0,18
0,-1,35,0,17
0,-1,38,0,19
0,-1,36,0,17
0,-1,36,0,17
0,-1,37,0,17
0,-1,36,0,17
0,-1,39,0,18
0,-1,35,0,16
0,-1,37,0,18
0,-1,38,0,17
0,-1,38,0,17
0,-1,39,0,18
0,-1,35,0,17
0,-1,37,0,18
0,-1,35,0,16
0,-1,36,0,17
0,-1,38,0,18
0,-1,37,0,19
0,-1,39,0,20
0,-1,36,0,18
0,-1,37,0,19
0,-1,38,0,18
0,-1,37,0,19
0,-1,38,0,19
0,-1,35,0,18
0,-1,38,0,19
0,-1,36,0,18
0,-1,36,0,19
0,-1,38,0,19
0,-1,37,0,18
0,-1,39,0,19
0,-1,35,0,17
0,-1,37,0,18
0,-1,38,0,18
0,-1,38,0,18
0,-1,40,0,19
0,-1,36,0,19
0,-1,39,0,20
0,-1,37,0,18
0,-1,38,0,18
0,-1,39,0,19
0,-1,37,0,19
0,-1,39,0,19
0,-1,35,0,17
0,-1,37,0,19
0,-1,38,0,17
0,-1,38,0,19
0,-1,39,0,20
0,-1,36,0,18
0,-1,38,0,20
0,-1,37,0,18
0,-1,37,0,18
0,-1,38,0,19
0,-1,37,0,18
0,-1,38,0,19
0,-1,35,0,17
0,-1,37,0,18
0,-1,37,0,18
0,-1,37,0,18
0,-1,39,0,19
0,-1,35,0,18
0,-1,38,0,20
0,-1,36,0,19
0,-1,38,0,19
0,-1,38,0,21
0,-1,37,0,20
0,-1,39,0,21
0,-1,36,0,18
0,-1,38,0,20
0,-1,38,0,19
0,-1,37,0,20
0,-1,39,0,21
0,-1,35,0,18
0,-1,38,0,20
0,-1,37,0,18
0,-1,37,0,19
0,-1,39,0,19
0,-1,37,0,20
0,-1,40,0,22
0,-1,37,0,19
0,-1,37,0,20
0,-1,38,0,19
0,-1,38,0,20
0,-1,39,0,21
0,-1,36,0,19
0,-1,38,0,21
0,-1,36,0,19
0,-1,37,0,19
0,-1,38,0,19
0,-1,36,0,19
0,-1,38,0,20
0,-1,36,0,17
0,-1,37,0,18
0,-1,38,0,19
0,-1,37,0,17
0,-1,38,0,17
0,-1,34,0,16
0,-1,36,0,18
0,-1,36,0,17
0,-1,36,0,17
0,-1,38,0,20
0,-1,36,0,20
0,-1,39,0,20
0,-1,36,0,18
0,-1,36,0,18
0,-1,38,0,19
0,-1,38,0,19
0,-1,39,0,19
0,-1,35,0,18
0,-1,38,0,20
0,-1,37,0,19
0,-1,37,0,18
0,-1,38,0,20
0,-1,36,0,19
0,-1,38,0,21
0,-1,35,0,18
0,-1,36,0,19
0,-1,37,0,19
0,-1,37,0,19
0,-1,39,0,19
0,-1,35,0,18
0,-1,38,0,20
0,-1,36,0,19
0,-1,38,0,18
0,-1,38,0,19
0,-1,36,0,18
0,-1,39,0,19
0,-1,36,0,18
0,-1,37,0,18
0,-1,38,0,18
0,-1,38,0,18
0,-1,39,0,19
0,-1,35,0,18
0,-1,38,0,21
0,-1,37,0,19
0,-1,38,0,19
0,-1,39,0,20
0,-1,36,0,19
0,-1,39,0,21
0,-1,36,0,18
0,-1,37,0,20
0,-1,38,0,19
0,-1,38,0,19
0,-1,38,0,19
0,-1,35,0,17
0,-1,37,0,19
0,-1,36,0,17
0,-1,37,0,18
0,-1,39,0,18
0,-1,37,0,17
0,-1,40,0,19
0,-1,36,0,17
0,-1,37,0,18
0,-1,38,0,19
0,-1,37,0,18
0,-1,39,0,20
0,-1,35,0,17
0,-1,38,0,20
0,-1,38,0,19
0,-1,38,0,19
0,-1,39,0,21
0,-1,36,0,20
0,-1,38,0,21
0,-1,35,0,19
0,-1,36,0,19
0,-1,36,0,20
0,-1,35,0,20
0,-1,37,0,20
0,-1,33,0,18
0,-1,36,0,20
0,-1,36,0,20
0,-1,36,0,20
0,-1,36,0,20
0,-1,34,0,18
0,-1,37,0,21
0,-1,35,0,20
0,-1,34,0,21
0,-1,35,0,22
0,-1,36,0,20
0,-1,37,0,22
0,-1,35,0,22
0,-1,37,0,24
0,-1,36,0,22
0,-1,37,0,20
0,-1,38,0,21
0,-1,36,0,20
0,-1,38,0,20
0,-1,36,0,20
0,-1,36,0,22
0,-1,36,0,23
0,-1,36,0,22
0,-1,39,0,22
0,-1,37,0,20
0,-1,41,0,21
0,-1,40,0,19
0,-1,41,0,20
0,-1,46,0,21
0,-1,46,0,20
0,-1,47,0,19
0,-1,51,0,21
0,-1,64,0,21
0,-1,70,0,22
0,-1,67,0,22
0,-1,66,0,23
0,-1,60,0,20
0,-1,61,0,19
0,-1,58,0,21
0,-1,62,0,21
0,-1,68,0,21
0,-1,63,0,20
0,-1,64,0,21
0,-1,61,0,19
0,-1,59,0,19
0,-1,58,0,19
0,-1,55,0,18
0,-1,56,0,19
0,-1,51,0,16
0,-1,52,0,18
0,-1,53,0,17
0,-1,53,0,17
0,-1,54,0,17
0,-1,50,0,16
0,-1,50,0,18
0,-1,46,0,16
0,-1,47,0,16
0,-1,47,0,18
0,-1,48,0,16
0,-1,53,0,17
0,-1,49,0,15
0,-1,50,0,18
0,-1,49,0,17
0,-1,49,0,17
0,-1,49,0,17
0,-1,47,0,17
0,-1,48,0,19
0,-1,47,0,17
0,-1,48,0,17
0,-1,48,0,19
0,-1,47,0,17
0,-1,48,0,18
0,-1,44,0,16
0,-1,47,0,17
0,-1,45,0,16
0,-1,45,0,17
0,-1,48,0,17
0,-1,44,0,16
0,-1,46,0,17
0,-1,45,0,15
0,-1,45,0,16
0,-1,46,0,17
0,-1,42,0,16
0,-1,49,0,18
0,-1,48,0,16
0,-1,48,0,17
0,-1,48,0,16
0,-1,48,0,15
0,-1,47,0,16
0,-1,44,0,14
0,-1,45,0,15
0,-1,43,0,13
0,-1,42,0,14
0,-1,40,0,13
0,-1,39,0,13
0,-1,43,0,13
0,-1,39,0,11
0,-1,40,0,12
0,-1,39,0,11
0,-1,40,0,11
0,-1,42,0,10
0,-1,38,0,10
0,-1,41,0,12
0,-1,40,0,11
0,-1,42,0,11
0,-1,44,0,12
0,-1,42,0,12
0,-1,44,0,13
0,-1,40,0,12
0,-1,42,0,14
0,-1,41,0,13
0,-1,44,0,12
0,-1,44,0,13
0,-1,42,0,13
0,-1,43,0,16
0,-1,40,0,15
0,-1,41,0,17
0,-1,42,0,17
0,-1,41,0,16
0,-1,43,0,17
0,-1,38,0,16
0,-1,37,0,17
0,-1,37,0,17
0,-1,37,0,17
0,-1,39,0,17
0,-1,36,0,16
0,-1,39,0,18
0,-1,38,0,17
0,-1,38,0,16
0,-1,39,0,16
0,-1,37,0,16
0,-1,38,0,15
0,-1,39,0,15
0,-1,38,0,15
0,-1,38,0,16
0,-1,39,0,16
0,-1,41,0,17
0,-1,37,0,16
0,-1,42,0,16
0,-1,44,0,14
0,-1,44,0,14
0,-1,44,0,16
0,-1,44,0,17
0,-1,44,0,17
0,-1,43,0,17
0,-1,42,0,18
0,-1,42,0,17
0,-1,42,0,18
0,-1,42,0,19
0,-1,39,0,17
0,-1,43,0,18
0,-1,43,0,17
0,-1,47,0,16
0,-1,49,0,15
0,-1,46,0,16
0,-1,46,0,17
0,-1,43,0,16
0,-1,42,0,19
0,-1,43,0,18
1,1.0,41,0,18
0,-1,42,0,18
0,-1,39,0,16
0,-1,43,0,17
0,-1,44,0,16
0,-1,45,0,19
0,-1,46,0,22
0,-1,44,0,22
0,-1,56,0,22
0,-1,53,0,23
0,-1,56,0,23
0,-1,54,0,25
0,-1,58,0,25
0,-1,58,0,28
0,-1,52,0,26
0,-1,53,0,28
0,-1,53,0,25
0,-1,50,0,27
0,-1,50,0,27
0,-1,48,0,26
0,-1,49,0,27
0,-1,48,0,28
0,-1,50,0,29
0,-1,52,0,29
0,-1,54,0,29
0,-1,56,0,28
0,-1,52,0,26
0,-1,52,0,27
0,-1,50,0,24
0,-1,50,0,24
0,-1,50,0,25
0,-1,47,0,25
0,-1,53,0,24
0,-1,51,0,22
0,-1,53,0,23
0,-1,58,0,21
0,-1,71,0,23
0,-1,73,1,27
0,-1,80,0,28
0,-1,86,1,35
0,-1,98,1,43
0,-1,100,0,45
0,-1,106,0,57
0,-1,109,0,61
0,-1,120,6,65
0,-1,149,2,76
0,-1,141,6,75
0,-1,152,9,71
0,-1,167,9,69
0,-1,168,9,67
0,-1,162,5,62
0,-1,169,10,64
0,-1,166,7,69
0,-1,161,7,76
0,-1,162,7,77
0,-1,153,3,75
0,-1,155,8,82
0,-1,157,5,81
0,-1,168,5,81
0,-1,163,6,76
0,-1,152,5,70
0,-1,140,6,65
0,-1,129,6,66
0,-1,122,8,65
0,-1,112,5,59
0,-1,105,6,59
0,-1,99,11,57
0,-1,90,8,56
0,-1,87,9,63
0,-1,79,4,57
0,-1,76,4,52
0,-1,72,6,48
0,-1,68,5,45
0,-1,66,7,45
0,-1,60,2,40
0,-1,60,5,44
0,-1,59,2,40
0,-1,57,2,40
0,-1,56,2,40
0,-1,53,0,37
0,-1,53,2,36
0,-1,52,0,32
0,-1,55,0,34
0,-1,61,0,36
0,-1,58,0,34
0,-1,58,0,33
0,-1,51,0,30
0,-1,51,0,30
0,-1,50,0,28
0,-1,48,0,26
0,-1,48,0,24
0,-1,46,0,22
0,-1,49,0,22
0,-1,46,0,20
0,-1,49,0,20
0,-1,52,0,20
0,-1,49,0,20
0,-1,52,0,20
0,-1,47,0,18
0,-1,47,0,20
0,-1,48,0,19
0,-1,48,0,18
0,-1,45,0,18
0,-1,44,0,18
0,-1,49,0,18
0,-1,47,0,17
0,-1,48,0,17
0,-1,48,0,18
0,-1,46,0,17
0,-1,49,0,17
0,-1,48,0,17
0,-1,49,0,20
0,-1,48,0,19
0,-1,48,0,18
0,-1,50,0,20
0,-1,45,0,18
0,-1,47,0,20
0,-1,45,0,17
0,-1,45,0,18
0,-1,45,0,19
0,-1,43,0,19
0,-1,44,0,21
0,-1,42,0,18
0,-1,46,0,18
1,1.0,46,0,17
0,-1,47,0,19
0,-1,47,0,19
0,-1,42,0,17
0,-1,44,0,18
0,-1,43,0,17
0,-1,43,0,17
0,-1,44,0,19
0,-1,42,0,20
0,-1,44,0,19
0,-1,41,0,20
0,-1,41,0,20
0,-1,44,0,20
0,-1,48,0,24
0,-1,52,0,24
0,-1,50,0,23
0,-1,48,0,24
0,-1,49,0,22
0,-1,52,0,22
0,-1,53,0,23
0,-1,57,0,25
0,-1,65,0,30
0,-1,66,0,32
0,-1,70,0,30
0,-1,80,0,33
0,-1,92,2,35
0,-1,112,3,41
0,-1,136,0,43
0,-1,151,3,49
0,-1,154,1,53
0,-1,170,2,57
0,-1,173,6,60
0,-1,196,6,71
0,-1,196,7,71
0,-1,188,3,73
0,-1,187,1,71
0,-1,183,1,79
0,-1,188,1,72
0,-1,183,3,67
0,-1,181,2,73
0,-1,172,3,83
0,-1,159,0,83
0,-1,155,0,87
0,-1,153,1,84
0,-1,142,0,78
0,-1,139,6,78
0,-1,134,7,72
0,-1,135,7,68
0,-1,124,6,67
0,-1,114,6,68
0,-1,104,8,66
0,-1,106,5,63
0,-1,102,8,60
0,-1,92,7,58
0,-1,87,11,54
0,-1,81,10,53
0,-1,76,11,49
0,-1,74,9,45
0,-1,67,4,42
0,-1,65,5,39
0,-1,62,3,38
0,-1,60,3,36
0,-1,61,4,36
0,-1,59,0,39
0,-1,60,2,38
0,-1,57,0,36
0,-1,59,0,36
0,-1,58,0,33
0,-1,53,0,31
0,-1,56,1,32
0,-1,52,0,32
0,-1,51,0,31
0,-1,51,0,29
0,-1,50,0,29
0,-1,51,0,28
0,-1,49,0,25
0,-1,51,0,26
0,-1,49,0,24
0,-1,49,0,24
0,-1,49,0,24
0,-1,47,0,22
0,-1,49,0,24
0,-1,44,0,22
0,-1,43,0,21
0,-1,47,0,21
0,-1,45,0,22
0,-1,47,0,22
0,-1,48,0,20
0,-1,46,0,21
0,-1,51,0,20
0,-1,50,0,19
0,-1,50,0,19
0,-1,46,0,18
0,-1,47,0,18
0,-1,45,0,17
0,-1,44,0,17
0,-1,46,0,17
0,-1,51,0,18
0,-1,52,0,19
0,-1,48,0,17
0,-1,51,0,18
0,-1,50,0,17
0,-1,52,0,18
0,-1,54,0,18
0,-1,54,0,17
0,-1,57,0,18
0,-1,52,0,16
0,-1,55,0,17
0,-1,55,0,17
0,-1,53,0,17
0,-1,54,0,17
0,-1,49,0,16
0,-1,52,0,18
0,-1,50,0,17
0,-1,49,0,17
0,-1,48,0,18
0,-1,46,0,16
0,-1,48,0,16
0,-1,46,0,14
1,1.0,46,0,15
0,-1,47,0,15
0,-1,46,0,16
0,-1,48,0,18
0,-1,43,0,17
0,-1,46,0,18
0,-1,46,0,17
0,-1,46,0,15
0,-1,47,0,15
0,-1,45,0,15
0,-1,46,0,15
0,-1,47,0,14
0,-1,44,0,16
0,-1,45,0,16
0,-1,44,0,15
0,-1,42,0,15
0,-1,39,0,14
0,-1,38,0,19
0,-1,40,0,21
0,-1,43,0,20
0,-1,47,0,22
0,-1,56,0,24
0,-1,70,0,27
0,-1,69,0,28
0,-1,89,0,35
0,-1,103,0,37
0,-1,106,0,36
0,-1,126,0,36
0,-1,138,0,42
0,-1,141,0,52
0,-1,163,0,51
0,-1,159,0,53
0,-1,169,1,69
0,-1,184,0,70
0,-1,185,1,67
0,-1,186,0,68
0,-1,179,0,67
0,-1,175,4,64
0,-1,165,11,68
0,-1,177,13,66
0,-1,173,9,64
0,-1,165,10,67
0,-1,180,6,75
0,-1,173,6,75
0,-1,172,5,72
0,-1,162,5,68
0,-1,147,8,63
0,-1,145,5,63
0,-1,148,11,59
0,-1,140,12,58
0,-1,128,14,54
0,-1,121,13,51
0,-1,110,10,51
0,-1,105,10,52
0,-1,100,7,52
0,-1,95,6,53
0,-1,90,8,54
0,-1,83,8,49
0,-1,81,10,49
0,-1,75,9,45
0,-1,71,10,42
0,-1,69,9,40
0,-1,65,8,39
0,-1,62,9,40
0,-1,61,3,37
0,-1,65,5,36
0,-1,64,3,33
0,-1,67,2,33
0,-1,69,3,35
0,-1,64,0,33
0,-1,64,2,32
0,-1,61,0,29
0,-1,58,0,28
0,-1,57,0,27
0,-1,55,0,25
0,-1,56,0,25
0,-1,52,0,22
0,-1,59,0,23
0,-1,60,0,23
0,-1,58,0,21
0,-1,56,0,22
0,-1,52,0,21
0,-1,52,0,22
0,-1,50,0,21
0,-1,50,0,19
0,-1,51,0,19
0,-1,49,0,18
0,-1,47,0,19
0,-1,45,0,17
0,-1,51,0,17
0,-1,57,0,17
0,-1,57,0,16
0,-1,56,0,17
0,-1,53,0,15
0,-1,54,0,14
0,-1,51,0,13
0,-1,51,0,14
0,-1,52,0,15
0,-1,50,0,15
0,-1,50,0,17
0,-1,46,0,15
0,-1,47,0,17
0,-1,49,0,16
0,-1,48,0,18
0,-1,48,0,18
0,-1,46,0,17
0,-1,49,0,18
0,-1,46,0,17
0,-1,47,0,17
0,-1,46,0,17
0,-1,42,0,17
0,-1,45,0,17
0,-1,42,0,17
0,-1,40,0,18
0,-1,40,0,18
0,-1,42,0,17
0,-1,43,0,17
0,-1,40,0,17
0,-1,47,0,19
0,-1,44,0,17
1,1.0,45,0,17
0,-1,47,0,18
0,-1,46,0,17
0,-1,47,0,17
0,-1,44,0,16
0,-1,44,0,16
0,-1,45,0,15
0,-1,46,0,16
0,-1,49,0,16
0,-1,47,0,16
0,-1,48,0,17
0,-1,47,0,16
0,-1,44,0,16
0,-1,46,0,18
0,-1,45,0,16
0,-1,51,0,15
0,-1,48,0,15
0,-1,50,0,17
0,-1,50,0,21
0,-1,51,0,22
0,-1,50,0,20
0,-1,48,0,23
0,-1,51,0,33
0,-1,55,0,36
0,-1,59,0,42
0,-1,65,0,44
0,-1,65,0,44
0,-1,77,0,44
0,-1,81,0,43
0,-1,81,0,47
0,-1,83,0,49
0,-1,91,0,59
0,-1,93,0,60
0,-1,108,0,63
0,-1,132,0,67
0,-1,140,0,68
0,-1,145,0,73
0,-1,138,2,77
0,-1,142,2,72
0,-1,131,0,68
0,-1,135,0,68
0,-1,137,2,68
0,-1,142,2,70
0,-1,145,0,72
0,-1,151,3,75
0,-1,139,1,75
0,-1,128,3,73
0,-1,121,0,70
0,-1,115,0,71
0,-1,107,1,65
0,-1,98,0,61
0,-1,97,2,61
0,-1,89,0,60
0,-1,87,0,67
0,-1,81,0,68
0,-1,79,0,66
0,-1,79,0,66
0,-1,71,0,67
0,-1,72,5,64
0,-1,68,7,58
0,-1,65,10,54
0,-1,63,11,49
0,-1,58,9,48
0,-1,58,10,46
0,-1,53,5,43
0,-1,53,5,42
0,-1,53,4,40
0,-1,58,3,40
0,-1,58,5,45
0,-1,55,0,44
0,-1,51,2,45
0,-1,50,0,40
0,-1,50,0,38
0,-1,51,0,38
0,-1,46,0,35
0,-1,48,1,33
0,-1,45,0,30
0,-1,45,0,28
0,-1,47,0,27
0,-1,45,0,26
0,-1,46,0,25
0,-1,46,0,23
0,-1,44,0,23
0,-1,45,0,25
0,-1,47,0,25
0,-1,48,0,25
0,-1,45,0,23
0,-1,47,0,24
0,-1,43,0,21
0,-1,44,0,20
0,-1,45,0,20
0,-1,45,0,19
0,-1,46,0,19
0,-1,42,0,18
0,-1,42,0,20
0,-1,42,0,20
0,-1,42,0,19
0,-1,44,0,21
0,-1,45,0,20
0,-1,44,0,20
0,-1,42,0,18
0,-1,48,0,19
0,-1,50,0,18
0,-1,50,0,18
0,-1,50,0,18
0,-1,45,0,16
0,-1,49,0,18
0,-1,52,0,18
0,-1,53,0,17
0,-1,53,0,18
0,-1,53,0,17
0,-1,56,0,18
0,-1,53,0,17
0,-1,52,0,17
0,-1,51,0,17
0,-1,50,0,19
0,-1,50,0,20
0,-1,45,0,19
0,-1,48,0,19
0,-1,47,0,18
0,-1,47,0,18
0,-1,48,0,18
0,-1,44,0,18
1,1.0,45,0,18
0,-1,43,0,16
0,-1,44,0,16
0,-1,44,0,18
0,-1,43,0,17
0,-1,46,0,18
0,-1,42,0,17
0,-1,44,0,19
0,-1,45,0,18
0,-1,44,0,19
0,-1,48,0,22
0,-1,45,0,28
0,-1,48,0,28
0,-1,44,0,26
0,-1,44,0,25
0,-1,45,0,25
0,-1,45,0,26
0,-1,47,0,26
0,-1,42,0,23
0,-1,42,0,22
0,-1,48,0,24
0,-1,45,0,24
0,-1,47,0,25
0,-1,49,0,24
0,-1,48,5,27
0,-1,48,3,26
0,-1,49,5,27
0,-1,59,6,27
0,-1,62,5,29
0,-1,61,7,29
0,-1,65,4,31
0,-1,74,7,35
0,-1,77,7,37
0,-1,87,8,44
0,-1,92,8,43
0,-1,116,6,46
0,-1,147,9,58
0,-1,162,7,66
0,-1,152,8,62
0,-1,153,8,64
0,-1,146,11,65
0,-1,164,13,64
0,-1,164,10,61
0,-1,157,11,62
0,-1,151,15,66
0,-1,156,17,72
0,-1,161,17,72
0,-1,156,15,68
0,-1,150,18,73
0,-1,154,12,72
0,-1,144,10,71
0,-1,134,14,67
0,-1,123,16,69
0,-1,116,16,64
0,-1,104,12,58
0,-1,97,13,53
0,-1,92,12,49
0,-1,87,13,47
0,-1,84,12,48
0,-1,76,8,48
0,-1,75,9,51
0,-1,69,7,46
0,-1,66,8,42
0,-1,65,7,40
0,-1,60,5,46
0,-1,60,7,42
0,-1,55,2,39
0,-1,54,3,39
0,-1,53,2,42
0,-1,59,1,38
0,-1,63,2,39
0,-1,59,0,36
0,-1,58,1,34
0,-1,60,0,32
0,-1,61,0,30
0,-1,62,0,30
0,-1,58,0,28
0,-1,57,0,28
0,-1,52,0,25
0,-1,51,0,24
0,-1,51,0,22
0,-1,51,0,21
0,-1,54,0,21
0,-1,48,0,19
0,-1,55,0,20
0,-1,51,0,19
0,-1,51,0,19
0,-1,50,0,20
0,-1,48,0,18
0,-1,49,0,19
0,-1,47,0,18
0,-1,48,0,18
0,-1,48,0,17
0,-1,47,0,18
0,-1,49,0,19
0,-1,46,0,17
0,-1,46,0,18
0,-1,45,0,17
0,-1,45,0,16
0,-1,46,0,16
0,-1,46,0,16
0,-1,46,0,17
0,-1,45,0,15
0,-1,47,0,16
0,-1,50,0,16
0,-1,48,0,17
0,-1,49,0,18
0,-1,47,0,17
0,-1,49,0,18
0,-1,47,0,17
0,-1,46,0,17
0,-1,46,0,18
0,-1,46,0,16
0,-1,48,0,17
0,-1,45,0,16
0,-1,44,0,16
0,-1,44,0,17
0,-1,44,0,17
0,-1,44,0,18
0,-1,40,0,16
1,1.0,42,0,17
0,-1,42,0,16
0,-1,43,0,17
0,-1,42,0,17
0,-1,41,0,17
0,-1,42,0,20
0,-1,40,0,18
0,-1,41,0,17
0,-1,42,0,17
0,-1,40,0,17
0,-1,45,0,17
0,-1,41,0,16
0,-1,41,0,18
0,-1,43,0,17
0,-1,44,0,18
0,-1,46,0,20
0,-1,45,0,20
0,-1,51,0,21
0,-1,50,0,19
0,-1,48,0,19
0,-1,50,0,20
0,-1,48,0,23
0,-1,50,0,23
0,-1,54,0,25
0,-1,53,0,25
0,-1,60,0,26
0,-1,66,0,28
0,-1,69,0,27
0,-1,80,0,34
0,-1,82,0,40
0,-1,81,0,39
0,-1,82,0,44
0,-1,83,0,45
0,-1,92,0,46
0,-1,96,0,46
0,-1,98,0,46
0,-1,108,0,46
0,-1,113,0,46
0,-1,114,0,48
0,-1,134,2,59
0,-1,131,1,65
0,-1,126,2,64
0,-1,120,1,61
0,-1,122,0,60
0,-1,127,0,61
0,-1,122,0,70
0,-1,124,2,66
0,-1,124,0,62
0,-1,120,2,60
0,-1,110,0,54
0,-1,105,0,51
0,-1,99,0,50
0,-1,89,0,54
0,-1,86,0,56
0,-1,78,0,50
0,-1,75,0,49
0,-1,72,0,44
0,-1,68,0,42
0,-1,68,0,40
0,-1,61,0,45
0,-1,60,3,41
0,-1,58,3,38
0,-1,56,5,38
0,-1,56,4,39
0,-1,52,2,36
0,-1,52,4,34
0,-1,51,0,32
0,-1,61,0,32
0,-1,67,0,36
0,-1,67,0,35
0,-1,67,1,33
0,-1,62,0,30
0,-1,63,0,30
0,-1,61,0,28
0,-1,62,0,26
0,-1,62,0,26
0,-1,57,0,26
0,-1,56,0,27
0,-1,55,0,26
0,-1,55,0,24
0,-1,58,0,24
0,-1,55,0,23
0,-1,56,0,24
0,-1,52,0,22
0,-1,52,0,23
0,-1,53,0,21
0,-1,52,0,21
0,-1,53,0,20
0,-1,48,0,18
0,-1,51,0,19
0,-1,49,0,17
0,-1,49,0,17
0,-1,51,0,18
0,-1,49,0,18
0,-1,52,0,19
0,-1,47,0,18
0,-1,48,0,18
0,-1,47,0,18
0,-1,47,0,17
0,-1,47,0,17
0,-1,44,0,16
0,-1,46,0,17
0,-1,45,0,16
0,-1,45,0,15
0,-1,46,0,16
0,-1,44,0,16
0,-1,44,0,16
0,-1,44,0,16
0,-1,46,0,16
0,-1,48,0,16
0,-1,49,0,16
0,-1,51,0,17
0,-1,46,0,16
0,-1,47,0,17
0,-1,45,0,17
0,-1,45,0,18
1,1.0,44,0,19
0,-1,40,0,18
0,-1,42,0,19
0,-1,42,0,19
0,-1,48,0,19
0,-1,47,0,19
0,-1,45,0,19
0,-1,49,0,20
0,-1,46,0,19
0,-1,46,0,20
0,-1,43,0,19
0,-1,46,0,18
0,-1,50,0,20
0,-1,46,0,19
0,-1,47,0,23
0,-1,46,0,25
0,-1,48,0,24
0,-1,49,0,24
0,-1,50,0,24
0,-1,55,0,24
0,-1,53,0,24
0,-1,60,0,24
0,-1,59,0,24
0,-1,63,0,30
0,-1,69,0,33
0,-1,75,0,37
0,-1,94,0,41
0,-1,103,0,46
0,-1,113,0,47
0,-1,107,0,62
0,-1,123,1,58
0,-1,131,0,58
0,-1,128,2,63
0,-1,134,7,60
0,-1,129,5,60
0,-1,125,5,57
0,-1,134,7,57
0,-1,130,7,55
0,-1,126,8,52
0,-1,122,5,57
0,-1,128,9,56
0,-1,145,10,61
0,-1,176,11,68
0,-1,173,11,71
0,-1,167,10,68
0,-1,166,11,80
0,-1,159,13,77
0,-1,159,10,71
0,-1,147,9,69
0,-1,146,7,68
0,-1,138,7,71
0,-1,123,2,66
0,-1,115,2,65
0,-1,106,1,62
0,-1,98,1,58
0,-1,92,8,55
0,-1,83,17,51
0,-1,82,28,49
0,-1,79,24,47
0,-1,79,23,45
0,-1,78,23,43
0,-1,72,19,41
0,-1,71,18,47
0,-1,65,13,46
0,-1,63,15,46
0,-1,58,13,43
0,-1,56,12,46
0,-1,59,11,46
0,-1,59,6,44
0,-1,61,8,42
0,-1,59,5,39
0,-1,55,4,37
0,-1,55,4,35
0,-1,51,2,33
0,-1,54,4,32
0,-1,52,0,29
0,-1,51,0,28
0,-1,55,0,28
0,-1,53,0,28
0,-1,50,1,28
0,-1,48,0,26
0,-1,49,0,26
0,-1,48,0,25
0,-1,48,0,25
0,-1,49,0,25
0,-1,46,0,23
0,-1,48,0,23
0,-1,46,0,22
0,-1,45,0,21
0,-1,46,0,20
0,-1,48,0,19
0,-1,49,0,18
0,-1,45,0,16
0,-1,46,0,18
0,-1,45,0,18
0,-1,45,0,18
0,-1,46,0,20
0,-1,44,0,18
0,-1,50,0,20
0,-1,47,0,18
0,-1,47,0,18
0,-1,47,0,21
0,-1,46,0,20
0,-1,45,0,19
0,-1,41,0,17
0,-1,44,0,17
0,-1,44,0,17
0,-1,45,0,17
0,-1,45,0,18
0,-1,42,0,17
0,-1,44,0,19
0,-1,44,0,17
0,-1,44,0,19
1,1.0,44,0,16
0,-1,43,0,15
0,-1,49,0,16
0,-1,50,0,14
0,-1,50,0,20
0,-1,49,0,18
0,-1,48,0,18
0,-1,50,0,18
0,-1,46,0,17
0,-1,48,0,17
0,-1,46,0,16
0,-1,48,0,16
0,-1,49,0,18
0,-1,54,0,20
0,-1,56,0,21
0,-1,65,0,22
0,-1,72,0,25
0,-1,74,0,26
0,-1,95,0,31
0,-1,105,0,36
0,-1,106,0,43
0,-1,100,0,53
0,-1,98,0,53
0,-1,101,0,58
0,-1,115,0,57
0,-1,118,0,59
0,-1,133,0,58
0,-1,128,0,63
0,-1,130,4,61
0,-1,128,4,62
0,-1,133,6,57
0,-1,136,9,57
0,-1,129,6,57
0,-1,126,9,62
0,-1,125,7,65
0,-1,131,8,62
0,-1,133,8,63
0,-1,129,8,66
0,-1,125,10,69
0,-1,114,5,68
0,-1,117,11,66
0,-1,111,8,63
0,-1,105,7,60
0,-1,104,7,61
0,-1,95,4,58
0,-1,90,5,66
0,-1,92,1,65
0,-1,98,2,61
0,-1,95,3,57
0,-1,95,1,53
0,-1,91,2,51
0,-1,81,1,46
0,-1,78,2,43
0,-1,75,3,42
0,-1,71,2,41
0,-1,69,6,41
0,-1,62,6,39
0,-1,63,7,38
0,-1,59,3,38
0,-1,59,3,44
0,-1,61,3,43
0,-1,57,3,49
0,-1,57,5,47
0,-1,55,0,43
0,-1,55,1,40
0,-1,55,0,38
0,-1,56,0,36
0,-1,57,0,34
0,-1,52,0,31
0,-1,57,0,32
0,-1,55,0,35
0,-1,54,0,33
0,-1,54,0,32
0,-1,50,0,30
0,-1,53,0,28
0,-1,48,0,25
0,-1,48,0,25
0,-1,47,0,26
0,-1,48,0,24
0,-1,49,0,25
0,-1,44,0,23
0,-1,47,0,23
0,-1,46,0,21
0,-1,46,0,22
0,-1,46,0,23
0,-1,47,0,24
0,-1,49,0,23
0,-1,46,0,21
0,-1,47,0,23
0,-1,48,0,24
0,-1,48,0,23
0,-1,48,0,24
0,-1,46,0,23
0,-1,49,0,24
0,-1,47,0,22
0,-1,50,0,23
0,-1,50,0,22
0,-1,50,0,22
0,-1,54,0,23
0,-1,53,0,25
0,-1,55,0,24
0,-1,57,0,24
0,-1,54,0,24
0,-1,59,0,24
0,-1,52,0,23
1,1.0,56,0,23
0,-1,52,0,24
0,-1,52,0,26
0,-1,54,0,27
0,-1,52,0,26
0,-1,53,0,31
0,-1,53,0,31
0,-1,54,0,33
0,-1,54,0,30
0,-1,52,0,31
0,-1,52,0,31
0,-1,48,0,32
0,-1,51,0,33
0,-1,51,0,31
0,-1,50,0,31
0,-1,50,0,36
0,-1,48,0,34
0,-1,48,0,32
0,-1,52,0,44
0,-1,58,0,55
0,-1,68,0,52
0,-1,74,0,56
0,-1,87,0,57
0,-1,89,0,62
0,-1,102,0,61
0,-1,109,0,63
0,-1,110,0,64
0,-1,121,1,69
0,-1,142,1,74
0,-1,148,5,75
0,-1,152,2,74
0,-1,142,4,69
0,-1,144,3,68
0,-1,157,5,77
0,-1,166,8,76
0,-1,159,5,76
0,-1,170,7,79
0,-1,178,5,74
0,-1,176,5,85
0,-1,177,6,85
0,-1,182,5,84
0,-1,206,8,85
0,-1,192,4,83
0,-1,175,3,83
0,-1,170,4,82
0,-1,160,4,84
0,-1,159,5,82
0,-1,149,2,75
0,-1,139,5,71
0,-1,127,5,62
0,-1,118,3,59
0,-1,111,1,59
0,-1,104,0,57
0,-1,100,1,62
0,-1,93,0,63
0,-1,91,0,61
0,-1,90,0,62
0,-1,85,0,63
0,-1,83,0,61
0,-1,74,0,58
0,-1,73,0,55
0,-1,68,0,50
0,-1,66,0,46
0,-1,65,0,46
0,-1,59,0,44
0,-1,60,0,45
0,-1,55,0,46
0,-1,54,0,50
0,-1,54,0,52
0,-1,52,0,49
0,-1,60,0,45
0,-1,55,0,40
0,-1,56,0,40
0,-1,59,0,37
0,-1,59,0,34
0,-1,60,0,33
0,-1,59,0,33
0,-1,59,0,35
0,-1,54,0,32
0,-1,54,0,30
0,-1,55,0,30
0,-1,52,0,28
0,-1,52,0,27
0,-1,49,0,24
0,-1,50,0,24
0,-1,50,0,22
0,-1,53,0,22
0,-1,54,0,22
0,-1,55,0,21
0,-1,58,0,23
0,-1,56,0,21
0,-1,54,0,22
0,-1,55,0,21
0,-1,51,0,20
0,-1,53,0,20
0,-1,49,0,18
0,-1,51,0,19
0,-1,50,0,19
0,-1,52,0,21
0,-1,55,0,22
0,-1,52,0,22
0,-1,54,0,23
0,-1,52,0,22
0,-1,53,0,22
0,-1,52,0,21
0,-1,49,0,20
0,-1,49,0,20
1,1.0,47,0,20
0,-1,47,0,23
0,-1,47,0,22
0,-1,50,0,21
0,-1,53,0,22
0,-1,49,0,21
0,-1,49,0,21
0,-1,52,0,20
0,-1,53,0,19
0,-1,52,0,21
0,-1,48,0,23
0,-1,50,0,25
0,-1,45,0,23
0,-1,45,0,27
0,-1,45,0,25
0,-1,47,0,25
0,-1,50,0,25
0,-1,53,0,24
0,-1,63,3,28
0,-1,62,0,30
0,-1,78,2,31
0,-1,86,4,38
0,-1,84,6,39
0,-1,101,7,43
0,-1,109,3,48
0,-1,115,4,54
0,-1,118,4,67
0,-1,126,2,66
0,-1,133,8,68
0,-1,142,4,73
0,-1,149,7,71
0,-1,152,9,68
0,-1,146,8,68
0,-1,138,8,73
0,-1,147,17,72
0,-1,146,18,72
0,-1,147,14,74
0,-1,144,14,81
0,-1,144,13,75
0,-1,152,12,78
0,-1,154,11,76
0,-1,144,8,70
0,-1,133,11,64
0,-1,123,11,60
0,-1,114,10,57
0,-1,106,12,62
0,-1,97,12,60
0,-1,96,13,57
0,-1,86,7,61
0,-1,83,8,59
0,-1,80,11,55
0,-1,77,11,51
0,-1,75,14,48
0,-1,67,12,45
0,-1,67,13,44
0,-1,62,9,41
0,-1,61,8,40
0,-1,61,8,38
0,-1,57,6,45
0,-1,56,7,45
0,-1,56,2,47
0,-1,60,2,45
0,-1,62,2,44
0,-1,62,3,41
0,-1,62,4,39
0,-1,59,0,36
0,-1,60,2,36
0,-1,57,0,34
0,-1,56,0,32
0,-1,57,0,31
0,-1,55,0,28
0,-1,56,1,26
0,-1,53,0,25
0,-1,52,0,24
0,-1,51,0,24
0,-1,49,0,22
0,-1,48,0,22
0,-1,43,0,21
0,-1,47,0,22
0,-1,46,0,19
0,-1,46,0,19
0,-1,46,0,19
0,-1,47,0,19
0,-1,50,0,20
0,-1,46,0,18
0,-1,47,0,19
0,-1,47,0,18
0,-1,46,0,18
0,-1,50,0,18
0,-1,47,0,17
0,-1,51,0,17
0,-1,50,0,16
0,-1,50,0,16
0,-1,52,0,18
0,-1,48,0,17
0,-1,48,0,19
0,-1,46,0,17
0,-1,45,0,17
0,-1,46,0,17
0,-1,47,0,16
0,-1,50,0,17
0,-1,46,0,16
0,-1,48,0,17
0,-1,43,0,16
0,-1,45,0,18
0,-1,46,0,19
0,-1,43,0,19
0,-1,50,0,19
0,-1,46,0,17
0,-1,45,0,17
0,-1,46,0,16
0,-1,48,0,16
0,-1,46,0,16
0,-1,40,0,15
0,-1,43,0,17
0,-1,43,0,18
0,-1,44,0,21
0,-1,46,0,21
0,-1,43,0,21
0,-1,49,0,22
0,-1,47,0,19
0,-1,45,0,19
0,-1,45,0,19
0,-1,45,0,18
0,-1,48,0,20
0,-1,45,0,19
0,-1,47,0,21
0,-1,48,0,21
0,-1,48,0,20
0,-1,47,0,20
0,-1,48,0,19
0,-1,50,0,18
0,-1,48,0,18
0,-1,47,0,17
0,-1,49,0,16
0,-1,48,0,17
0,-1,49,0,19
0,-1,46,0,17
0,-1,47,0,17
0,-1,46,0,17
0,-1,45,0,16
0,-1,44,0,17
0,-1,41,0,16
0,-1,42,0,17
0,-1,43,0,16
0,-1,42,0,16
0,-1,42,0,17
0,-1,41,0,18
0,-1,42,0,21
0,-1,38,0,21
0,-1,40,0,23
0,-1,40,0,21
0,-1,45,0,20
0,-1,48,0,20
0,-1,45,0,19
0,-1,47,0,19
0,-1,47,0,18
0,-1,48,0,17
0,-1,50,0,16
0,-1,49,0,16
0,-1,51,0,18
0,-1,48,0,17
0,-1,50,0,16
0,-1,50,0,15
0,-1,50,0,15
0,-1,51,0,16
0,-1,47,0,15
0,-1,48,0,16
0,-1,47,0,15
0,-1,47,0,15
0,-1,49,0,16
0,-1,47,0,17
0,-1,50,0,18
0,-1,47,0,16
0,-1,48,0,16
0,-1,46,0,16
0,-1,46,0,16
0,-1,47,0,16
0,-1,43,0,15
0,-1,48,0,16
0,-1,48,0,14
0,-1,47,0,15
0,-1,49,0,16
0,-1,46,0,15
0,-1,47,0,15
0,-1,45,0,13
0,-1,51,0,15
0,-1,49,0,14
0,-1,50,0,14
0,-1,52,0,15
0,-1,47,0,13
0,-1,48,0,15
0,-1,46,0,14
0,-1,46,0,13
0,-1,45,0,13
0,-1,46,0,14
0,-1,46,0,15
0,-1,44,0,13
0,-1,46,0,14
0,-1,48,0,13
0,-1,47,0,13
0,-1,45,0,14
0,-1,43,0,13
0,-1,44,0,13
0,-1,41,0,12
0,-1,41,0,12
0,-1,43,0,13
0,-1,42,0,12
0,-1,40,0,13
0,-1,37,0,11
0,-1,39,0,13
0,-1,41,0,12
0,-1,41,0,14
0,-1,42,0,16
0,-1,39,0,15
0,-1,44,0,15
0,-1,41,0,14
0,-1,41,0,14
0,-1,43,0,15
0,-1,40,0,14
0,-1,43,0,15
0,-1,39,0,13
0,-1,42,0,14
0,-1,42,0,14
0,-1,43,0,14
0,-1,45,0,14
0,-1,42,0,13
0,-1,45,0,14
0,-1,45,0,13
0,-1,45,0,13
0,-1,46,0,13
0,-1,42,0,13
0,-1,47,0,13
0,-1,43,0,12
0,-1,44,0,13
0,-1,44,0,13
0,-1,47,0,13
0,-1,50,0,14
0,-1,46,0,12
0,-1,49,0,15
0,-1,49,0,13
0,-1,50,0,14
0,-1,51,0,14
0,-1,50,0,16
0,-1,51,0,15
0,-1,47,0,13
0,-1,48,0,15
0,-1,49,0,14
0,-1,49,0,14
0,-1,50,0,14
0,-1,49,0,13
0,-1,51,0,13
0,-1,50,0,13
0,-1,48,0,16
0,-1,48,0,16
0,-1,47,0,16
0,-1,49,0,17
0,-1,47,0,15
0,-1,48,0,15
0,-1,49,0,15
0,-1,47,0,15
0,-1,45,0,15
0,-1,46,0,14
0,-1,48,0,16
0,-1,46,0,15
0,-1,45,0,15
0,-1,44,0,16
0,-1,42,0,15
1,2.0,43,0,16
0,-1,40,0,14
0,-1,41,0,15
0,-1,42,0,14
0,-1,44,0,13
0,-1,47,0,14
0,-1,44,0,13
0,-1,48,0,16
0,-1,50,0,22
0,-1,52,0,24
0,-1,54,0,31
0,-1,55,0,32
0,-1,62,0,31
0,-1,56,0,34
0,-1,58,6,37
0,-1,64,18,41
0,-1,60,17,39
0,-1,58,16,37
0,-1,58,12,36
0,-1,64,15,45
0,-1,62,11,50
0,-1,62,25,50
0,-1,66,45,46
0,-1,71,45,50
0,-1,71,47,54
0,-1,73,41,54
0,-1,81,38,55
0,-1,82,49,54
0,-1,81,66,54
0,-1,85,88,64
0,-1,89,78,79
0,-1,95,85,81
0,-1,110,103,94
0,-1,107,102,90
0,-1,109,102,91
0,-1,110,122,94
0,-1,121,153,94
0,-1,113,141,114
0,-1,108,137,111
0,-1,109,152,112
0,-1,106,145,109
0,-1,103,132,109
0,-1,102,123,103
0,-1,101,118,103
0,-1,93,107,97
0,-1,88,98,92
0,-1,87,89,90
0,-1,85,79,87
0,-1,97,74,82
0,-1,88,66,79
0,-1,84,61,78
0,-1,80,56,72
0,-1,81,51,68
0,-1,79,48,63
0,-1,70,43,56
0,-1,69,41,51
0,-1,65,36,46
0,-1,63,33,43
0,-1,62,31,40
0,-1,56,26,36
0,-1,57,25,36
0,-1,54,18,35
0,-1,53,17,33
0,-1,55,16,32
0,-1,53,14,31
0,-1,58,14,32
0,-1,55,8,30
0,-1,57,10,29
0,-1,55,7,27
0,-1,55,6,26
0,-1,55,6,24
0,-1,51,3,22
0,-1,55,5,22
0,-1,50,0,21
0,-1,50,1,19
0,-1,49,1,19
0,-1,48,1,19
0,-1,51,2,19
0,-1,46,0,17
0,-1,49,0,17
0,-1,48,0,17
0,-1,48,0,16
0,-1,47,0,17
0,-1,46,0,16
0,-1,50,0,18
0,-1,49,0,16
0,-1,49,0,17
0,-1,52,0,17
0,-1,52,0,16
0,-1,54,0,17
0,-1,49,0,15
0,-1,50,0,16
0,-1,49,0,16
0,-1,52,0,16
0,-1,53,0,16
0,-1,50,0,15
0,-1,53,0,17
0,-1,50,0,17
0,-1,49,0,17
0,-1,49,0,17
0,-1,46,0,19
0,-1,46,0,20
0,-1,41,0,18
0,-1,45,0,18
0,-1,48,0,17
0,-1,50,0,17
0,-1,51,0,18
0,-1,49,0,16
0,-1,51,0,16
0,-1,48,0,16
0,-1,48,0,16
0,-1,48,0,16
0,-1,46,0,16
0,-1,50,0,15
0,-1,46,0,13
0,-1,46,0,14
0,-1,47,0,14
0,-1,46,0,15
0,-1,45,0,15
0,-1,41,0,14
1,2.0,41,0,14
0,-1,40,0,12
0,-1,42,0,13
0,-1,44,0,13
0,-1,43,0,13
0,-1,45,0,15
0,-1,44,0,14
0,-1,44,0,19
0,-1,45,0,22
0,-1,47,0,23
0,-1,46,0,22
0,-1,48,0,26
0,-1,50,0,25
0,-1,50,0,22
0,-1,50,0,22
0,-1,49,0,20
0,-1,51,0,23
0,-1,53,0,24
0,-1,52,0,23
0,-1,54,0,24
0,-1,55,1,26
0,-1,54,0,26
0,-1,56,0,29
0,-1,57,1,30
0,-1,57,2,31
0,-1,62,17,32
0,-1,64,30,37
0,-1,70,40,44
0,-1,73,64,47
0,-1,92,78,49
0,-1,100,78,53
0,-1,96,77,60
0,-1,99,88,72
0,-1,117,90,86
0,-1,145,114,92
0,-1,169,125,101
0,-1,181,128,98
0,-1,190,138,102
0,-1,182,161,96
0,-1,168,156,89
0,-1,164,156,88
0,-1,158,184,82
0,-1,157,187,80
0,-1,157,174,80
0,-1,152,162,83
0,-1,146,172,86
0,-1,143,168,83
0,-1,129,149,75
0,-1,120,147,72
0,-1,113,129,70
0,-1,106,117,67
0,-1,100,108,64
0,-1,90,95,62
0,-1,86,86,56
0,-1,79,73,56
0,-1,75,67,52
0,-1,72,61,47
0,-1,69,56,44
0,-1,67,56,40
0,-1,60,54,36
0,-1,61,53,36
0,-1,57,45,32
0,-1,55,40,31
0,-1,55,37,31
0,-1,51,32,32
0,-1,54,30,32
0,-1,51,23,31
0,-1,49,21,34
0,-1,49,19,32
0,-1,52,17,31
0,-1,54,16,29
0,-1,49,11,26
0,-1,48,12,26
0,-1,48,8,24
0,-1,49,7,23
0,-1,53,7,22
0,-1,53,5,21
0,-1,53,6,23
0,-1,50,2,20
0,-1,49,2,20
0,-1,49,2,20
0,-1,48,2,19
0,-1,48,3,18
0,-1,45,0,17
0,-1,46,1,19
0,-1,46,0,17
0,-1,46,0,17
0,-1,46,0,17
0,-1,44,0,17
0,-1,47,0,17
0,-1,44,0,15
0,-1,45,0,15
0,-1,45,0,15
0,-1,43,0,17
0,-1,43,0,16
0,-1,41,0,17
0,-1,41,0,24
0,-1,40,0,28
0,-1,43,0,30
0,-1,46,0,28
0,-1,43,0,27
0,-1,46,0,27
0,-1,44,0,24
0,-1,43,0,24
0,-1,44,0,25
0,-1,44,0,23
0,-1,46,0,22
0,-1,42,0,24
0,-1,42,0,23
0,-1,42,0,21
0,-1,44,0,20
0,-1,48,0,19
0,-1,46,0,18
0,-1,46,0,20
0,-1,41,0,19
1,2.0,41,0,20
0,-1,43,0,19
0,-1,43,0,20
0,-1,45,0,24
0,-1,40,0,22
0,-1,42,0,22
0,-1,43,0,21
0,-1,44,0,19
0,-1,45,0,21
0,-1,41,0,22
0,-1,44,0,25
0,-1,44,0,28
0,-1,46,0,27
0,-1,48,0,32
0,-1,48,0,33
0,-1,48,0,31
0,-1,46,0,34
0,-1,46,2,36
0,-1,45,0,34
0,-1,44,1,32
0,-1,45,3,31
0,-1,45,0,32
0,-1,43,4,32
0,-1,43,2,32
0,-1,45,6,33
0,-1,46,13,34
0,-1,45,23,37
0,-1,50,27,36
0,-1,51,39,38
0,-1,56,42,36
0,-1,63,45,36
0,-1,75,55,43
0,-1,80,69,43
0,-1,96,66,43
0,-1,114,74,53
0,-1,123,92,55
0,-1,126,111,62
0,-1,128,127,62
0,-1,138,119,65
0,-1,136,116,72
0,-1,138,118,72
0,-1,138,127,74
0,-1,146,124,96
0,-1,148,148,102
0,-1,144,134,118
0,-1,145,125,122
0,-1,151,126,125
0,-1,143,130,133
0,-1,141,126,125
0,-1,139,116,122
0,-1,133,103,116
0,-1,129,95,108
0,-1,119,80,110
0,-1,121,75,110
0,-1,116,66,104
0,-1,110,62,97
0,-1,103,59,89
0,-1,95,54,88
0,-1,92,53,81
0,-1,84,53,73
0,-1,80,50,68
0,-1,77,46,65
0,-1,73,40,59
0,-1,71,38,54
0,-1,64,29,50
0,-1,63,28,48
0,-1,61,24,44
0,-1,60,21,41
0,-1,61,20,39
0,-1,59,15,35
0,-1,60,16,33
0,-1,56,11,30
0,-1,56,10,29
0,-1,55,9,27
0,-1,54,7,26
0,-1,55,8,25
0,-1,50,3,22
0,-1,51,5,22
0,-1,49,3,20
0,-1,49,3,20
0,-1,51,3,20
0,-1,49,0,19
0,-1,46,2,19
0,-1,48,0,20
0,-1,49,0,19
0,-1,49,0,19
0,-1,46,0,18
0,-1,49,1,17
0,-1,45,0,15
0,-1,45,0,16
0,-1,44,0,16
0,-1,45,0,16
0,-1,46,0,17
0,-1,45,0,15
0,-1,44,0,15
0,-1,45,0,14
0,-1,43,0,14
0,-1,43,0,16
0,-1,41,0,19
0,-1,44,0,19
0,-1,41,0,17
0,-1,41,0,17
0,-1,42,0,16
0,-1,41,0,15
0,-1,42,0,16
0,-1,42,0,15
0,-1,44,0,14
0,-1,43,0,15
0,-1,42,0,16
0,-1,48,0,16
0,-1,46,0,16
0,-1,48,0,17
0,-1,44,0,16
0,-1,45,0,15
0,-1,45,0,15
1,2.0,45,0,15
0,-1,46,0,16
0,-1,44,0,15
0,-1,48,0,18
0,-1,46,0,17
0,-1,47,0,17
0,-1,49,0,18
0,-1,47,0,19
0,-1,48,0,21
0,-1,45,0,19
0,-1,46,0,22
0,-1,45,0,21
0,-1,42,0,20
0,-1,44,0,21
0,-1,40,0,20
0,-1,41,0,17
0,-1,40,0,16
0,-1,44,0,15
0,-1,46,0,15
0,-1,44,0,15
0,-1,44,1,16
0,-1,43,0,19
0,-1,43,2,19
0,-1,44,5,18
0,-1,44,7,19
0,-1,45,23,18
0,-1,44,33,24
0,-1,49,34,32
0,-1,48,35,36
0,-1,52,43,43
0,-1,61,58,43
0,-1,83,68,51
0,-1,84,75,54
0,-1,86,69,57
0,-1,96,65,63
0,-1,101,77,64
0,-1,110,89,70
0,-1,119,98,80
0,-1,127,128,77
0,-1,121,120,76
0,-1,130,128,79
0,-1,133,137,81
0,-1,126,166,84
0,-1,125,158,87
0,-1,120,149,86
0,-1,120,161,94
0,-1,129,152,91
0,-1,126,144,87
0,-1,118,137,87
0,-1,115,125,88
0,-1,109,123,84
0,-1,109,114,81
0,-1,106,101,77
0,-1,100,96,81
0,-1,94,89,74
0,-1,86,78,68
0,-1,84,72,62
0,-1,77,60,58
0,-1,73,54,56
0,-1,71,49,53
0,-1,67,44,50
0,-1,66,41,48
0,-1,59,36,45
0,-1,59,38,41
0,-1,57,33,40
0,-1,56,29,37
0,-1,55,28,38
0,-1,50,22,34
0,-1,53,22,33
0,-1,49,16,30
0,-1,48,15,28
0,-1,48,13,25
0,-1,49,12,23
0,-1,49,12,22
0,-1,46,6,20
0,-1,51,8,20
0,-1,49,6,18
0,-1,48,5,17
0,-1,48,5,17
0,-1,44,3,16
0,-1,46,5,18
0,-1,43,1,16
0,-1,44,1,17
0,-1,43,2,23
0,-1,45,2,22
0,-1,45,3,21
0,-1,44,0,19
0,-1,43,1,20
0,-1,43,0,19
0,-1,44,0,19
0,-1,44,0,19
0,-1,41,0,18
0,-1,46,1,18
0,-1,42,0,17
0,-1,42,0,18
0,-1,42,0,20
0,-1,42,0,20
0,-1,44,0,21
0,-1,41,0,20
0,-1,44,0,20
1,2.0,43,0,20
0,-1,44,0,20
0,-1,45,0,20
0,-1,41,0,19
0,-1,46,0,19
0,-1,44,0,18
0,-1,44,0,19
0,-1,46,0,18
0,-1,44,0,17
0,-1,47,0,16
0,-1,43,0,16
0,-1,47,0,17
0,-1,46,0,16
0,-1,46,0,15
0,-1,47,0,15
0,-1,44,0,14
0,-1,48,0,16
0,-1,47,0,14
0,-1,49,0,16
0,-1,49,0,18
0,-1,52,1,22
0,-1,54,6,22
0,-1,52,8,21
0,-1,54,8,20
0,-1,58,20,23
0,-1,65,30,28
0,-1,82,37,32
0,-1,94,54,32
0,-1,101,63,40
0,-1,129,69,45
0,-1,141,85,50
0,-1,135,89,53
0,-1,138,95,53
0,-1,136,103,69
0,-1,147,138,73
0,-1,156,146,78
0,-1,155,133,78
0,-1,159,122,82
0,-1,152,111,87
0,-1,141,122,83
0,-1,134,114,80
0,-1,128,101,83
0,-1,129,104,88
0,-1,132,111,88
0,-1,129,109,85
0,-1,119,105,85
0,-1,107,90,83
0,-1,100,84,79
0,-1,94,75,73
0,-1,88,67,71
0,-1,85,61,72
0,-1,77,53,69
0,-1,75,52,68
0,-1,70,46,63
0,-1,68,43,57
0,-1,66,41,53
0,-1,63,38,49
0,-1,62,36,46
0,-1,56,28,41
0,-1,56,27,38
0,-1,55,23,35
0,-1,54,21,32
0,-1,56,20,30
0,-1,53,14,29
0,-1,52,15,28
0,-1,49,11,25
0,-1,49,10,24
0,-1,48,9,23
0,-1,46,7,22
0,-1,49,8,22
0,-1,47,3,20
0,-1,48,3,20
0,-1,48,3,19
0,-1,47,2,19
0,-1,44,2,20
0,-1,42,0,18
0,-1,48,1,17
0,-1,45,0,15
0,-1,47,0,16
0,-1,47,0,15
0,-1,47,0,15
0,-1,52,1,15
0,-1,47,0,14
0,-1,47,0,14
0,-1,49,0,14
0,-1,50,0,13
0,-1,51,0,14
0,-1,47,0,14
0,-1,48,0,15
0,-1,48,0,14
0,-1,49,0,13
0,-1,51,0,14
0,-1,49,0,13
0,-1,52,0,14
0,-1,47,0,12
0,-1,47,0,13
0,-1,51,0,15
0,-1,52,0,14
0,-1,53,0,15
0,-1,49,0,13
0,-1,50,0,14
0,-1,49,0,14
0,-1,49,0,13
0,-1,48,0,14
0,-1,46,0,13
0,-1,46,0,15
0,-1,43,0,12
0,-1,45,0,12
0,-1,46,0,12
0,-1,48,0,12
0,-1,51,0,14
0,-1,46,0,13
0,-1,50,0,15
0,-1,50,0,14
0,-1,49,0,14
0,-1,50,0,15
0,-1,47,0,14
0,-1,49,0,15
0,-1,46,0,13
0,-1,45,0,13
0,-1,46,0,13
0,-1,48,0,13
0,-1,48,0,13
0,-1,45,0,13
0,-1,46,0,13
0,-1,46,0,13
0,-1,45,0,14
0,-1,46,0,13
0,-1,43,0,13
0,-1,47,0,14
0,-1,45,0,13
0,-1,47,0,13
0,-1,47,0,12
0,-1,49,0,11
0,-1,49,0,12
0,-1,45,0,11
0,-1,46,0,13
0,-1,45,0,11
0,-1,45,0,11
0,-1,44,0,12
0,-1,43,0,11
0,-1,45,0,12
0,-1,45,0,12
0,-1,44,0,13
0,-1,45,0,13
1,2.0,45,0,13
0,-1,45,0,14
0,-1,41,0,14
0,-1,43,0,16
0,-1,44,0,16
0,-1,45,0,15
0,-1,45,0,16
0,-1,42,0,16
0,-1,40,0,21
0,-1,39,0,19
0,-1,43,0,19
0,-1,46,0,18
0,-1,44,0,19
0,-1,45,0,22
0,-1,42,0,31
0,-1,45,4,31
0,-1,47,18,34
0,-1,54,45,34
0,-1,53,77,34
0,-1,58,78,41
0,-1,59,85,44
0,-1,69,86,55
0,-1,89,94,65
0,-1,91,104,68
0,-1,89,95,73
0,-1,110,108,79
0,-1,141,117,84
0,-1,168,144,85
0,-1,163,141,89
0,-1,154,139,96
0,-1,152,136,100
0,-1,150,141,98
0,-1,154,149,99
0,-1,155,136,97
0,-1,157,131,92
0,-1,156,119,88
0,-1,164,120,85
0,-1,165,114,90
0,-1,149,105,85
0,-1,148,97,84
0,-1,139,87,94
0,-1,129,79,89
0,-1,120,71,84
0,-1,109,62,78
0,-1,104,60,73
0,-1,95,51,67
0,-1,89,47,61
0,-1,85,46,56
0,-1,79,48,51
0,-1,76,49,47
0,-1,69,40,43
0,-1,67,38,38
0,-1,65,32,35
0,-1,62,29,34
0,-1,61,26,35
0,-1,56,21,34
0,-1,58,21,33
0,-1,55,16,33
0,-1,59,14,31
0,-1,59,13,29
0,-1,57,11,28
0,-1,59,11,27
0,-1,60,6,25
0,-1,60,7,24
0,-1,57,5,23
0,-1,54,4,21
0,-1,55,5,21
0,-1,50,1,19
0,-1,53,4,20
0,-1,51,0,19
0,-1,51,0,19
0,-1,53,1,19
0,-1,52,0,17
0,-1,54,2,17
0,-1,48,0,15
0,-1,46,0,17
0,-1,46,0,16
0,-1,46,0,16
0,-1,46,0,16
0,-1,42,0,14
0,-1,45,0,16
0,-1,43,0,15
0,-1,43,0,15
0,-1,45,0,15
0,-1,43,0,15
0,-1,44,0,16
0,-1,41,0,14
0,-1,43,0,14
0,-1,47,0,14
0,-1,46,0,14
0,-1,49,0,15
0,-1,45,0,13
0,-1,47,0,14
0,-1,44,0,13
0,-1,43,0,13
0,-1,44,0,15
0,-1,45,0,14
0,-1,49,0,15
0,-1,45,0,14
0,-1,46,0,15
0,-1,46,0,15
0,-1,45,0,15
0,-1,46,0,16
0,-1,43,0,14
0,-1,48,0,16
0,-1,48,0,15
0,-1,47,0,14
0,-1,48,0,14
0,-1,45,0,14
0,-1,47,0,16
0,-1,44,0,14
0,-1,46,0,14
0,-1,48,0,14
0,-1,46,0,14
1,2.0,48,0,16
0,-1,44,0,16
0,-1,44,0,17
0,-1,42,0,16
0,-1,44,0,17
0,-1,46,0,17
0,-1,43,0,16
0,-1,46,0,15
0,-1,43,0,14
0,-1,45,0,14
0,-1,47,0,14
0,-1,49,0,13
0,-1,51,0,13
0,-1,48,0,13
0,-1,46,0,13
0,-1,46,0,13
0,-1,50,0,18
0,-1,50,0,17
0,-1,50,2,17
0,-1,49,6,18
0,-1,47,5,24
0,-1,48,16,28
0,-1,65,29,31
0,-1,81,54,34
0,-1,86,54,35
0,-1,84,65,45
0,-1,92,88,48
0,-1,91,79,54
0,-1,100,107,55
0,-1,107,120,52
0,-1,110,112,52
0,-1,116,127,53
0,-1,134,139,58
0,-1,155,130,60
0,-1,154,122,60
0,-1,150,113,71
0,-1,156,112,72
0,-1,151,111,76
0,-1,155,139,80
0,-1,161,143,78
0,-1,176,151,79
0,-1,173,140,86
0,-1,179,145,89
0,-1,192,170,91
0,-1,185,150,88
0,-1,178,138,94
0,-1,164,124,88
0,-1,162,111,85
0,-1,149,103,84
0,-1,137,91,84
0,-1,128,82,79
0,-1,117,73,72
0,-1,110,70,67
0,-1,103,65,61
0,-1,93,56,60
0,-1,90,51,56
0,-1,82,45,49
0,-1,78,45,46
0,-1,75,42,44
0,-1,70,37,40
0,-1,67,34,37
0,-1,61,27,41
0,-1,63,26,43
0,-1,61,21,40
0,-1,62,19,38
0,-1,60,18,37
0,-1,60,13,34
0,-1,57,14,33
0,-1,52,9,30
0,-1,53,8,29
0,-1,53,7,27
0,-1,49,6,26
0,-1,53,7,25
0,-1,51,2,22
0,-1,55,3,22
0,-1,53,2,20
0,-1,52,1,20
0,-1,51,2,21
0,-1,51,0,21
0,-1,55,2,21
0,-1,51,0,19
0,-1,51,0,19
0,-1,52,0,18
0,-1,48,0,18
0,-1,50,0,18
0,-1,45,0,16
0,-1,47,0,16
0,-1,51,0,15
0,-1,52,0,16
0,-1,52,0,18
0,-1,50,0,17
0,-1,53,0,18
0,-1,49,0,16
0,-1,51,0,16
0,-1,51,0,17
0,-1,49,0,16
0,-1,50,0,16
0,-1,47,0,15
0,-1,48,0,15
0,-1,49,0,14
0,-1,53,0,14
0,-1,53,0,14
0,-1,52,0,14
0,-1,53,0,14
0,-1,51,0,13
0,-1,53,0,13
0,-1,55,0,13
0,-1,53,0,13
0,-1,53,0,14
0,-1,50,0,12
0,-1,51,0,13
0,-1,50,0,13
0,-1,48,0,13
0,-1,47,0,13
0,-1,46,0,13
0,-1,51,0,14
0,-1,50,0,13
0,-1,50,0,13
0,-1,49,0,14
0,-1,49,0,14
1,2.0,52,0,14
0,-1,49,0,13
0,-1,52,0,16
0,-1,52,0,15
0,-1,52,0,16
0,-1,55,0,16
0,-1,53,0,15
0,-1,51,0,15
0,-1,50,0,14
0,-1,51,0,17
0,-1,50,3,17
0,-1,48,2,16
0,-1,50,3,18
0,-1,46,2,16
0,-1,47,6,18
0,-1,45,7,21
0,-1,48,6,25
0,-1,51,5,28
0,-1,55,13,28
0,-1,65,18,31
0,-1,65,34,32
0,-1,72,46,34
0,-1,82,55,41
0,-1,81,61,47
0,-1,86,82,47
0,-1,99,96,48
0,-1,121,98,53
0,-1,127,115,63
0,-1,124,119,75
0,-1,126,118,79
0,-1,131,112,87
0,-1,130,119,82
0,-1,121,122,77
0,-1,115,124,77
0,-1,113,133,79
0,-1,109,133,78
0,-1,101,140,82
0,-1,95,136,82
0,-1,95,131,84
0,-1,91,122,86
0,-1,89,127,86
0,-1,85,118,82
0,-1,91,106,80
0,-1,93,98,77
0,-1,85,94,69
0,-1,82,85,66
0,-1,79,77,72
0,-1,77,74,70
0,-1,74,72,66
0,-1,69,63,60
0,-1,67,59,55
0,-1,63,52,50
0,-1,63,47,52
0,-1,62,47,56
0,-1,56,42,56
0,-1,55,39,56
0,-1,52,38,54
0,-1,51,33,52
0,-1,52,31,48
0,-1,48,27,44
0,-1,50,28,42
0,-1,49,20,39
0,-1,50,19,37
0,-1,49,16,35
0,-1,50,14,33
0,-1,54,14,31
0,-1,50,9,27
0,-1,51,10,27
0,-1,48,6,25
0,-1,48,6,23
0,-1,48,6,22
0,-1,47,4,22
0,-1,49,5,21
0,-1,45,0,19
0,-1,47,2,20
0,-1,46,1,19
0,-1,45,1,18
0,-1,49,2,19
0,-1,46,0,17
0,-1,48,1,18
0,-1,46,0,16
0,-1,45,0,16
0,-1,47,0,17
0,-1,44,0,15
0,-1,45,0,15
0,-1,42,0,13
0,-1,44,0,13
0,-1,45,0,13
0,-1,43,0,13
0,-1,44,0,13
0,-1,41,0,13
0,-1,43,0,14
0,-1,43,0,13
0,-1,42,0,13
0,-1,43,0,13
0,-1,40,0,12
0,-1,41,0,14
0,-1,39,0,12
0,-1,40,0,13
0,-1,41,0,13
0,-1,42,0,13
0,-1,45,0,13
0,-1,41,0,12
0,-1,41,0,12
0,-1,42,0,11
0,-1,42,0,12
0,-1,45,0,15
0,-1,45,0,14
0,-1,49,0,16
0,-1,45,0,14
0,-1,45,0,15
0,-1,44,0,15
1,2.0,43,0,14
0,-1,44,0,15
0,-1,40,0,14
0,-1,41,0,14
0,-1,40,0,14
0,-1,41,0,16
0,-1,42,0,16
0,-1,40,0,17
0,-1,43,0,17
0,-1,41,0,16
0,-1,42,0,16
0,-1,42,0,15
0,-1,46,0,14
0,-1,47,0,19
0,-1,49,0,18
0,-1,48,0,20
0,-1,47,0,22
0,-1,45,0,22
0,-1,45,0,23
0,-1,48,0,23
0,-1,55,2,26
0,-1,62,2,26
0,-1,64,7,26
0,-1,64,15,34
0,-1,69,28,38
0,-1,81,35,45
0,-1,85,37,45
0,-1,98,44,53
0,-1,117,50,59
0,-1,125,60,68
0,-1,136,89,69
0,-1,143,91,82
0,-1,150,121,97
0,-1,166,112,98
0,-1,164,112,96
0,-1,158,109,98
0,-1,154,115,97
0,-1,142,114,89
0,-1,129,112,82
0,-1,132,108,82
0,-1,124,125,86
0,-1,114,123,93
0,-1,107,113,86
0,-1,100,105,81
0,-1,96,96,76
0,-1,88,82,70
0,-1,84,73,70
0,-1,80,67,68
0,-1,75,62,67
0,-1,73,57,61
0,-1,66,55,55
0,-1,67,57,54
0,-1,64,52,50
0,-1,60,47,46
0,-1,60,44,42
0,-1,54,36,39
0,-1,55,34,36
0,-1,52,27,33
0,-1,50,25,32
0,-1,51,23,32
0,-1,48,20,31
0,-1,48,19,30
0,-1,44,12,26
0,-1,44,13,26
0,-1,42,10,24
0,-1,44,9,22
0,-1,50,9,20
0,-1,46,4,19
0,-1,47,7,19
0,-1,45,3,18
0,-1,45,2,17
0,-1,46,3,17
0,-1,46,2,18
0,-1,45,3,20
0,-1,46,0,17
0,-1,54,0,18
0,-1,52,0,17
0,-1,51,0,18
0,-1,51,0,18
0,-1,47,0,16
0,-1,50,0,17
0,-1,47,0,16
0,-1,47,0,17
0,-1,47,0,18
0,-1,50,0,17
0,-1,51,0,18
0,-1,47,0,17
0,-1,47,0,17
0,-1,46,0,16
0,-1,48,0,16
0,-1,47,0,15
0,-1,43,0,15
0,-1,45,0,17
0,-1,44,0,16
0,-1,46,0,17
0,-1,47,0,18
0,-1,42,0,17
0,-1,47,0,18
0,-1,44,0,16
0,-1,44,0,17
0,-1,44,0,18
0,-1,43,0,18
0,-1,47,0,19
0,-1,42,0,17
0,-1,45,0,17
0,-1,42,0,18
0,-1,49,0,19
0,-1,53,0,19
0,-1,50,0,19
0,-1,52,0,19
0,-1,48,0,18
1,2.0,49,0,19
0,-1,48,0,17
0,-1,50,0,19
0,-1,52,0,23
0,-1,48,0,28
0,-1,49,0,31
0,-1,48,0,34
0,-1,50,0,37
0,-1,51,0,35
0,-1,48,0,33
0,-1,52,0,33
0,-1,49,0,30
0,-1,49,0,31
0,-1,52,0,31
0,-1,54,0,30
0,-1,55,0,29
0,-1,50,0,30
0,-1,57,0,44
0,-1,61,21,44
0,-1,66,36,50
0,-1,77,51,55
0,-1,80,61,56
0,-1,89,75,54
0,-1,96,71,57
0,-1,110,64,66
0,-1,113,59,67
0,-1,108,61,67
0,-1,117,61,75
0,-1,115,67,80
0,-1,137,68,85
0,-1,137,68,88
0,-1,134,90,86
0,-1,134,89,87
0,-1,133,92,90
0,-1,124,100,98
0,-1,126,113,96
0,-1,128,107,92
0,-1,125,99,87
0,-1,121,103,86
0,-1,113,101,83
0,-1,112,91,83
0,-1,109,82,79
0,-1,102,73,71
0,-1,100,67,66
0,-1,95,60,61
0,-1,87,52,61
0,-1,82,49,64
0,-1,75,46,62
0,-1,74,43,59
0,-1,72,39,54
0,-1,68,38,50
0,-1,67,38,46
0,-1,60,34,42
0,-1,60,34,38
0,-1,57,27,38
0,-1,56,27,37
0,-1,55,25,34
0,-1,51,20,32
0,-1,51,20,31
0,-1,49,14,28
0,-1,52,13,31
0,-1,53,12,29
0,-1,52,10,28
0,-1,54,10,26
0,-1,49,5,25
0,-1,51,7,25
0,-1,53,4,23
0,-1,53,4,22
0,-1,52,4,22
0,-1,48,1,20
0,-1,48,3,21
0,-1,47,0,19
0,-1,47,0,18
0,-1,47,1,18
0,-1,46,0,17
0,-1,52,1,17
0,-1,48,0,16
0,-1,50,0,17
0,-1,50,0,16
0,-1,50,0,16
0,-1,50,0,18
0,-1,47,0,17
0,-1,49,0,17
0,-1,46,0,16
0,-1,45,0,15
0,-1,46,0,16
0,-1,45,0,15
0,-1,47,0,15
0,-1,43,0,14
0,-1,45,0,15
0,-1,50,0,14
0,-1,52,0,15
0,-1,52,0,17
0,-1,47,0,15
0,-1,49,0,16
0,-1,47,0,15
0,-1,47,0,14
0,-1,48,0,13
0,-1,45,0,13
0,-1,46,0,14
0,-1,42,0,12
0,-1,45,0,14
0,-1,46,0,14
0,-1,47,0,13
0,-1,48,0,13
0,-1,43,0,13
0,-1,42,0,13
0,-1,40,0,12
0,-1,40,0,12
0,-1,41,0,13
0,-1,41,0,13
0,-1,44,0,14
0,-1,41,0,12
0,-1,43,0,13
0,-1,43,0,13
0,-1,42,0,12
0,-1,44,0,13
0,-1,41,0,13
0,-1,42,0,14
0,-1,40,0,13
0,-1,41,0,12
0,-1,42,0,12
0,-1,41,0,13
0,-1,43,0,14
0,-1,38,0,12
0,-1,39,0,13
0,-1,39,0,13
0,-1,40,0,13
0,-1,41,0,14
0,-1,37,0,13
0,-1,38,0,14
0,-1,36,0,13
0,-1,36,0,13
0,-1,38,0,13
0,-1,37,0,13
0,-1,38,0,14
0,-1,36,0,12
0,-1,37,0,13
0,-1,36,0,13
0,-1,39,0,13
0,-1,40,0,13
0,-1,37,0,13
0,-1,41,0,13
0,-1,39,0,13
0,-1,40,0,13
0,-1,40,0,13
0,-1,39,0,13
0,-1,41,0,13
0,-1,38,0,13
0,-1,43,0,13
0,-1,45,0,13
0,-1,46,0,14
0,-1,46,0,15
0,-1,43,0,15
0,-1,43,0,16
0,-1,42,0,14
0,-1,42,0,15
0,-1,43,0,16
0,-1,41,0,15
0,-1,43,0,15
0,-1,39,0,14
0,-1,38,0,14
0,-1,39,0,14
0,-1,39,0,15
0,-1,42,0,15
0,-1,38,0,14
0,-1,39,0,15
0,-1,38,0,14
0,-1,39,0,13
0,-1,40,0,14
0,-1,38,0,15
0,-1,42,0,16
0,-1,40,0,14
0,-1,40,0,15
0,-1,41,0,15
0,-1,43,0,14
0,-1,43,0,13
0,-1,39,0,13
0,-1,42,0,15
0,-1,41,0,14
0,-1,41,0,14
